[2026-10-08 17:25:23Z INFO HostContext] No proxy settings were found based on environmental variables (http_proxy/https_proxy/HTTP_PROXY/HTTPS_PROXY)
[2026-10-08 17:25:23Z INFO HostContext] Well known directory 'Bin': 'C:\Users\neo_o\Desktop\Github Practicas\Users\actions-runner\bin'
[2026-10-08 17:25:23Z INFO HostContext] Well known directory 'Root': 'C:\Users\neo_o\Desktop\Github Practicas\Users\actions-runner'
[2026-10-08 17:25:23Z INFO HostContext] Well known config file 'Credentials': 'C:\Users\neo_o\Desktop\Github Practicas\Users\actions-runner\.credentials'
[2026-10-08 17:25:23Z INFO HostContext] Well known directory 'Bin': 'C:\Users\neo_o\Desktop\Github Practicas\Users\actions-runner\bin'
[2026-10-08 17:25:23Z INFO HostContext] Well known directory 'Root': 'C:\Users\neo_o\Desktop\Github Practicas\Users\actions-runner'
[2026-10-08 17:25:23Z INFO HostContext] Well known config file 'Runner': 'C:\Users\neo_o\Desktop\Github Practicas\Users\actions-runner\.runner'
[2026-10-08 17:25:23Z INFO Listener] Runner is built for Windows (X64) - win-x64.
[2026-10-08 17:25:23Z INFO Listener] RuntimeInformation: Microsoft Windows 10.0.26200.
[2026-10-08 17:25:23Z INFO Listener] Version: 2.337.0
[2026-10-08 17:25:23Z INFO Listener] Commit: 397b032cbf865e9c3ddfab89d533ec19325e1273
[2026-10-08 17:25:23Z INFO Listener] Culture: es-ES
[2026-10-08 17:25:23Z INFO Listener] UI Culture: es-ES
[2026-10-08 17:25:23Z INFO HostContext] Well known directory 'Bin': 'C:\Users\neo_o\Desktop\Github Practicas\Users\actions-runner\bin'
[2026-10-08 17:25:23Z INFO HostContext] Well known directory 'Root': 'C:\Users\neo_o\Desktop\Github Practicas\Users\actions-runner'
[2026-10-08 17:25:23Z INFO Listener] Validating directory permissions for: 'C:\Users\neo_o\Desktop\Github Practicas\Users\actions-runner'
[2026-10-08 17:25:23Z INFO CommandLineParser] Parse
[2026-10-08 17:25:23Z INFO CommandLineParser] Parsing 2 args
[2026-10-08 17:25:23Z INFO CommandLineParser] parsing argument
[2026-10-08 17:25:23Z INFO CommandLineParser] HasArgs: False
[2026-10-08 17:25:23Z INFO CommandLineParser] Adding Command: run
[2026-10-08 17:25:23Z INFO CommandLineParser] parsing argument
[2026-10-08 17:25:23Z INFO CommandLineParser] HasArgs: False
[2026-10-08 17:25:23Z INFO CommandLineParser] Adding Command: .cmd
[2026-10-08 17:25:23Z INFO Listener] Arguments parsed
[2026-10-08 17:25:23Z INFO CommandSettings] Command 'configure': 'False'
[2026-10-08 17:25:23Z INFO CommandSettings] Command 'remove': 'False'
[2026-10-08 17:25:23Z INFO CommandSettings] Command 'run': 'True'
[2026-10-08 17:25:23Z ERR  Terminal] WRITE ERROR: Unrecognized command-line input arguments for command run: '.cmd'. For usage refer to: .\config.cmd --help or ./config.sh --help
[2026-10-08 17:25:23Z INFO Runner] ExecuteCommand
[2026-10-08 17:25:23Z INFO ConfigurationStore] currentAssemblyLocation: C:\Users\neo_o\Desktop\Github Practicas\Users\actions-runner\bin\Runner.Listener.dll
[2026-10-08 17:25:23Z INFO HostContext] Well known directory 'Bin': 'C:\Users\neo_o\Desktop\Github Practicas\Users\actions-runner\bin'
[2026-10-08 17:25:23Z INFO ConfigurationStore] binPath: C:\Users\neo_o\Desktop\Github Practicas\Users\actions-runner\bin
[2026-10-08 17:25:23Z INFO HostContext] Well known directory 'Bin': 'C:\Users\neo_o\Desktop\Github Practicas\Users\actions-runner\bin'
[2026-10-08 17:25:23Z INFO HostContext] Well known directory 'Root': 'C:\Users\neo_o\Desktop\Github Practicas\Users\actions-runner'
[2026-10-08 17:25:23Z INFO ConfigurationStore] RootFolder: C:\Users\neo_o\Desktop\Github Practicas\Users\actions-runner
[2026-10-08 17:25:23Z INFO HostContext] Well known directory 'Bin': 'C:\Users\neo_o\Desktop\Github Practicas\Users\actions-runner\bin'
[2026-10-08 17:25:23Z INFO HostContext] Well known directory 'Root': 'C:\Users\neo_o\Desktop\Github Practicas\Users\actions-runner'
[2026-10-08 17:25:23Z INFO HostContext] Well known config file 'Runner': 'C:\Users\neo_o\Desktop\Github Practicas\Users\actions-runner\.runner'
[2026-10-08 17:25:23Z INFO ConfigurationStore] ConfigFilePath: C:\Users\neo_o\Desktop\Github Practicas\Users\actions-runner\.runner
[2026-10-08 17:25:23Z INFO HostContext] Well known directory 'Bin': 'C:\Users\neo_o\Desktop\Github Practicas\Users\actions-runner\bin'
[2026-10-08 17:25:23Z INFO HostContext] Well known directory 'Root': 'C:\Users\neo_o\Desktop\Github Practicas\Users\actions-runner'
[2026-10-08 17:25:23Z INFO HostContext] Well known config file 'MigratedRunner': 'C:\Users\neo_o\Desktop\Github Practicas\Users\actions-runner\.runner_migrated'
[2026-10-08 17:25:23Z INFO ConfigurationStore] MigratedConfigFilePath: C:\Users\neo_o\Desktop\Github Practicas\Users\actions-runner\.runner_migrated
[2026-10-08 17:25:23Z INFO HostContext] Well known directory 'Bin': 'C:\Users\neo_o\Desktop\Github Practicas\Users\actions-runner\bin'
[2026-10-08 17:25:23Z INFO HostContext] Well known directory 'Root': 'C:\Users\neo_o\Desktop\Github Practicas\Users\actions-runner'
[2026-10-08 17:25:23Z INFO HostContext] Well known config file 'Credentials': 'C:\Users\neo_o\Desktop\Github Practicas\Users\actions-runner\.credentials'
[2026-10-08 17:25:23Z INFO ConfigurationStore] CredFilePath: C:\Users\neo_o\Desktop\Github Practicas\Users\actions-runner\.credentials
[2026-10-08 17:25:23Z INFO HostContext] Well known directory 'Bin': 'C:\Users\neo_o\Desktop\Github Practicas\Users\actions-runner\bin'
[2026-10-08 17:25:23Z INFO HostContext] Well known directory 'Root': 'C:\Users\neo_o\Desktop\Github Practicas\Users\actions-runner'
[2026-10-08 17:25:23Z INFO HostContext] Well known config file 'MigratedCredentials': 'C:\Users\neo_o\Desktop\Github Practicas\Users\actions-runner\.credentials_migrated'
[2026-10-08 17:25:23Z INFO ConfigurationStore] MigratedCredFilePath: C:\Users\neo_o\Desktop\Github Practicas\Users\actions-runner\.credentials_migrated
[2026-10-08 17:25:23Z INFO HostContext] Well known directory 'Bin': 'C:\Users\neo_o\Desktop\Github Practicas\Users\actions-runner\bin'
[2026-10-08 17:25:23Z INFO HostContext] Well known directory 'Root': 'C:\Users\neo_o\Desktop\Github Practicas\Users\actions-runner'
[2026-10-08 17:25:23Z INFO HostContext] Well known config file 'Service': 'C:\Users\neo_o\Desktop\Github Practicas\Users\actions-runner\.service'
[2026-10-08 17:25:23Z INFO ConfigurationStore] ServiceConfigFilePath: C:\Users\neo_o\Desktop\Github Practicas\Users\actions-runner\.service
[2026-10-08 17:25:23Z INFO CommandSettings] Flag 'help': 'False'
[2026-10-08 17:25:23Z INFO CommandSettings] Flag 'version': 'False'
[2026-10-08 17:25:23Z INFO CommandSettings] Flag 'commit': 'False'
[2026-10-08 17:25:23Z INFO CommandSettings] Flag 'check': 'False'
[2026-10-08 17:25:23Z INFO CommandSettings] Command 'configure': 'False'
[2026-10-08 17:25:23Z INFO CommandSettings] Command 'remove': 'False'
[2026-10-08 17:25:23Z INFO CommandSettings] Command 'warmup': 'False'
[2026-10-08 17:25:23Z INFO ConfigurationManager] LoadSettings
[2026-10-08 17:25:23Z INFO ConfigurationStore] IsConfigured()
[2026-10-08 17:25:23Z INFO ConfigurationStore] IsConfigured: True
[2026-10-08 17:25:23Z INFO ConfigurationManager] Is configured: True
[2026-10-08 17:25:23Z INFO ConfigurationStore] Read setting file: 398 chars
[2026-10-08 17:25:23Z INFO ConfigurationManager] Settings Loaded
[2026-10-08 17:25:23Z INFO ConfigurationStore] IsServiceConfigured()
[2026-10-08 17:25:23Z INFO ConfigurationStore] IsServiceConfigured: False
[2026-10-08 17:25:23Z INFO CommandSettings] Command 'run': 'True'
[2026-10-08 17:25:23Z INFO ConfigurationStore] IsConfigured()
[2026-10-08 17:25:23Z INFO ConfigurationStore] IsConfigured: True
[2026-10-08 17:25:23Z INFO ConfigurationManager] Is configured: True
[2026-10-08 17:25:23Z INFO Runner] Could not parse the argument value '' for StartupType. Defaulting to Manual
[2026-10-08 17:25:23Z INFO Runner] Set runner startup type - Manual
[2026-10-08 17:25:23Z INFO CommandSettings] Flag 'once': 'False'
[2026-10-08 17:25:23Z INFO CommandSettings] Flag 'once': 'False'
[2026-10-08 17:25:23Z INFO Runner] RunAsync
[2026-10-08 17:25:23Z INFO HostContext] Well known directory 'Bin': 'C:\Users\neo_o\Desktop\Github Practicas\Users\actions-runner\bin'
[2026-10-08 17:25:23Z INFO HostContext] Well known directory 'Root': 'C:\Users\neo_o\Desktop\Github Practicas\Users\actions-runner'
[2026-10-08 17:25:23Z INFO HostContext] Well known directory 'Work': 'C:\Users\neo_o\Desktop\Github Practicas\Users\actions-runner\_work'
[2026-10-08 17:25:23Z INFO Runner] Validating directory permissions for: 'C:\Users\neo_o\Desktop\Github Practicas\Users\actions-runner\_work'
[2026-10-08 17:25:23Z INFO ConfigurationManager] LoadMigratedSettings
[2026-10-08 17:25:23Z INFO ConfigurationStore] IsMigratedConfigured()
[2026-10-08 17:25:23Z INFO ConfigurationStore] IsMigratedConfigured: True
[2026-10-08 17:25:23Z INFO ConfigurationStore] Read migrated setting file: 398 chars
[2026-10-08 17:25:23Z INFO ConfigurationManager] Migrated Settings Loaded
[2026-10-08 17:25:23Z INFO Runner] Loaded migrated settings from .runner_migrated file
[2026-10-08 17:25:23Z INFO Runner] {
  "AgentId": 22,
  "AgentName": "DESKTOP-DQK7SKT",
  "PoolId": 1,
  "PoolName": "Default",
  "ServerUrl": "https://pipelinesghubeus3.actions.githubusercontent.com/lRIrfmhBQOQOisN18JBIOeSYw7t1EHpkUDnQoMLIBXODqc7uyt/",
  "GitHubUrl": "https://github.com/Alejfk/Colaborative",
  "WorkFolder": "_work",
  "UseV2Flow": true,
  "ServerUrlV2": "https://broker.actions.githubusercontent.com/"
}
[2026-10-08 17:25:23Z INFO Runner] Attempting to create session using migrated settings
[2026-10-08 17:25:23Z INFO Runner] Using BrokerMessageListener
[2026-10-08 17:25:23Z INFO BrokerMessageListener] Using provided settings
[2026-10-08 17:25:23Z INFO BrokerMessageListener] Using migrated settings from .runner_migrated
[2026-10-08 17:25:23Z INFO BrokerMessageListener] {
  "AgentId": 22,
  "AgentName": "DESKTOP-DQK7SKT",
  "PoolId": 1,
  "PoolName": "Default",
  "ServerUrl": "https://pipelinesghubeus3.actions.githubusercontent.com/lRIrfmhBQOQOisN18JBIOeSYw7t1EHpkUDnQoMLIBXODqc7uyt/",
  "GitHubUrl": "https://github.com/Alejfk/Colaborative",
  "WorkFolder": "_work",
  "UseV2Flow": true,
  "ServerUrlV2": "https://broker.actions.githubusercontent.com/"
}
[2026-10-08 17:25:23Z INFO BrokerMessageListener] Loading Credentials
[2026-10-08 17:25:23Z INFO ConfigurationStore] HasCredentials()
[2026-10-08 17:25:23Z INFO ConfigurationStore] stored True
[2026-10-08 17:25:23Z INFO CredentialManager] GetCredentialProvider
[2026-10-08 17:25:23Z INFO CredentialManager] Creating type OAuth
[2026-10-08 17:25:23Z INFO CredentialManager] Creating credential type: OAuth
[2026-10-08 17:25:23Z INFO HostContext] Well known directory 'Bin': 'C:\Users\neo_o\Desktop\Github Practicas\Users\actions-runner\bin'
[2026-10-08 17:25:23Z INFO HostContext] Well known directory 'Root': 'C:\Users\neo_o\Desktop\Github Practicas\Users\actions-runner'
[2026-10-08 17:25:23Z INFO HostContext] Well known config file 'RSACredentials': 'C:\Users\neo_o\Desktop\Github Practicas\Users\actions-runner\.credentials_rsaparams'
[2026-10-08 17:25:23Z INFO RSAEncryptedFileKeyManager] Loading RSA key parameters from file C:\Users\neo_o\Desktop\Github Practicas\Users\actions-runner\.credentials_rsaparams
[2026-10-08 17:25:23Z INFO BrokerMessageListener] Attempt to create session.
[2026-10-08 17:25:23Z INFO BrokerMessageListener] Connecting to the Broker Server...
[2026-10-08 17:25:23Z INFO ConfigurationStore] HasCredentials()
[2026-10-08 17:25:23Z INFO ConfigurationStore] stored True
[2026-10-08 17:25:23Z INFO CredentialManager] GetCredentialProvider
[2026-10-08 17:25:23Z INFO CredentialManager] Creating type OAuth
[2026-10-08 17:25:23Z INFO CredentialManager] Creating credential type: OAuth
[2026-10-08 17:25:23Z INFO RSAEncryptedFileKeyManager] Loading RSA key parameters from file C:\Users\neo_o\Desktop\Github Practicas\Users\actions-runner\.credentials_rsaparams
[2026-10-08 17:25:23Z INFO BrokerMessageListener] VssConnection created
[2026-10-08 17:25:23Z INFO BrokerMessageListener] Connecting to the Runner server...
[2026-10-08 17:25:23Z INFO RunnerServer] EstablishVssConnection
[2026-10-08 17:25:23Z INFO RunnerServer] Establish connection with 100 seconds timeout.
[2026-10-08 17:25:23Z INFO GitHubActionsService] Starting operation Location.GetConnectionData
[2026-10-08 17:25:23Z INFO RunnerServer] EstablishVssConnection
[2026-10-08 17:25:23Z INFO RunnerServer] Establish connection with 60 seconds timeout.
[2026-10-08 17:25:23Z INFO GitHubActionsService] Starting operation Location.GetConnectionData
[2026-10-08 17:25:23Z INFO RunnerServer] EstablishVssConnection
[2026-10-08 17:25:23Z INFO RunnerServer] Establish connection with 60 seconds timeout.
[2026-10-08 17:25:23Z INFO GitHubActionsService] Starting operation Location.GetConnectionData
[2026-10-08 17:25:24Z INFO GitHubActionsService] Finished operation Location.GetConnectionData
[2026-10-08 17:25:24Z INFO GitHubActionsService] Finished operation Location.GetConnectionData
[2026-10-08 17:25:24Z INFO GitHubActionsService] Finished operation Location.GetConnectionData
[2026-10-08 17:25:24Z INFO BrokerMessageListener] VssConnection created
[2026-10-08 17:25:24Z INFO Terminal] WRITE LINE: 
[2026-10-08 17:25:24Z INFO Terminal] WRITE LINE: 
[2026-10-08 17:25:24Z INFO RSAEncryptedFileKeyManager] Loading RSA key parameters from file C:\Users\neo_o\Desktop\Github Practicas\Users\actions-runner\.credentials_rsaparams
[2026-10-08 17:25:24Z INFO RSAEncryptedFileKeyManager] Loading RSA key parameters from file C:\Users\neo_o\Desktop\Github Practicas\Users\actions-runner\.credentials_rsaparams
[2026-10-08 17:25:25Z INFO GitHubActionsService] AAD Correlation ID for this token request: Unknown
[2026-10-08 17:25:25Z INFO BrokerMessageListener] Session created.
[2026-10-08 17:25:25Z INFO Runner] Successfully created session with migrated settings
[2026-10-08 17:25:25Z INFO Terminal] WRITE LINE: Current runner version: '2.337.0'
[2026-10-08 17:25:25Z INFO Terminal] WRITE LINE: 2026-10-08 17:25:25Z: Listening for Jobs
[2026-10-08 17:25:25Z INFO JobDispatcher] Set runner/worker IPC timeout to 30 seconds.
[2026-10-08 17:26:02Z INFO BrokerMessageListener] Acknowledging runner request 'df743633-1451-528e-b502-1c6b4c3f7ad7'.
[2026-10-08 17:26:03Z INFO ConfigurationStore] HasCredentials()
[2026-10-08 17:26:03Z INFO ConfigurationStore] stored True
[2026-10-08 17:26:03Z INFO CredentialManager] GetCredentialProvider
[2026-10-08 17:26:03Z INFO CredentialManager] Creating type OAuth
[2026-10-08 17:26:03Z INFO CredentialManager] Creating credential type: OAuth
[2026-10-08 17:26:03Z INFO RSAEncryptedFileKeyManager] Loading RSA key parameters from file C:\Users\neo_o\Desktop\Github Practicas\Users\actions-runner\.credentials_rsaparams
[2026-10-08 17:26:03Z INFO RSAEncryptedFileKeyManager] Loading RSA key parameters from file C:\Users\neo_o\Desktop\Github Practicas\Users\actions-runner\.credentials_rsaparams
[2026-10-08 17:26:03Z INFO RSAEncryptedFileKeyManager] Loading RSA key parameters from file C:\Users\neo_o\Desktop\Github Practicas\Users\actions-runner\.credentials_rsaparams
[2026-10-08 17:26:03Z INFO GitHubActionsService] AAD Correlation ID for this token request: Unknown
[2026-10-08 17:26:04Z INFO JobDispatcher] Job request 0 for plan be2656ab-292b-84d1-9164-ec5c9819f839 job df743633-1451-528e-b502-1c6b4c3f7ad7 received.
[2026-10-08 17:26:04Z INFO JobDispatcher] Pull OrchestrationId be2656ab-292b-84d1-9164-ec5c9819f839.validate-prod.__default from JWT claims
[2026-10-08 17:26:04Z INFO BrokerMessageListener] Received job status event. JobState: Busy
[2026-10-08 17:26:04Z INFO BrokerMessageListener] _getMessagesTokenSource is already disposed.
[2026-10-08 17:26:04Z INFO Terminal] WRITE LINE: 2026-10-08 17:26:04Z: Running job: validate-prod
[2026-10-08 17:26:04Z INFO JobDispatcher] Start renew job request 0 for job df743633-1451-528e-b502-1c6b4c3f7ad7.
[2026-10-08 17:26:04Z INFO JobDispatcher] Successfully renew job df743633-1451-528e-b502-1c6b4c3f7ad7, job is valid till 08/10/2026 17:36:00
[2026-10-08 17:26:04Z INFO HostContext] Well known directory 'Bin': 'C:\Users\neo_o\Desktop\Github Practicas\Users\actions-runner\bin'
[2026-10-08 17:26:04Z INFO ProcessInvokerWrapper] Starting process:
[2026-10-08 17:26:04Z INFO ProcessInvokerWrapper]   File name: 'C:\Users\neo_o\Desktop\Github Practicas\Users\actions-runner\bin\Runner.Worker.exe'
[2026-10-08 17:26:04Z INFO ProcessInvokerWrapper]   Arguments: 'spawnclient 1508 1580'
[2026-10-08 17:26:04Z INFO ProcessInvokerWrapper]   Working directory: 'C:\Users\neo_o\Desktop\Github Practicas\Users\actions-runner\bin'
[2026-10-08 17:26:04Z INFO ProcessInvokerWrapper]   Require exit code zero: 'False'
[2026-10-08 17:26:04Z INFO ProcessInvokerWrapper]   Encoding web name:  ; code page: ''
[2026-10-08 17:26:04Z INFO ProcessInvokerWrapper]   Force kill process on cancellation: 'True'
[2026-10-08 17:26:04Z INFO ProcessInvokerWrapper]   Redirected STDIN: 'False'
[2026-10-08 17:26:04Z INFO ProcessInvokerWrapper]   Persist current code page: 'False'
[2026-10-08 17:26:04Z INFO ProcessInvokerWrapper]   Keep redirected STDIN open: 'False'
[2026-10-08 17:26:04Z INFO ProcessInvokerWrapper]   High priority process: 'True'
[2026-10-08 17:26:04Z INFO ProcessInvokerWrapper] Process started with process id 21288, waiting for process exit.
[2026-10-08 17:26:04Z INFO JobDispatcher] Send job request message to worker for job df743633-1451-528e-b502-1c6b4c3f7ad7.
[2026-10-08 17:26:04Z INFO ProcessChannel] Sending message of length 22185, with hash 'f10b64bd92e481413e90554aa6b2d873b3952d46c1d4a8ddedcb4a72cd10058e'
[2026-10-08 17:26:05Z INFO JobNotification] Entering JobStarted Notification
[2026-10-08 17:26:05Z INFO JobNotification] Entering StartMonitor
[2026-10-08 17:26:39Z INFO ProcessInvokerWrapper] STDOUT/STDERR stream read finished.
[2026-10-08 17:26:39Z INFO ProcessInvokerWrapper] STDOUT/STDERR stream read finished.
[2026-10-08 17:26:39Z INFO ProcessInvokerWrapper] Finished process 21288 with exit code 102, and elapsed time 00:00:34.5796943.
[2026-10-08 17:26:39Z INFO JobDispatcher] Worker finished for job df743633-1451-528e-b502-1c6b4c3f7ad7. Code: 102
[2026-10-08 17:26:39Z INFO JobDispatcher] finish job request for job df743633-1451-528e-b502-1c6b4c3f7ad7 with result: Failed
[2026-10-08 17:26:39Z INFO Terminal] WRITE LINE: 2026-10-08 17:26:39Z: Job validate-prod completed with result: Failed
[2026-10-08 17:26:39Z INFO JobDispatcher] Stop renew job request for job df743633-1451-528e-b502-1c6b4c3f7ad7.
[2026-10-08 17:26:39Z INFO JobDispatcher] job renew has been cancelled, stop renew job df743633-1451-528e-b502-1c6b4c3f7ad7.
[2026-10-08 17:26:39Z INFO JobNotification] Entering JobCompleted Notification
[2026-10-08 17:26:39Z INFO JobNotification] Entering EndMonitor
[2026-10-08 17:26:39Z INFO BrokerMessageListener] Received job status event. JobState: Online
[2026-10-08 17:26:39Z WARN GitHubActionsService] GET request to https://broker.actions.githubusercontent.com/message?sessionId=81cfdd13-22de-4d75-b670-0e21c5c7dbb6&status=Busy&runnerVersion=2.337.0&os=Windows&architecture=X64&disableUpdate=false has been cancelled.
[2026-10-08 17:26:39Z ERR  BrokerServer] Catch exception during request
[2026-10-08 17:26:39Z ERR  BrokerServer] System.Threading.Tasks.TaskCanceledException: The operation was canceled.
 ---> System.Threading.Tasks.TaskCanceledException: The operation was canceled.
 ---> System.IO.IOException: Unable to read data from the transport connection: La operación de E/S se anuló por una salida de subproceso o por una solicitud de aplicación..
 ---> System.Net.Sockets.SocketException (995): La operación de E/S se anuló por una salida de subproceso o por una solicitud de aplicación.
   --- End of inner exception stack trace ---
   at System.Net.Sockets.Socket.AwaitableSocketAsyncEventArgs.ThrowException(SocketError error, CancellationToken cancellationToken)
   at System.Net.Sockets.Socket.AwaitableSocketAsyncEventArgs.System.Threading.Tasks.Sources.IValueTaskSource<System.Int32>.GetResult(Int16 token)
   at System.Net.Security.SslStream.EnsureFullTlsFrameAsync[TIOAdapter](CancellationToken cancellationToken, Int32 estimatedSize)
   at System.Runtime.CompilerServices.PoolingAsyncValueTaskMethodBuilder`1.StateMachineBox`1.System.Threading.Tasks.Sources.IValueTaskSource<TResult>.GetResult(Int16 token)
   at System.Net.Security.SslStream.ReadAsyncInternal[TIOAdapter](Memory`1 buffer, CancellationToken cancellationToken)
   at System.Runtime.CompilerServices.PoolingAsyncValueTaskMethodBuilder`1.StateMachineBox`1.System.Threading.Tasks.Sources.IValueTaskSource<TResult>.GetResult(Int16 token)
   at System.Net.Http.HttpConnection.SendAsync(HttpRequestMessage request, Boolean async, CancellationToken cancellationToken)
   --- End of inner exception stack trace ---
   at System.Net.Http.HttpConnection.SendAsync(HttpRequestMessage request, Boolean async, CancellationToken cancellationToken)
   at System.Net.Http.AuthenticationHelper.SendWithNtAuthAsync(HttpRequestMessage request, Uri authUri, Boolean async, ICredentials credentials, Boolean isProxyAuth, HttpConnection connection, HttpConnectionPool connectionPool, CancellationToken cancellationToken)
   at System.Net.Http.HttpConnectionPool.SendWithVersionDetectionAndRetryAsync(HttpRequestMessage request, Boolean async, Boolean doRequestAuth, CancellationToken cancellationToken)
   at System.Net.Http.AuthenticationHelper.SendWithAuthAsync(HttpRequestMessage request, Uri authUri, Boolean async, ICredentials credentials, Boolean preAuthenticate, Boolean isProxyAuth, Boolean doRequestAuth, HttpConnectionPool pool, CancellationToken cancellationToken)
   at System.Net.Http.RedirectHandler.SendAsync(HttpRequestMessage request, Boolean async, CancellationToken cancellationToken)
   at GitHub.Services.Common.RawHttpMessageHandler.SendAsync(HttpRequestMessage request, CancellationToken cancellationToken)
   at GitHub.Services.Common.VssHttpRetryMessageHandler.SendAsync(HttpRequestMessage request, CancellationToken cancellationToken)
   at System.Net.Http.HttpClient.<SendAsync>g__Core|83_0(HttpRequestMessage request, HttpCompletionOption completionOption, CancellationTokenSource cts, Boolean disposeCts, CancellationTokenSource pendingRequestsCts, CancellationToken originalCancellationToken)
   --- End of inner exception stack trace ---
   at System.Net.Http.HttpClient.HandleFailure(Exception e, Boolean telemetryStarted, HttpResponseMessage response, CancellationTokenSource cts, CancellationToken cancellationToken, CancellationTokenSource pendingRequestsCts)
   at System.Net.Http.HttpClient.<SendAsync>g__Core|83_0(HttpRequestMessage request, HttpCompletionOption completionOption, CancellationTokenSource cts, Boolean disposeCts, CancellationTokenSource pendingRequestsCts, CancellationToken originalCancellationToken)
   at Sdk.WebApi.WebApi.RawHttpClientBase.SendAsync(HttpRequestMessage message, HttpCompletionOption completionOption, Object userState, CancellationToken cancellationToken)
   at Sdk.WebApi.WebApi.RawHttpClientBase.SendAsync[T](HttpRequestMessage message, Boolean readErrorBody, Object userState, CancellationToken cancellationToken)
   at Sdk.WebApi.WebApi.RawHttpClientBase.SendAsync[T](HttpMethod method, IEnumerable`1 additionalHeaders, Uri requestUri, HttpContent content, IEnumerable`1 queryParameters, Boolean readErrorBody, Object userState, CancellationToken cancellationToken)
   at GitHub.Actions.RunService.WebApi.BrokerHttpClient.GetRunnerMessageAsync(Nullable`1 sessionId, String runnerVersion, Nullable`1 status, String os, String architecture, Nullable`1 disableUpdate, CancellationToken cancellationToken)
   at GitHub.Runner.Common.BrokerServer.<>c__DisplayClass7_0.<<GetRunnerMessageAsync>b__0>d.MoveNext()
--- End of stack trace from previous location ---
   at GitHub.Runner.Common.RunnerService.RetryRequest[T](Func`1 func, CancellationToken cancellationToken, Int32 maxAttempts, Func`2 shouldRetry)
[2026-10-08 17:26:39Z ERR  BrokerServer] #####################################################
[2026-10-08 17:26:39Z ERR  BrokerServer] System.Threading.Tasks.TaskCanceledException: The operation was canceled.
 ---> System.IO.IOException: Unable to read data from the transport connection: La operación de E/S se anuló por una salida de subproceso o por una solicitud de aplicación..
 ---> System.Net.Sockets.SocketException (995): La operación de E/S se anuló por una salida de subproceso o por una solicitud de aplicación.
   --- End of inner exception stack trace ---
   at System.Net.Sockets.Socket.AwaitableSocketAsyncEventArgs.ThrowException(SocketError error, CancellationToken cancellationToken)
   at System.Net.Sockets.Socket.AwaitableSocketAsyncEventArgs.System.Threading.Tasks.Sources.IValueTaskSource<System.Int32>.GetResult(Int16 token)
   at System.Net.Security.SslStream.EnsureFullTlsFrameAsync[TIOAdapter](CancellationToken cancellationToken, Int32 estimatedSize)
   at System.Runtime.CompilerServices.PoolingAsyncValueTaskMethodBuilder`1.StateMachineBox`1.System.Threading.Tasks.Sources.IValueTaskSource<TResult>.GetResult(Int16 token)
   at System.Net.Security.SslStream.ReadAsyncInternal[TIOAdapter](Memory`1 buffer, CancellationToken cancellationToken)
   at System.Runtime.CompilerServices.PoolingAsyncValueTaskMethodBuilder`1.StateMachineBox`1.System.Threading.Tasks.Sources.IValueTaskSource<TResult>.GetResult(Int16 token)
   at System.Net.Http.HttpConnection.SendAsync(HttpRequestMessage request, Boolean async, CancellationToken cancellationToken)
   --- End of inner exception stack trace ---
   at System.Net.Http.HttpConnection.SendAsync(HttpRequestMessage request, Boolean async, CancellationToken cancellationToken)
   at System.Net.Http.AuthenticationHelper.SendWithNtAuthAsync(HttpRequestMessage request, Uri authUri, Boolean async, ICredentials credentials, Boolean isProxyAuth, HttpConnection connection, HttpConnectionPool connectionPool, CancellationToken cancellationToken)
   at System.Net.Http.HttpConnectionPool.SendWithVersionDetectionAndRetryAsync(HttpRequestMessage request, Boolean async, Boolean doRequestAuth, CancellationToken cancellationToken)
   at System.Net.Http.AuthenticationHelper.SendWithAuthAsync(HttpRequestMessage request, Uri authUri, Boolean async, ICredentials credentials, Boolean preAuthenticate, Boolean isProxyAuth, Boolean doRequestAuth, HttpConnectionPool pool, CancellationToken cancellationToken)
   at System.Net.Http.RedirectHandler.SendAsync(HttpRequestMessage request, Boolean async, CancellationToken cancellationToken)
   at GitHub.Services.Common.RawHttpMessageHandler.SendAsync(HttpRequestMessage request, CancellationToken cancellationToken)
   at GitHub.Services.Common.VssHttpRetryMessageHandler.SendAsync(HttpRequestMessage request, CancellationToken cancellationToken)
   at System.Net.Http.HttpClient.<SendAsync>g__Core|83_0(HttpRequestMessage request, HttpCompletionOption completionOption, CancellationTokenSource cts, Boolean disposeCts, CancellationTokenSource pendingRequestsCts, CancellationToken originalCancellationToken)
[2026-10-08 17:26:39Z ERR  BrokerServer] #####################################################
[2026-10-08 17:26:39Z ERR  BrokerServer] System.IO.IOException: Unable to read data from the transport connection: La operación de E/S se anuló por una salida de subproceso o por una solicitud de aplicación..
 ---> System.Net.Sockets.SocketException (995): La operación de E/S se anuló por una salida de subproceso o por una solicitud de aplicación.
   --- End of inner exception stack trace ---
   at System.Net.Sockets.Socket.AwaitableSocketAsyncEventArgs.ThrowException(SocketError error, CancellationToken cancellationToken)
   at System.Net.Sockets.Socket.AwaitableSocketAsyncEventArgs.System.Threading.Tasks.Sources.IValueTaskSource<System.Int32>.GetResult(Int16 token)
   at System.Net.Security.SslStream.EnsureFullTlsFrameAsync[TIOAdapter](CancellationToken cancellationToken, Int32 estimatedSize)
   at System.Runtime.CompilerServices.PoolingAsyncValueTaskMethodBuilder`1.StateMachineBox`1.System.Threading.Tasks.Sources.IValueTaskSource<TResult>.GetResult(Int16 token)
   at System.Net.Security.SslStream.ReadAsyncInternal[TIOAdapter](Memory`1 buffer, CancellationToken cancellationToken)
   at System.Runtime.CompilerServices.PoolingAsyncValueTaskMethodBuilder`1.StateMachineBox`1.System.Threading.Tasks.Sources.IValueTaskSource<TResult>.GetResult(Int16 token)
   at System.Net.Http.HttpConnection.SendAsync(HttpRequestMessage request, Boolean async, CancellationToken cancellationToken)
[2026-10-08 17:26:39Z ERR  BrokerServer] #####################################################
[2026-10-08 17:26:39Z ERR  BrokerServer] System.Net.Sockets.SocketException (995): La operación de E/S se anuló por una salida de subproceso o por una solicitud de aplicación.
[2026-10-08 17:26:39Z WARN BrokerServer] Back off 8,075 seconds before next retry. 4 attempt left.
[2026-10-08 17:26:39Z INFO BrokerMessageListener] Get messages has been cancelled using local token source. Continue to get messages with new status.
[2026-10-08 17:30:38Z INFO BrokerMessageListener] Acknowledging runner request '7a8697bd-cd4a-5e84-a426-0802e15e13b2'.
[2026-10-08 17:30:38Z INFO ConfigurationStore] HasCredentials()
[2026-10-08 17:30:38Z INFO ConfigurationStore] stored True
[2026-10-08 17:30:38Z INFO CredentialManager] GetCredentialProvider
[2026-10-08 17:30:38Z INFO CredentialManager] Creating type OAuth
[2026-10-08 17:30:38Z INFO CredentialManager] Creating credential type: OAuth
[2026-10-08 17:30:38Z INFO RSAEncryptedFileKeyManager] Loading RSA key parameters from file C:\Users\neo_o\Desktop\Github Practicas\Users\actions-runner\.credentials_rsaparams
[2026-10-08 17:30:38Z INFO RSAEncryptedFileKeyManager] Loading RSA key parameters from file C:\Users\neo_o\Desktop\Github Practicas\Users\actions-runner\.credentials_rsaparams
[2026-10-08 17:30:38Z INFO RSAEncryptedFileKeyManager] Loading RSA key parameters from file C:\Users\neo_o\Desktop\Github Practicas\Users\actions-runner\.credentials_rsaparams
[2026-10-08 17:30:38Z INFO GitHubActionsService] AAD Correlation ID for this token request: Unknown
[2026-10-08 17:30:39Z INFO JobDispatcher] Job request 0 for plan 3a9b5410-67ae-835d-b268-1cd9f930b515 job 7a8697bd-cd4a-5e84-a426-0802e15e13b2 received.
[2026-10-08 17:30:39Z INFO JobDispatcher] Pull OrchestrationId 3a9b5410-67ae-835d-b268-1cd9f930b515.validate-prod.__default from JWT claims
[2026-10-08 17:30:39Z INFO BrokerMessageListener] Received job status event. JobState: Busy
[2026-10-08 17:30:39Z INFO BrokerMessageListener] _getMessagesTokenSource is already disposed.
[2026-10-08 17:30:39Z INFO JobDispatcher] Job request df743633-1451-528e-b502-1c6b4c3f7ad7 processed succeed.
[2026-10-08 17:30:39Z INFO Terminal] WRITE LINE: 2026-10-08 17:30:39Z: Running job: validate-prod
[2026-10-08 17:30:39Z INFO JobDispatcher] Start renew job request 0 for job 7a8697bd-cd4a-5e84-a426-0802e15e13b2.
[2026-10-08 17:30:40Z INFO JobDispatcher] Successfully renew job 7a8697bd-cd4a-5e84-a426-0802e15e13b2, job is valid till 08/10/2026 17:40:35
[2026-10-08 17:30:40Z INFO HostContext] Well known directory 'Bin': 'C:\Users\neo_o\Desktop\Github Practicas\Users\actions-runner\bin'
[2026-10-08 17:30:40Z INFO ProcessInvokerWrapper] Starting process:
[2026-10-08 17:30:40Z INFO ProcessInvokerWrapper]   File name: 'C:\Users\neo_o\Desktop\Github Practicas\Users\actions-runner\bin\Runner.Worker.exe'
[2026-10-08 17:30:40Z INFO ProcessInvokerWrapper]   Arguments: 'spawnclient 2080 1536'
[2026-10-08 17:30:40Z INFO ProcessInvokerWrapper]   Working directory: 'C:\Users\neo_o\Desktop\Github Practicas\Users\actions-runner\bin'
[2026-10-08 17:30:40Z INFO ProcessInvokerWrapper]   Require exit code zero: 'False'
[2026-10-08 17:30:40Z INFO ProcessInvokerWrapper]   Encoding web name:  ; code page: ''
[2026-10-08 17:30:40Z INFO ProcessInvokerWrapper]   Force kill process on cancellation: 'True'
[2026-10-08 17:30:40Z INFO ProcessInvokerWrapper]   Redirected STDIN: 'False'
[2026-10-08 17:30:40Z INFO ProcessInvokerWrapper]   Persist current code page: 'False'
[2026-10-08 17:30:40Z INFO ProcessInvokerWrapper]   Keep redirected STDIN open: 'False'
[2026-10-08 17:30:40Z INFO ProcessInvokerWrapper]   High priority process: 'True'
[2026-10-08 17:30:40Z INFO ProcessInvokerWrapper] Process started with process id 26112, waiting for process exit.
[2026-10-08 17:30:40Z INFO JobDispatcher] Send job request message to worker for job 7a8697bd-cd4a-5e84-a426-0802e15e13b2.
[2026-10-08 17:30:40Z INFO ProcessChannel] Sending message of length 22186, with hash 'f9e37948f3853c95cbcf564c088b08b70b768d85213fba9117496dbd41ce4487'
[2026-10-08 17:30:40Z INFO JobNotification] Entering JobStarted Notification
[2026-10-08 17:30:40Z INFO JobNotification] Entering StartMonitor
[2026-10-08 17:31:15Z INFO ProcessInvokerWrapper] STDOUT/STDERR stream read finished.
[2026-10-08 17:31:15Z INFO ProcessInvokerWrapper] STDOUT/STDERR stream read finished.
[2026-10-08 17:31:15Z INFO ProcessInvokerWrapper] Finished process 26112 with exit code 102, and elapsed time 00:00:35.2129361.
[2026-10-08 17:31:15Z INFO JobDispatcher] Worker finished for job 7a8697bd-cd4a-5e84-a426-0802e15e13b2. Code: 102
[2026-10-08 17:31:15Z INFO JobDispatcher] finish job request for job 7a8697bd-cd4a-5e84-a426-0802e15e13b2 with result: Failed
[2026-10-08 17:31:15Z INFO Terminal] WRITE LINE: 2026-10-08 17:31:15Z: Job validate-prod completed with result: Failed
[2026-10-08 17:31:15Z INFO JobDispatcher] Stop renew job request for job 7a8697bd-cd4a-5e84-a426-0802e15e13b2.
[2026-10-08 17:31:15Z INFO JobDispatcher] job renew has been cancelled, stop renew job 7a8697bd-cd4a-5e84-a426-0802e15e13b2.
[2026-10-08 17:31:15Z INFO JobNotification] Entering JobCompleted Notification
[2026-10-08 17:31:15Z INFO JobNotification] Entering EndMonitor
[2026-10-08 17:31:15Z INFO BrokerMessageListener] Received job status event. JobState: Online
[2026-10-08 17:31:15Z WARN GitHubActionsService] GET request to https://broker.actions.githubusercontent.com/message?sessionId=81cfdd13-22de-4d75-b670-0e21c5c7dbb6&status=Busy&runnerVersion=2.337.0&os=Windows&architecture=X64&disableUpdate=false has been cancelled.
[2026-10-08 17:31:15Z ERR  BrokerServer] Catch exception during request
[2026-10-08 17:31:15Z ERR  BrokerServer] System.Threading.Tasks.TaskCanceledException: The operation was canceled.
 ---> System.Threading.Tasks.TaskCanceledException: The operation was canceled.
 ---> System.IO.IOException: Unable to read data from the transport connection: La operación de E/S se anuló por una salida de subproceso o por una solicitud de aplicación..
 ---> System.Net.Sockets.SocketException (995): La operación de E/S se anuló por una salida de subproceso o por una solicitud de aplicación.
   --- End of inner exception stack trace ---
   at System.Net.Sockets.Socket.AwaitableSocketAsyncEventArgs.ThrowException(SocketError error, CancellationToken cancellationToken)
   at System.Net.Sockets.Socket.AwaitableSocketAsyncEventArgs.System.Threading.Tasks.Sources.IValueTaskSource<System.Int32>.GetResult(Int16 token)
   at System.Net.Security.SslStream.EnsureFullTlsFrameAsync[TIOAdapter](CancellationToken cancellationToken, Int32 estimatedSize)
   at System.Runtime.CompilerServices.PoolingAsyncValueTaskMethodBuilder`1.StateMachineBox`1.System.Threading.Tasks.Sources.IValueTaskSource<TResult>.GetResult(Int16 token)
   at System.Net.Security.SslStream.ReadAsyncInternal[TIOAdapter](Memory`1 buffer, CancellationToken cancellationToken)
   at System.Runtime.CompilerServices.PoolingAsyncValueTaskMethodBuilder`1.StateMachineBox`1.System.Threading.Tasks.Sources.IValueTaskSource<TResult>.GetResult(Int16 token)
   at System.Net.Http.HttpConnection.SendAsync(HttpRequestMessage request, Boolean async, CancellationToken cancellationToken)
   --- End of inner exception stack trace ---
   at System.Net.Http.HttpConnection.SendAsync(HttpRequestMessage request, Boolean async, CancellationToken cancellationToken)
   at System.Net.Http.AuthenticationHelper.SendWithNtAuthAsync(HttpRequestMessage request, Uri authUri, Boolean async, ICredentials credentials, Boolean isProxyAuth, HttpConnection connection, HttpConnectionPool connectionPool, CancellationToken cancellationToken)
   at System.Net.Http.HttpConnectionPool.SendWithVersionDetectionAndRetryAsync(HttpRequestMessage request, Boolean async, Boolean doRequestAuth, CancellationToken cancellationToken)
   at System.Net.Http.AuthenticationHelper.SendWithAuthAsync(HttpRequestMessage request, Uri authUri, Boolean async, ICredentials credentials, Boolean preAuthenticate, Boolean isProxyAuth, Boolean doRequestAuth, HttpConnectionPool pool, CancellationToken cancellationToken)
   at System.Net.Http.RedirectHandler.SendAsync(HttpRequestMessage request, Boolean async, CancellationToken cancellationToken)
   at GitHub.Services.Common.RawHttpMessageHandler.SendAsync(HttpRequestMessage request, CancellationToken cancellationToken)
   at GitHub.Services.Common.VssHttpRetryMessageHandler.SendAsync(HttpRequestMessage request, CancellationToken cancellationToken)
   at System.Net.Http.HttpClient.<SendAsync>g__Core|83_0(HttpRequestMessage request, HttpCompletionOption completionOption, CancellationTokenSource cts, Boolean disposeCts, CancellationTokenSource pendingRequestsCts, CancellationToken originalCancellationToken)
   --- End of inner exception stack trace ---
   at System.Net.Http.HttpClient.HandleFailure(Exception e, Boolean telemetryStarted, HttpResponseMessage response, CancellationTokenSource cts, CancellationToken cancellationToken, CancellationTokenSource pendingRequestsCts)
   at System.Net.Http.HttpClient.<SendAsync>g__Core|83_0(HttpRequestMessage request, HttpCompletionOption completionOption, CancellationTokenSource cts, Boolean disposeCts, CancellationTokenSource pendingRequestsCts, CancellationToken originalCancellationToken)
   at Sdk.WebApi.WebApi.RawHttpClientBase.SendAsync(HttpRequestMessage message, HttpCompletionOption completionOption, Object userState, CancellationToken cancellationToken)
   at Sdk.WebApi.WebApi.RawHttpClientBase.SendAsync[T](HttpRequestMessage message, Boolean readErrorBody, Object userState, CancellationToken cancellationToken)
   at Sdk.WebApi.WebApi.RawHttpClientBase.SendAsync[T](HttpMethod method, IEnumerable`1 additionalHeaders, Uri requestUri, HttpContent content, IEnumerable`1 queryParameters, Boolean readErrorBody, Object userState, CancellationToken cancellationToken)
   at GitHub.Actions.RunService.WebApi.BrokerHttpClient.GetRunnerMessageAsync(Nullable`1 sessionId, String runnerVersion, Nullable`1 status, String os, String architecture, Nullable`1 disableUpdate, CancellationToken cancellationToken)
   at GitHub.Runner.Common.BrokerServer.<>c__DisplayClass7_0.<<GetRunnerMessageAsync>b__0>d.MoveNext()
--- End of stack trace from previous location ---
   at GitHub.Runner.Common.RunnerService.RetryRequest[T](Func`1 func, CancellationToken cancellationToken, Int32 maxAttempts, Func`2 shouldRetry)
[2026-10-08 17:31:15Z ERR  BrokerServer] #####################################################
[2026-10-08 17:31:15Z ERR  BrokerServer] System.Threading.Tasks.TaskCanceledException: The operation was canceled.
 ---> System.IO.IOException: Unable to read data from the transport connection: La operación de E/S se anuló por una salida de subproceso o por una solicitud de aplicación..
 ---> System.Net.Sockets.SocketException (995): La operación de E/S se anuló por una salida de subproceso o por una solicitud de aplicación.
   --- End of inner exception stack trace ---
   at System.Net.Sockets.Socket.AwaitableSocketAsyncEventArgs.ThrowException(SocketError error, CancellationToken cancellationToken)
   at System.Net.Sockets.Socket.AwaitableSocketAsyncEventArgs.System.Threading.Tasks.Sources.IValueTaskSource<System.Int32>.GetResult(Int16 token)
   at System.Net.Security.SslStream.EnsureFullTlsFrameAsync[TIOAdapter](CancellationToken cancellationToken, Int32 estimatedSize)
   at System.Runtime.CompilerServices.PoolingAsyncValueTaskMethodBuilder`1.StateMachineBox`1.System.Threading.Tasks.Sources.IValueTaskSource<TResult>.GetResult(Int16 token)
   at System.Net.Security.SslStream.ReadAsyncInternal[TIOAdapter](Memory`1 buffer, CancellationToken cancellationToken)
   at System.Runtime.CompilerServices.PoolingAsyncValueTaskMethodBuilder`1.StateMachineBox`1.System.Threading.Tasks.Sources.IValueTaskSource<TResult>.GetResult(Int16 token)
   at System.Net.Http.HttpConnection.SendAsync(HttpRequestMessage request, Boolean async, CancellationToken cancellationToken)
   --- End of inner exception stack trace ---
   at System.Net.Http.HttpConnection.SendAsync(HttpRequestMessage request, Boolean async, CancellationToken cancellationToken)
   at System.Net.Http.AuthenticationHelper.SendWithNtAuthAsync(HttpRequestMessage request, Uri authUri, Boolean async, ICredentials credentials, Boolean isProxyAuth, HttpConnection connection, HttpConnectionPool connectionPool, CancellationToken cancellationToken)
   at System.Net.Http.HttpConnectionPool.SendWithVersionDetectionAndRetryAsync(HttpRequestMessage request, Boolean async, Boolean doRequestAuth, CancellationToken cancellationToken)
   at System.Net.Http.AuthenticationHelper.SendWithAuthAsync(HttpRequestMessage request, Uri authUri, Boolean async, ICredentials credentials, Boolean preAuthenticate, Boolean isProxyAuth, Boolean doRequestAuth, HttpConnectionPool pool, CancellationToken cancellationToken)
   at System.Net.Http.RedirectHandler.SendAsync(HttpRequestMessage request, Boolean async, CancellationToken cancellationToken)
   at GitHub.Services.Common.RawHttpMessageHandler.SendAsync(HttpRequestMessage request, CancellationToken cancellationToken)
   at GitHub.Services.Common.VssHttpRetryMessageHandler.SendAsync(HttpRequestMessage request, CancellationToken cancellationToken)
   at System.Net.Http.HttpClient.<SendAsync>g__Core|83_0(HttpRequestMessage request, HttpCompletionOption completionOption, CancellationTokenSource cts, Boolean disposeCts, CancellationTokenSource pendingRequestsCts, CancellationToken originalCancellationToken)
[2026-10-08 17:31:15Z ERR  BrokerServer] #####################################################
[2026-10-08 17:31:15Z ERR  BrokerServer] System.IO.IOException: Unable to read data from the transport connection: La operación de E/S se anuló por una salida de subproceso o por una solicitud de aplicación..
 ---> System.Net.Sockets.SocketException (995): La operación de E/S se anuló por una salida de subproceso o por una solicitud de aplicación.
   --- End of inner exception stack trace ---
   at System.Net.Sockets.Socket.AwaitableSocketAsyncEventArgs.ThrowException(SocketError error, CancellationToken cancellationToken)
   at System.Net.Sockets.Socket.AwaitableSocketAsyncEventArgs.System.Threading.Tasks.Sources.IValueTaskSource<System.Int32>.GetResult(Int16 token)
   at System.Net.Security.SslStream.EnsureFullTlsFrameAsync[TIOAdapter](CancellationToken cancellationToken, Int32 estimatedSize)
   at System.Runtime.CompilerServices.PoolingAsyncValueTaskMethodBuilder`1.StateMachineBox`1.System.Threading.Tasks.Sources.IValueTaskSource<TResult>.GetResult(Int16 token)
   at System.Net.Security.SslStream.ReadAsyncInternal[TIOAdapter](Memory`1 buffer, CancellationToken cancellationToken)
   at System.Runtime.CompilerServices.PoolingAsyncValueTaskMethodBuilder`1.StateMachineBox`1.System.Threading.Tasks.Sources.IValueTaskSource<TResult>.GetResult(Int16 token)
   at System.Net.Http.HttpConnection.SendAsync(HttpRequestMessage request, Boolean async, CancellationToken cancellationToken)
[2026-10-08 17:31:15Z ERR  BrokerServer] #####################################################
[2026-10-08 17:31:15Z ERR  BrokerServer] System.Net.Sockets.SocketException (995): La operación de E/S se anuló por una salida de subproceso o por una solicitud de aplicación.
[2026-10-08 17:31:15Z WARN BrokerServer] Back off 9,852 seconds before next retry. 4 attempt left.
[2026-10-08 17:31:15Z INFO BrokerMessageListener] Get messages has been cancelled using local token source. Continue to get messages with new status.
[2026-10-08 17:34:13Z INFO BrokerMessageListener] Acknowledging runner request '044bad49-a644-5f9d-aefa-5292ea60e94b'.
[2026-10-08 17:34:13Z INFO ConfigurationStore] HasCredentials()
[2026-10-08 17:34:13Z INFO ConfigurationStore] stored True
[2026-10-08 17:34:13Z INFO CredentialManager] GetCredentialProvider
[2026-10-08 17:34:13Z INFO CredentialManager] Creating type OAuth
[2026-10-08 17:34:13Z INFO CredentialManager] Creating credential type: OAuth
[2026-10-08 17:34:13Z INFO RSAEncryptedFileKeyManager] Loading RSA key parameters from file C:\Users\neo_o\Desktop\Github Practicas\Users\actions-runner\.credentials_rsaparams
[2026-10-08 17:34:13Z INFO RSAEncryptedFileKeyManager] Loading RSA key parameters from file C:\Users\neo_o\Desktop\Github Practicas\Users\actions-runner\.credentials_rsaparams
[2026-10-08 17:34:13Z INFO RSAEncryptedFileKeyManager] Loading RSA key parameters from file C:\Users\neo_o\Desktop\Github Practicas\Users\actions-runner\.credentials_rsaparams
[2026-10-08 17:34:13Z INFO GitHubActionsService] AAD Correlation ID for this token request: Unknown
[2026-10-08 17:34:14Z INFO JobDispatcher] Job request 0 for plan 03b1e086-ba34-8431-897e-c73a9a73dfd3 job 044bad49-a644-5f9d-aefa-5292ea60e94b received.
[2026-10-08 17:34:14Z INFO JobDispatcher] Pull OrchestrationId 03b1e086-ba34-8431-897e-c73a9a73dfd3.validate-prod.__default from JWT claims
[2026-10-08 17:34:14Z INFO BrokerMessageListener] Received job status event. JobState: Busy
[2026-10-08 17:34:14Z INFO BrokerMessageListener] _getMessagesTokenSource is already disposed.
[2026-10-08 17:34:14Z INFO JobDispatcher] Job request 7a8697bd-cd4a-5e84-a426-0802e15e13b2 processed succeed.
[2026-10-08 17:34:14Z INFO Terminal] WRITE LINE: 2026-10-08 17:34:14Z: Running job: validate-prod
[2026-10-08 17:34:14Z INFO JobDispatcher] Start renew job request 0 for job 044bad49-a644-5f9d-aefa-5292ea60e94b.
[2026-10-08 17:34:15Z INFO JobDispatcher] Successfully renew job 044bad49-a644-5f9d-aefa-5292ea60e94b, job is valid till 08/10/2026 17:44:10
[2026-10-08 17:34:15Z INFO HostContext] Well known directory 'Bin': 'C:\Users\neo_o\Desktop\Github Practicas\Users\actions-runner\bin'
[2026-10-08 17:34:15Z INFO ProcessInvokerWrapper] Starting process:
[2026-10-08 17:34:15Z INFO ProcessInvokerWrapper]   File name: 'C:\Users\neo_o\Desktop\Github Practicas\Users\actions-runner\bin\Runner.Worker.exe'
[2026-10-08 17:34:15Z INFO ProcessInvokerWrapper]   Arguments: 'spawnclient 2480 2492'
[2026-10-08 17:34:15Z INFO ProcessInvokerWrapper]   Working directory: 'C:\Users\neo_o\Desktop\Github Practicas\Users\actions-runner\bin'
[2026-10-08 17:34:15Z INFO ProcessInvokerWrapper]   Require exit code zero: 'False'
[2026-10-08 17:34:15Z INFO ProcessInvokerWrapper]   Encoding web name:  ; code page: ''
[2026-10-08 17:34:15Z INFO ProcessInvokerWrapper]   Force kill process on cancellation: 'True'
[2026-10-08 17:34:15Z INFO ProcessInvokerWrapper]   Redirected STDIN: 'False'
[2026-10-08 17:34:15Z INFO ProcessInvokerWrapper]   Persist current code page: 'False'
[2026-10-08 17:34:15Z INFO ProcessInvokerWrapper]   Keep redirected STDIN open: 'False'
[2026-10-08 17:34:15Z INFO ProcessInvokerWrapper]   High priority process: 'True'
[2026-10-08 17:34:15Z INFO ProcessInvokerWrapper] Process started with process id 11092, waiting for process exit.
[2026-10-08 17:34:15Z INFO JobDispatcher] Send job request message to worker for job 044bad49-a644-5f9d-aefa-5292ea60e94b.
[2026-10-08 17:34:15Z INFO ProcessChannel] Sending message of length 22158, with hash '9835572c3c7e747eecb382b5857bb069a981e448032faf81968a51d4c6bb833c'
[2026-10-08 17:34:15Z INFO JobNotification] Entering JobStarted Notification
[2026-10-08 17:34:15Z INFO JobNotification] Entering StartMonitor
[2026-10-08 17:34:50Z INFO ProcessInvokerWrapper] STDOUT/STDERR stream read finished.
[2026-10-08 17:34:50Z INFO ProcessInvokerWrapper] STDOUT/STDERR stream read finished.
[2026-10-08 17:34:50Z INFO ProcessInvokerWrapper] Finished process 11092 with exit code 102, and elapsed time 00:00:35.7215004.
[2026-10-08 17:34:50Z INFO JobDispatcher] Worker finished for job 044bad49-a644-5f9d-aefa-5292ea60e94b. Code: 102
[2026-10-08 17:34:50Z INFO JobDispatcher] finish job request for job 044bad49-a644-5f9d-aefa-5292ea60e94b with result: Failed
[2026-10-08 17:34:50Z INFO Terminal] WRITE LINE: 2026-10-08 17:34:50Z: Job validate-prod completed with result: Failed
[2026-10-08 17:34:50Z INFO JobDispatcher] Stop renew job request for job 044bad49-a644-5f9d-aefa-5292ea60e94b.
[2026-10-08 17:34:50Z INFO JobDispatcher] job renew has been cancelled, stop renew job 044bad49-a644-5f9d-aefa-5292ea60e94b.
[2026-10-08 17:34:50Z INFO JobNotification] Entering JobCompleted Notification
[2026-10-08 17:34:50Z INFO JobNotification] Entering EndMonitor
[2026-10-08 17:34:50Z INFO BrokerMessageListener] Received job status event. JobState: Online
[2026-10-08 17:34:50Z WARN GitHubActionsService] GET request to https://broker.actions.githubusercontent.com/message?sessionId=81cfdd13-22de-4d75-b670-0e21c5c7dbb6&status=Busy&runnerVersion=2.337.0&os=Windows&architecture=X64&disableUpdate=false has been cancelled.
[2026-10-08 17:34:50Z ERR  BrokerServer] Catch exception during request
[2026-10-08 17:34:50Z ERR  BrokerServer] System.Threading.Tasks.TaskCanceledException: The operation was canceled.
 ---> System.Threading.Tasks.TaskCanceledException: The operation was canceled.
 ---> System.IO.IOException: Unable to read data from the transport connection: La operación de E/S se anuló por una salida de subproceso o por una solicitud de aplicación..
 ---> System.Net.Sockets.SocketException (995): La operación de E/S se anuló por una salida de subproceso o por una solicitud de aplicación.
   --- End of inner exception stack trace ---
   at System.Net.Sockets.Socket.AwaitableSocketAsyncEventArgs.System.Threading.Tasks.Sources.IValueTaskSource<System.Int32>.GetResult(Int16 token)
   at System.Net.Security.SslStream.EnsureFullTlsFrameAsync[TIOAdapter](CancellationToken cancellationToken, Int32 estimatedSize)
   at System.Runtime.CompilerServices.PoolingAsyncValueTaskMethodBuilder`1.StateMachineBox`1.System.Threading.Tasks.Sources.IValueTaskSource<TResult>.GetResult(Int16 token)
   at System.Net.Security.SslStream.ReadAsyncInternal[TIOAdapter](Memory`1 buffer, CancellationToken cancellationToken)
   at System.Runtime.CompilerServices.PoolingAsyncValueTaskMethodBuilder`1.StateMachineBox`1.System.Threading.Tasks.Sources.IValueTaskSource<TResult>.GetResult(Int16 token)
   at System.Net.Http.HttpConnection.SendAsync(HttpRequestMessage request, Boolean async, CancellationToken cancellationToken)
   --- End of inner exception stack trace ---
   at System.Net.Http.HttpConnection.SendAsync(HttpRequestMessage request, Boolean async, CancellationToken cancellationToken)
   at System.Net.Http.AuthenticationHelper.SendWithNtAuthAsync(HttpRequestMessage request, Uri authUri, Boolean async, ICredentials credentials, Boolean isProxyAuth, HttpConnection connection, HttpConnectionPool connectionPool, CancellationToken cancellationToken)
   at System.Net.Http.HttpConnectionPool.SendWithVersionDetectionAndRetryAsync(HttpRequestMessage request, Boolean async, Boolean doRequestAuth, CancellationToken cancellationToken)
   at System.Net.Http.AuthenticationHelper.SendWithAuthAsync(HttpRequestMessage request, Uri authUri, Boolean async, ICredentials credentials, Boolean preAuthenticate, Boolean isProxyAuth, Boolean doRequestAuth, HttpConnectionPool pool, CancellationToken cancellationToken)
   at System.Net.Http.RedirectHandler.SendAsync(HttpRequestMessage request, Boolean async, CancellationToken cancellationToken)
   at GitHub.Services.Common.RawHttpMessageHandler.SendAsync(HttpRequestMessage request, CancellationToken cancellationToken)
   at GitHub.Services.Common.VssHttpRetryMessageHandler.SendAsync(HttpRequestMessage request, CancellationToken cancellationToken)
   at System.Net.Http.HttpClient.<SendAsync>g__Core|83_0(HttpRequestMessage request, HttpCompletionOption completionOption, CancellationTokenSource cts, Boolean disposeCts, CancellationTokenSource pendingRequestsCts, CancellationToken originalCancellationToken)
   --- End of inner exception stack trace ---
   at System.Net.Http.HttpClient.HandleFailure(Exception e, Boolean telemetryStarted, HttpResponseMessage response, CancellationTokenSource cts, CancellationToken cancellationToken, CancellationTokenSource pendingRequestsCts)
   at System.Net.Http.HttpClient.<SendAsync>g__Core|83_0(HttpRequestMessage request, HttpCompletionOption completionOption, CancellationTokenSource cts, Boolean disposeCts, CancellationTokenSource pendingRequestsCts, CancellationToken originalCancellationToken)
   at Sdk.WebApi.WebApi.RawHttpClientBase.SendAsync(HttpRequestMessage message, HttpCompletionOption completionOption, Object userState, CancellationToken cancellationToken)
   at Sdk.WebApi.WebApi.RawHttpClientBase.SendAsync[T](HttpRequestMessage message, Boolean readErrorBody, Object userState, CancellationToken cancellationToken)
   at Sdk.WebApi.WebApi.RawHttpClientBase.SendAsync[T](HttpMethod method, IEnumerable`1 additionalHeaders, Uri requestUri, HttpContent content, IEnumerable`1 queryParameters, Boolean readErrorBody, Object userState, CancellationToken cancellationToken)
   at GitHub.Actions.RunService.WebApi.BrokerHttpClient.GetRunnerMessageAsync(Nullable`1 sessionId, String runnerVersion, Nullable`1 status, String os, String architecture, Nullable`1 disableUpdate, CancellationToken cancellationToken)
   at GitHub.Runner.Common.BrokerServer.<>c__DisplayClass7_0.<<GetRunnerMessageAsync>b__0>d.MoveNext()
--- End of stack trace from previous location ---
   at GitHub.Runner.Common.RunnerService.RetryRequest[T](Func`1 func, CancellationToken cancellationToken, Int32 maxAttempts, Func`2 shouldRetry)
[2026-10-08 17:34:50Z ERR  BrokerServer] #####################################################
[2026-10-08 17:34:50Z ERR  BrokerServer] System.Threading.Tasks.TaskCanceledException: The operation was canceled.
 ---> System.IO.IOException: Unable to read data from the transport connection: La operación de E/S se anuló por una salida de subproceso o por una solicitud de aplicación..
 ---> System.Net.Sockets.SocketException (995): La operación de E/S se anuló por una salida de subproceso o por una solicitud de aplicación.
   --- End of inner exception stack trace ---
   at System.Net.Sockets.Socket.AwaitableSocketAsyncEventArgs.System.Threading.Tasks.Sources.IValueTaskSource<System.Int32>.GetResult(Int16 token)
   at System.Net.Security.SslStream.EnsureFullTlsFrameAsync[TIOAdapter](CancellationToken cancellationToken, Int32 estimatedSize)
   at System.Runtime.CompilerServices.PoolingAsyncValueTaskMethodBuilder`1.StateMachineBox`1.System.Threading.Tasks.Sources.IValueTaskSource<TResult>.GetResult(Int16 token)
   at System.Net.Security.SslStream.ReadAsyncInternal[TIOAdapter](Memory`1 buffer, CancellationToken cancellationToken)
   at System.Runtime.CompilerServices.PoolingAsyncValueTaskMethodBuilder`1.StateMachineBox`1.System.Threading.Tasks.Sources.IValueTaskSource<TResult>.GetResult(Int16 token)
   at System.Net.Http.HttpConnection.SendAsync(HttpRequestMessage request, Boolean async, CancellationToken cancellationToken)
   --- End of inner exception stack trace ---
   at System.Net.Http.HttpConnection.SendAsync(HttpRequestMessage request, Boolean async, CancellationToken cancellationToken)
   at System.Net.Http.AuthenticationHelper.SendWithNtAuthAsync(HttpRequestMessage request, Uri authUri, Boolean async, ICredentials credentials, Boolean isProxyAuth, HttpConnection connection, HttpConnectionPool connectionPool, CancellationToken cancellationToken)
   at System.Net.Http.HttpConnectionPool.SendWithVersionDetectionAndRetryAsync(HttpRequestMessage request, Boolean async, Boolean doRequestAuth, CancellationToken cancellationToken)
   at System.Net.Http.AuthenticationHelper.SendWithAuthAsync(HttpRequestMessage request, Uri authUri, Boolean async, ICredentials credentials, Boolean preAuthenticate, Boolean isProxyAuth, Boolean doRequestAuth, HttpConnectionPool pool, CancellationToken cancellationToken)
   at System.Net.Http.RedirectHandler.SendAsync(HttpRequestMessage request, Boolean async, CancellationToken cancellationToken)
   at GitHub.Services.Common.RawHttpMessageHandler.SendAsync(HttpRequestMessage request, CancellationToken cancellationToken)
   at GitHub.Services.Common.VssHttpRetryMessageHandler.SendAsync(HttpRequestMessage request, CancellationToken cancellationToken)
   at System.Net.Http.HttpClient.<SendAsync>g__Core|83_0(HttpRequestMessage request, HttpCompletionOption completionOption, CancellationTokenSource cts, Boolean disposeCts, CancellationTokenSource pendingRequestsCts, CancellationToken originalCancellationToken)
[2026-10-08 17:34:50Z ERR  BrokerServer] #####################################################
[2026-10-08 17:34:50Z ERR  BrokerServer] System.IO.IOException: Unable to read data from the transport connection: La operación de E/S se anuló por una salida de subproceso o por una solicitud de aplicación..
 ---> System.Net.Sockets.SocketException (995): La operación de E/S se anuló por una salida de subproceso o por una solicitud de aplicación.
   --- End of inner exception stack trace ---
   at System.Net.Sockets.Socket.AwaitableSocketAsyncEventArgs.System.Threading.Tasks.Sources.IValueTaskSource<System.Int32>.GetResult(Int16 token)
   at System.Net.Security.SslStream.EnsureFullTlsFrameAsync[TIOAdapter](CancellationToken cancellationToken, Int32 estimatedSize)
   at System.Runtime.CompilerServices.PoolingAsyncValueTaskMethodBuilder`1.StateMachineBox`1.System.Threading.Tasks.Sources.IValueTaskSource<TResult>.GetResult(Int16 token)
   at System.Net.Security.SslStream.ReadAsyncInternal[TIOAdapter](Memory`1 buffer, CancellationToken cancellationToken)
   at System.Runtime.CompilerServices.PoolingAsyncValueTaskMethodBuilder`1.StateMachineBox`1.System.Threading.Tasks.Sources.IValueTaskSource<TResult>.GetResult(Int16 token)
   at System.Net.Http.HttpConnection.SendAsync(HttpRequestMessage request, Boolean async, CancellationToken cancellationToken)
[2026-10-08 17:34:50Z ERR  BrokerServer] #####################################################
[2026-10-08 17:34:50Z ERR  BrokerServer] System.Net.Sockets.SocketException (995): La operación de E/S se anuló por una salida de subproceso o por una solicitud de aplicación.
[2026-10-08 17:34:50Z WARN BrokerServer] Back off 9,465 seconds before next retry. 4 attempt left.
[2026-10-08 17:34:50Z INFO BrokerMessageListener] Get messages has been cancelled using local token source. Continue to get messages with new status.
[2026-10-08 17:42:37Z INFO BrokerMessageListener] Acknowledging runner request 'e85b1e35-bc8a-5e6b-a34d-ad556c2b2df3'.
[2026-10-08 17:42:37Z INFO ConfigurationStore] HasCredentials()
[2026-10-08 17:42:37Z INFO ConfigurationStore] stored True
[2026-10-08 17:42:37Z INFO CredentialManager] GetCredentialProvider
[2026-10-08 17:42:37Z INFO CredentialManager] Creating type OAuth
[2026-10-08 17:42:37Z INFO CredentialManager] Creating credential type: OAuth
[2026-10-08 17:42:37Z INFO RSAEncryptedFileKeyManager] Loading RSA key parameters from file C:\Users\neo_o\Desktop\Github Practicas\Users\actions-runner\.credentials_rsaparams
[2026-10-08 17:42:37Z INFO RSAEncryptedFileKeyManager] Loading RSA key parameters from file C:\Users\neo_o\Desktop\Github Practicas\Users\actions-runner\.credentials_rsaparams
[2026-10-08 17:42:37Z INFO RSAEncryptedFileKeyManager] Loading RSA key parameters from file C:\Users\neo_o\Desktop\Github Practicas\Users\actions-runner\.credentials_rsaparams
[2026-10-08 17:42:37Z INFO GitHubActionsService] AAD Correlation ID for this token request: Unknown
[2026-10-08 17:42:38Z INFO JobDispatcher] Job request 0 for plan f18deb48-1911-8865-ab5b-487840ed3de1 job e85b1e35-bc8a-5e6b-a34d-ad556c2b2df3 received.
[2026-10-08 17:42:38Z INFO JobDispatcher] Pull OrchestrationId f18deb48-1911-8865-ab5b-487840ed3de1.validate-prod.__default from JWT claims
[2026-10-08 17:42:38Z INFO BrokerMessageListener] Received job status event. JobState: Busy
[2026-10-08 17:42:38Z INFO BrokerMessageListener] _getMessagesTokenSource is already disposed.
[2026-10-08 17:42:38Z INFO JobDispatcher] Job request 044bad49-a644-5f9d-aefa-5292ea60e94b processed succeed.
[2026-10-08 17:42:38Z INFO Terminal] WRITE LINE: 2026-10-08 17:42:38Z: Running job: validate-prod
[2026-10-08 17:42:38Z INFO JobDispatcher] Start renew job request 0 for job e85b1e35-bc8a-5e6b-a34d-ad556c2b2df3.
[2026-10-08 17:42:38Z INFO JobDispatcher] Successfully renew job e85b1e35-bc8a-5e6b-a34d-ad556c2b2df3, job is valid till 08/10/2026 17:52:34
[2026-10-08 17:42:38Z INFO HostContext] Well known directory 'Bin': 'C:\Users\neo_o\Desktop\Github Practicas\Users\actions-runner\bin'
[2026-10-08 17:42:38Z INFO ProcessInvokerWrapper] Starting process:
[2026-10-08 17:42:38Z INFO ProcessInvokerWrapper]   File name: 'C:\Users\neo_o\Desktop\Github Practicas\Users\actions-runner\bin\Runner.Worker.exe'
[2026-10-08 17:42:38Z INFO ProcessInvokerWrapper]   Arguments: 'spawnclient 1548 2012'
[2026-10-08 17:42:38Z INFO ProcessInvokerWrapper]   Working directory: 'C:\Users\neo_o\Desktop\Github Practicas\Users\actions-runner\bin'
[2026-10-08 17:42:38Z INFO ProcessInvokerWrapper]   Require exit code zero: 'False'
[2026-10-08 17:42:38Z INFO ProcessInvokerWrapper]   Encoding web name:  ; code page: ''
[2026-10-08 17:42:38Z INFO ProcessInvokerWrapper]   Force kill process on cancellation: 'True'
[2026-10-08 17:42:38Z INFO ProcessInvokerWrapper]   Redirected STDIN: 'False'
[2026-10-08 17:42:38Z INFO ProcessInvokerWrapper]   Persist current code page: 'False'
[2026-10-08 17:42:38Z INFO ProcessInvokerWrapper]   Keep redirected STDIN open: 'False'
[2026-10-08 17:42:38Z INFO ProcessInvokerWrapper]   High priority process: 'True'
[2026-10-08 17:42:38Z INFO ProcessInvokerWrapper] Process started with process id 26444, waiting for process exit.
[2026-10-08 17:42:38Z INFO JobDispatcher] Send job request message to worker for job e85b1e35-bc8a-5e6b-a34d-ad556c2b2df3.
[2026-10-08 17:42:38Z INFO ProcessChannel] Sending message of length 22167, with hash '6874843f13273b0a8d16ada29bdf9ad53722f9c8bf2bc3c75c55321a048ff5f7'
[2026-10-08 17:42:38Z INFO JobNotification] Entering JobStarted Notification
[2026-10-08 17:42:38Z INFO JobNotification] Entering StartMonitor
[2026-10-08 17:43:15Z INFO ProcessInvokerWrapper] STDOUT/STDERR stream read finished.
[2026-10-08 17:43:15Z INFO ProcessInvokerWrapper] STDOUT/STDERR stream read finished.
[2026-10-08 17:43:15Z INFO ProcessInvokerWrapper] Finished process 26444 with exit code 102, and elapsed time 00:00:36.4280254.
[2026-10-08 17:43:15Z INFO JobDispatcher] Worker finished for job e85b1e35-bc8a-5e6b-a34d-ad556c2b2df3. Code: 102
[2026-10-08 17:43:15Z INFO JobDispatcher] finish job request for job e85b1e35-bc8a-5e6b-a34d-ad556c2b2df3 with result: Failed
[2026-10-08 17:43:15Z INFO Terminal] WRITE LINE: 2026-10-08 17:43:15Z: Job validate-prod completed with result: Failed
[2026-10-08 17:43:15Z INFO JobDispatcher] Stop renew job request for job e85b1e35-bc8a-5e6b-a34d-ad556c2b2df3.
[2026-10-08 17:43:15Z INFO JobDispatcher] job renew has been cancelled, stop renew job e85b1e35-bc8a-5e6b-a34d-ad556c2b2df3.
[2026-10-08 17:43:15Z INFO JobNotification] Entering JobCompleted Notification
[2026-10-08 17:43:15Z INFO JobNotification] Entering EndMonitor
[2026-10-08 17:43:15Z INFO BrokerMessageListener] Received job status event. JobState: Online
[2026-10-08 17:43:15Z WARN GitHubActionsService] GET request to https://broker.actions.githubusercontent.com/message?sessionId=81cfdd13-22de-4d75-b670-0e21c5c7dbb6&status=Busy&runnerVersion=2.337.0&os=Windows&architecture=X64&disableUpdate=false has been cancelled.
[2026-10-08 17:43:15Z ERR  BrokerServer] Catch exception during request
[2026-10-08 17:43:15Z ERR  BrokerServer] System.Threading.Tasks.TaskCanceledException: The operation was canceled.
 ---> System.Threading.Tasks.TaskCanceledException: The operation was canceled.
 ---> System.IO.IOException: Unable to read data from the transport connection: La operación de E/S se anuló por una salida de subproceso o por una solicitud de aplicación..
 ---> System.Net.Sockets.SocketException (995): La operación de E/S se anuló por una salida de subproceso o por una solicitud de aplicación.
   --- End of inner exception stack trace ---
   at System.Net.Sockets.Socket.AwaitableSocketAsyncEventArgs.System.Threading.Tasks.Sources.IValueTaskSource<System.Int32>.GetResult(Int16 token)
   at System.Net.Security.SslStream.EnsureFullTlsFrameAsync[TIOAdapter](CancellationToken cancellationToken, Int32 estimatedSize)
   at System.Runtime.CompilerServices.PoolingAsyncValueTaskMethodBuilder`1.StateMachineBox`1.System.Threading.Tasks.Sources.IValueTaskSource<TResult>.GetResult(Int16 token)
   at System.Net.Security.SslStream.ReadAsyncInternal[TIOAdapter](Memory`1 buffer, CancellationToken cancellationToken)
   at System.Runtime.CompilerServices.PoolingAsyncValueTaskMethodBuilder`1.StateMachineBox`1.System.Threading.Tasks.Sources.IValueTaskSource<TResult>.GetResult(Int16 token)
   at System.Net.Http.HttpConnection.SendAsync(HttpRequestMessage request, Boolean async, CancellationToken cancellationToken)
   --- End of inner exception stack trace ---
   at System.Net.Http.HttpConnection.SendAsync(HttpRequestMessage request, Boolean async, CancellationToken cancellationToken)
   at System.Net.Http.AuthenticationHelper.SendWithNtAuthAsync(HttpRequestMessage request, Uri authUri, Boolean async, ICredentials credentials, Boolean isProxyAuth, HttpConnection connection, HttpConnectionPool connectionPool, CancellationToken cancellationToken)
   at System.Net.Http.HttpConnectionPool.SendWithVersionDetectionAndRetryAsync(HttpRequestMessage request, Boolean async, Boolean doRequestAuth, CancellationToken cancellationToken)
   at System.Net.Http.AuthenticationHelper.SendWithAuthAsync(HttpRequestMessage request, Uri authUri, Boolean async, ICredentials credentials, Boolean preAuthenticate, Boolean isProxyAuth, Boolean doRequestAuth, HttpConnectionPool pool, CancellationToken cancellationToken)
   at System.Net.Http.RedirectHandler.SendAsync(HttpRequestMessage request, Boolean async, CancellationToken cancellationToken)
   at GitHub.Services.Common.RawHttpMessageHandler.SendAsync(HttpRequestMessage request, CancellationToken cancellationToken)
   at GitHub.Services.Common.VssHttpRetryMessageHandler.SendAsync(HttpRequestMessage request, CancellationToken cancellationToken)
   at System.Net.Http.HttpClient.<SendAsync>g__Core|83_0(HttpRequestMessage request, HttpCompletionOption completionOption, CancellationTokenSource cts, Boolean disposeCts, CancellationTokenSource pendingRequestsCts, CancellationToken originalCancellationToken)
   --- End of inner exception stack trace ---
   at System.Net.Http.HttpClient.HandleFailure(Exception e, Boolean telemetryStarted, HttpResponseMessage response, CancellationTokenSource cts, CancellationToken cancellationToken, CancellationTokenSource pendingRequestsCts)
   at System.Net.Http.HttpClient.<SendAsync>g__Core|83_0(HttpRequestMessage request, HttpCompletionOption completionOption, CancellationTokenSource cts, Boolean disposeCts, CancellationTokenSource pendingRequestsCts, CancellationToken originalCancellationToken)
   at Sdk.WebApi.WebApi.RawHttpClientBase.SendAsync(HttpRequestMessage message, HttpCompletionOption completionOption, Object userState, CancellationToken cancellationToken)
   at Sdk.WebApi.WebApi.RawHttpClientBase.SendAsync[T](HttpRequestMessage message, Boolean readErrorBody, Object userState, CancellationToken cancellationToken)
   at Sdk.WebApi.WebApi.RawHttpClientBase.SendAsync[T](HttpMethod method, IEnumerable`1 additionalHeaders, Uri requestUri, HttpContent content, IEnumerable`1 queryParameters, Boolean readErrorBody, Object userState, CancellationToken cancellationToken)
   at GitHub.Actions.RunService.WebApi.BrokerHttpClient.GetRunnerMessageAsync(Nullable`1 sessionId, String runnerVersion, Nullable`1 status, String os, String architecture, Nullable`1 disableUpdate, CancellationToken cancellationToken)
   at GitHub.Runner.Common.BrokerServer.<>c__DisplayClass7_0.<<GetRunnerMessageAsync>b__0>d.MoveNext()
--- End of stack trace from previous location ---
   at GitHub.Runner.Common.RunnerService.RetryRequest[T](Func`1 func, CancellationToken cancellationToken, Int32 maxAttempts, Func`2 shouldRetry)
[2026-10-08 17:43:15Z ERR  BrokerServer] #####################################################
[2026-10-08 17:43:15Z ERR  BrokerServer] System.Threading.Tasks.TaskCanceledException: The operation was canceled.
 ---> System.IO.IOException: Unable to read data from the transport connection: La operación de E/S se anuló por una salida de subproceso o por una solicitud de aplicación..
 ---> System.Net.Sockets.SocketException (995): La operación de E/S se anuló por una salida de subproceso o por una solicitud de aplicación.
   --- End of inner exception stack trace ---
   at System.Net.Sockets.Socket.AwaitableSocketAsyncEventArgs.System.Threading.Tasks.Sources.IValueTaskSource<System.Int32>.GetResult(Int16 token)
   at System.Net.Security.SslStream.EnsureFullTlsFrameAsync[TIOAdapter](CancellationToken cancellationToken, Int32 estimatedSize)
   at System.Runtime.CompilerServices.PoolingAsyncValueTaskMethodBuilder`1.StateMachineBox`1.System.Threading.Tasks.Sources.IValueTaskSource<TResult>.GetResult(Int16 token)
   at System.Net.Security.SslStream.ReadAsyncInternal[TIOAdapter](Memory`1 buffer, CancellationToken cancellationToken)
   at System.Runtime.CompilerServices.PoolingAsyncValueTaskMethodBuilder`1.StateMachineBox`1.System.Threading.Tasks.Sources.IValueTaskSource<TResult>.GetResult(Int16 token)
   at System.Net.Http.HttpConnection.SendAsync(HttpRequestMessage request, Boolean async, CancellationToken cancellationToken)
   --- End of inner exception stack trace ---
   at System.Net.Http.HttpConnection.SendAsync(HttpRequestMessage request, Boolean async, CancellationToken cancellationToken)
   at System.Net.Http.AuthenticationHelper.SendWithNtAuthAsync(HttpRequestMessage request, Uri authUri, Boolean async, ICredentials credentials, Boolean isProxyAuth, HttpConnection connection, HttpConnectionPool connectionPool, CancellationToken cancellationToken)
   at System.Net.Http.HttpConnectionPool.SendWithVersionDetectionAndRetryAsync(HttpRequestMessage request, Boolean async, Boolean doRequestAuth, CancellationToken cancellationToken)
   at System.Net.Http.AuthenticationHelper.SendWithAuthAsync(HttpRequestMessage request, Uri authUri, Boolean async, ICredentials credentials, Boolean preAuthenticate, Boolean isProxyAuth, Boolean doRequestAuth, HttpConnectionPool pool, CancellationToken cancellationToken)
   at System.Net.Http.RedirectHandler.SendAsync(HttpRequestMessage request, Boolean async, CancellationToken cancellationToken)
   at GitHub.Services.Common.RawHttpMessageHandler.SendAsync(HttpRequestMessage request, CancellationToken cancellationToken)
   at GitHub.Services.Common.VssHttpRetryMessageHandler.SendAsync(HttpRequestMessage request, CancellationToken cancellationToken)
   at System.Net.Http.HttpClient.<SendAsync>g__Core|83_0(HttpRequestMessage request, HttpCompletionOption completionOption, CancellationTokenSource cts, Boolean disposeCts, CancellationTokenSource pendingRequestsCts, CancellationToken originalCancellationToken)
[2026-10-08 17:43:15Z ERR  BrokerServer] #####################################################
[2026-10-08 17:43:15Z ERR  BrokerServer] System.IO.IOException: Unable to read data from the transport connection: La operación de E/S se anuló por una salida de subproceso o por una solicitud de aplicación..
 ---> System.Net.Sockets.SocketException (995): La operación de E/S se anuló por una salida de subproceso o por una solicitud de aplicación.
   --- End of inner exception stack trace ---
   at System.Net.Sockets.Socket.AwaitableSocketAsyncEventArgs.System.Threading.Tasks.Sources.IValueTaskSource<System.Int32>.GetResult(Int16 token)
   at System.Net.Security.SslStream.EnsureFullTlsFrameAsync[TIOAdapter](CancellationToken cancellationToken, Int32 estimatedSize)
   at System.Runtime.CompilerServices.PoolingAsyncValueTaskMethodBuilder`1.StateMachineBox`1.System.Threading.Tasks.Sources.IValueTaskSource<TResult>.GetResult(Int16 token)
   at System.Net.Security.SslStream.ReadAsyncInternal[TIOAdapter](Memory`1 buffer, CancellationToken cancellationToken)
   at System.Runtime.CompilerServices.PoolingAsyncValueTaskMethodBuilder`1.StateMachineBox`1.System.Threading.Tasks.Sources.IValueTaskSource<TResult>.GetResult(Int16 token)
   at System.Net.Http.HttpConnection.SendAsync(HttpRequestMessage request, Boolean async, CancellationToken cancellationToken)
[2026-10-08 17:43:15Z ERR  BrokerServer] #####################################################
[2026-10-08 17:43:15Z ERR  BrokerServer] System.Net.Sockets.SocketException (995): La operación de E/S se anuló por una salida de subproceso o por una solicitud de aplicación.
[2026-10-08 17:43:15Z WARN BrokerServer] Back off 13,864 seconds before next retry. 4 attempt left.
[2026-10-08 17:43:15Z INFO BrokerMessageListener] Get messages has been cancelled using local token source. Continue to get messages with new status.
[2026-10-08 17:46:53Z INFO BrokerMessageListener] Acknowledging runner request '61d55991-bbda-5cb6-8cd7-6ac6456164c9'.
[2026-10-08 17:46:53Z INFO ConfigurationStore] HasCredentials()
[2026-10-08 17:46:53Z INFO ConfigurationStore] stored True
[2026-10-08 17:46:53Z INFO CredentialManager] GetCredentialProvider
[2026-10-08 17:46:53Z INFO CredentialManager] Creating type OAuth
[2026-10-08 17:46:53Z INFO CredentialManager] Creating credential type: OAuth
[2026-10-08 17:46:53Z INFO RSAEncryptedFileKeyManager] Loading RSA key parameters from file C:\Users\neo_o\Desktop\Github Practicas\Users\actions-runner\.credentials_rsaparams
[2026-10-08 17:46:53Z INFO RSAEncryptedFileKeyManager] Loading RSA key parameters from file C:\Users\neo_o\Desktop\Github Practicas\Users\actions-runner\.credentials_rsaparams
[2026-10-08 17:46:53Z INFO RSAEncryptedFileKeyManager] Loading RSA key parameters from file C:\Users\neo_o\Desktop\Github Practicas\Users\actions-runner\.credentials_rsaparams
[2026-10-08 17:46:54Z INFO GitHubActionsService] AAD Correlation ID for this token request: Unknown
[2026-10-08 17:46:54Z INFO JobDispatcher] Job request 0 for plan 466e0fd0-d7c9-805c-8e29-b37402ce1f86 job 61d55991-bbda-5cb6-8cd7-6ac6456164c9 received.
[2026-10-08 17:46:54Z INFO JobDispatcher] Pull OrchestrationId 466e0fd0-d7c9-805c-8e29-b37402ce1f86.validate-prod.__default from JWT claims
[2026-10-08 17:46:54Z INFO BrokerMessageListener] Received job status event. JobState: Busy
[2026-10-08 17:46:54Z INFO BrokerMessageListener] _getMessagesTokenSource is already disposed.
[2026-10-08 17:46:54Z INFO JobDispatcher] Job request e85b1e35-bc8a-5e6b-a34d-ad556c2b2df3 processed succeed.
[2026-10-08 17:46:54Z INFO Terminal] WRITE LINE: 2026-10-08 17:46:54Z: Running job: validate-prod
[2026-10-08 17:46:54Z INFO JobDispatcher] Start renew job request 0 for job 61d55991-bbda-5cb6-8cd7-6ac6456164c9.
[2026-10-08 17:46:55Z INFO JobDispatcher] Successfully renew job 61d55991-bbda-5cb6-8cd7-6ac6456164c9, job is valid till 08/10/2026 17:56:50
[2026-10-08 17:46:55Z INFO HostContext] Well known directory 'Bin': 'C:\Users\neo_o\Desktop\Github Practicas\Users\actions-runner\bin'
[2026-10-08 17:46:55Z INFO ProcessInvokerWrapper] Starting process:
[2026-10-08 17:46:55Z INFO ProcessInvokerWrapper]   File name: 'C:\Users\neo_o\Desktop\Github Practicas\Users\actions-runner\bin\Runner.Worker.exe'
[2026-10-08 17:46:55Z INFO ProcessInvokerWrapper]   Arguments: 'spawnclient 2660 2312'
[2026-10-08 17:46:55Z INFO ProcessInvokerWrapper]   Working directory: 'C:\Users\neo_o\Desktop\Github Practicas\Users\actions-runner\bin'
[2026-10-08 17:46:55Z INFO ProcessInvokerWrapper]   Require exit code zero: 'False'
[2026-10-08 17:46:55Z INFO ProcessInvokerWrapper]   Encoding web name:  ; code page: ''
[2026-10-08 17:46:55Z INFO ProcessInvokerWrapper]   Force kill process on cancellation: 'True'
[2026-10-08 17:46:55Z INFO ProcessInvokerWrapper]   Redirected STDIN: 'False'
[2026-10-08 17:46:55Z INFO ProcessInvokerWrapper]   Persist current code page: 'False'
[2026-10-08 17:46:55Z INFO ProcessInvokerWrapper]   Keep redirected STDIN open: 'False'
[2026-10-08 17:46:55Z INFO ProcessInvokerWrapper]   High priority process: 'True'
[2026-10-08 17:46:55Z INFO ProcessInvokerWrapper] Process started with process id 3708, waiting for process exit.
[2026-10-08 17:46:55Z INFO JobDispatcher] Send job request message to worker for job 61d55991-bbda-5cb6-8cd7-6ac6456164c9.
[2026-10-08 17:46:55Z INFO ProcessChannel] Sending message of length 22152, with hash '00f44fab9e5d52c7e48c5b88d147081b84232cf01e3cf7f5968c3cba1d5b58c3'
[2026-10-08 17:46:55Z INFO JobNotification] Entering JobStarted Notification
[2026-10-08 17:46:55Z INFO JobNotification] Entering StartMonitor
[2026-10-08 17:47:30Z INFO ProcessInvokerWrapper] STDOUT/STDERR stream read finished.
[2026-10-08 17:47:30Z INFO ProcessInvokerWrapper] STDOUT/STDERR stream read finished.
[2026-10-08 17:47:30Z INFO ProcessInvokerWrapper] Finished process 3708 with exit code 102, and elapsed time 00:00:35.6018731.
[2026-10-08 17:47:30Z INFO JobDispatcher] Worker finished for job 61d55991-bbda-5cb6-8cd7-6ac6456164c9. Code: 102
[2026-10-08 17:47:30Z INFO JobDispatcher] finish job request for job 61d55991-bbda-5cb6-8cd7-6ac6456164c9 with result: Failed
[2026-10-08 17:47:30Z INFO Terminal] WRITE LINE: 2026-10-08 17:47:30Z: Job validate-prod completed with result: Failed
[2026-10-08 17:47:30Z INFO JobDispatcher] Stop renew job request for job 61d55991-bbda-5cb6-8cd7-6ac6456164c9.
[2026-10-08 17:47:30Z INFO JobDispatcher] job renew has been cancelled, stop renew job 61d55991-bbda-5cb6-8cd7-6ac6456164c9.
[2026-10-08 17:47:30Z INFO JobNotification] Entering JobCompleted Notification
[2026-10-08 17:47:30Z INFO JobNotification] Entering EndMonitor
[2026-10-08 17:47:30Z INFO BrokerMessageListener] Received job status event. JobState: Online
[2026-10-08 17:47:30Z WARN GitHubActionsService] GET request to https://broker.actions.githubusercontent.com/message?sessionId=81cfdd13-22de-4d75-b670-0e21c5c7dbb6&status=Busy&runnerVersion=2.337.0&os=Windows&architecture=X64&disableUpdate=false has been cancelled.
[2026-10-08 17:47:30Z ERR  BrokerServer] Catch exception during request
[2026-10-08 17:47:30Z ERR  BrokerServer] System.Threading.Tasks.TaskCanceledException: The operation was canceled.
 ---> System.Threading.Tasks.TaskCanceledException: The operation was canceled.
 ---> System.IO.IOException: Unable to read data from the transport connection: La operación de E/S se anuló por una salida de subproceso o por una solicitud de aplicación..
 ---> System.Net.Sockets.SocketException (995): La operación de E/S se anuló por una salida de subproceso o por una solicitud de aplicación.
   --- End of inner exception stack trace ---
   at System.Net.Sockets.Socket.AwaitableSocketAsyncEventArgs.System.Threading.Tasks.Sources.IValueTaskSource<System.Int32>.GetResult(Int16 token)
   at System.Net.Security.SslStream.EnsureFullTlsFrameAsync[TIOAdapter](CancellationToken cancellationToken, Int32 estimatedSize)
   at System.Runtime.CompilerServices.PoolingAsyncValueTaskMethodBuilder`1.StateMachineBox`1.System.Threading.Tasks.Sources.IValueTaskSource<TResult>.GetResult(Int16 token)
   at System.Net.Security.SslStream.ReadAsyncInternal[TIOAdapter](Memory`1 buffer, CancellationToken cancellationToken)
   at System.Runtime.CompilerServices.PoolingAsyncValueTaskMethodBuilder`1.StateMachineBox`1.System.Threading.Tasks.Sources.IValueTaskSource<TResult>.GetResult(Int16 token)
   at System.Net.Http.HttpConnection.SendAsync(HttpRequestMessage request, Boolean async, CancellationToken cancellationToken)
   --- End of inner exception stack trace ---
   at System.Net.Http.HttpConnection.SendAsync(HttpRequestMessage request, Boolean async, CancellationToken cancellationToken)
   at System.Net.Http.AuthenticationHelper.SendWithNtAuthAsync(HttpRequestMessage request, Uri authUri, Boolean async, ICredentials credentials, Boolean isProxyAuth, HttpConnection connection, HttpConnectionPool connectionPool, CancellationToken cancellationToken)
   at System.Net.Http.HttpConnectionPool.SendWithVersionDetectionAndRetryAsync(HttpRequestMessage request, Boolean async, Boolean doRequestAuth, CancellationToken cancellationToken)
   at System.Net.Http.AuthenticationHelper.SendWithAuthAsync(HttpRequestMessage request, Uri authUri, Boolean async, ICredentials credentials, Boolean preAuthenticate, Boolean isProxyAuth, Boolean doRequestAuth, HttpConnectionPool pool, CancellationToken cancellationToken)
   at System.Net.Http.RedirectHandler.SendAsync(HttpRequestMessage request, Boolean async, CancellationToken cancellationToken)
   at GitHub.Services.Common.RawHttpMessageHandler.SendAsync(HttpRequestMessage request, CancellationToken cancellationToken)
   at GitHub.Services.Common.VssHttpRetryMessageHandler.SendAsync(HttpRequestMessage request, CancellationToken cancellationToken)
   at System.Net.Http.HttpClient.<SendAsync>g__Core|83_0(HttpRequestMessage request, HttpCompletionOption completionOption, CancellationTokenSource cts, Boolean disposeCts, CancellationTokenSource pendingRequestsCts, CancellationToken originalCancellationToken)
   --- End of inner exception stack trace ---
   at System.Net.Http.HttpClient.HandleFailure(Exception e, Boolean telemetryStarted, HttpResponseMessage response, CancellationTokenSource cts, CancellationToken cancellationToken, CancellationTokenSource pendingRequestsCts)
   at System.Net.Http.HttpClient.<SendAsync>g__Core|83_0(HttpRequestMessage request, HttpCompletionOption completionOption, CancellationTokenSource cts, Boolean disposeCts, CancellationTokenSource pendingRequestsCts, CancellationToken originalCancellationToken)
   at Sdk.WebApi.WebApi.RawHttpClientBase.SendAsync(HttpRequestMessage message, HttpCompletionOption completionOption, Object userState, CancellationToken cancellationToken)
   at Sdk.WebApi.WebApi.RawHttpClientBase.SendAsync[T](HttpRequestMessage message, Boolean readErrorBody, Object userState, CancellationToken cancellationToken)
   at Sdk.WebApi.WebApi.RawHttpClientBase.SendAsync[T](HttpMethod method, IEnumerable`1 additionalHeaders, Uri requestUri, HttpContent content, IEnumerable`1 queryParameters, Boolean readErrorBody, Object userState, CancellationToken cancellationToken)
   at GitHub.Actions.RunService.WebApi.BrokerHttpClient.GetRunnerMessageAsync(Nullable`1 sessionId, String runnerVersion, Nullable`1 status, String os, String architecture, Nullable`1 disableUpdate, CancellationToken cancellationToken)
   at GitHub.Runner.Common.BrokerServer.<>c__DisplayClass7_0.<<GetRunnerMessageAsync>b__0>d.MoveNext()
--- End of stack trace from previous location ---
   at GitHub.Runner.Common.RunnerService.RetryRequest[T](Func`1 func, CancellationToken cancellationToken, Int32 maxAttempts, Func`2 shouldRetry)
[2026-10-08 17:47:30Z ERR  BrokerServer] #####################################################
[2026-10-08 17:47:30Z ERR  BrokerServer] System.Threading.Tasks.TaskCanceledException: The operation was canceled.
 ---> System.IO.IOException: Unable to read data from the transport connection: La operación de E/S se anuló por una salida de subproceso o por una solicitud de aplicación..
 ---> System.Net.Sockets.SocketException (995): La operación de E/S se anuló por una salida de subproceso o por una solicitud de aplicación.
   --- End of inner exception stack trace ---
   at System.Net.Sockets.Socket.AwaitableSocketAsyncEventArgs.System.Threading.Tasks.Sources.IValueTaskSource<System.Int32>.GetResult(Int16 token)
   at System.Net.Security.SslStream.EnsureFullTlsFrameAsync[TIOAdapter](CancellationToken cancellationToken, Int32 estimatedSize)
   at System.Runtime.CompilerServices.PoolingAsyncValueTaskMethodBuilder`1.StateMachineBox`1.System.Threading.Tasks.Sources.IValueTaskSource<TResult>.GetResult(Int16 token)
   at System.Net.Security.SslStream.ReadAsyncInternal[TIOAdapter](Memory`1 buffer, CancellationToken cancellationToken)
   at System.Runtime.CompilerServices.PoolingAsyncValueTaskMethodBuilder`1.StateMachineBox`1.System.Threading.Tasks.Sources.IValueTaskSource<TResult>.GetResult(Int16 token)
   at System.Net.Http.HttpConnection.SendAsync(HttpRequestMessage request, Boolean async, CancellationToken cancellationToken)
   --- End of inner exception stack trace ---
   at System.Net.Http.HttpConnection.SendAsync(HttpRequestMessage request, Boolean async, CancellationToken cancellationToken)
   at System.Net.Http.AuthenticationHelper.SendWithNtAuthAsync(HttpRequestMessage request, Uri authUri, Boolean async, ICredentials credentials, Boolean isProxyAuth, HttpConnection connection, HttpConnectionPool connectionPool, CancellationToken cancellationToken)
   at System.Net.Http.HttpConnectionPool.SendWithVersionDetectionAndRetryAsync(HttpRequestMessage request, Boolean async, Boolean doRequestAuth, CancellationToken cancellationToken)
   at System.Net.Http.AuthenticationHelper.SendWithAuthAsync(HttpRequestMessage request, Uri authUri, Boolean async, ICredentials credentials, Boolean preAuthenticate, Boolean isProxyAuth, Boolean doRequestAuth, HttpConnectionPool pool, CancellationToken cancellationToken)
   at System.Net.Http.RedirectHandler.SendAsync(HttpRequestMessage request, Boolean async, CancellationToken cancellationToken)
   at GitHub.Services.Common.RawHttpMessageHandler.SendAsync(HttpRequestMessage request, CancellationToken cancellationToken)
   at GitHub.Services.Common.VssHttpRetryMessageHandler.SendAsync(HttpRequestMessage request, CancellationToken cancellationToken)
   at System.Net.Http.HttpClient.<SendAsync>g__Core|83_0(HttpRequestMessage request, HttpCompletionOption completionOption, CancellationTokenSource cts, Boolean disposeCts, CancellationTokenSource pendingRequestsCts, CancellationToken originalCancellationToken)
[2026-10-08 17:47:30Z ERR  BrokerServer] #####################################################
[2026-10-08 17:47:30Z ERR  BrokerServer] System.IO.IOException: Unable to read data from the transport connection: La operación de E/S se anuló por una salida de subproceso o por una solicitud de aplicación..
 ---> System.Net.Sockets.SocketException (995): La operación de E/S se anuló por una salida de subproceso o por una solicitud de aplicación.
   --- End of inner exception stack trace ---
   at System.Net.Sockets.Socket.AwaitableSocketAsyncEventArgs.System.Threading.Tasks.Sources.IValueTaskSource<System.Int32>.GetResult(Int16 token)
   at System.Net.Security.SslStream.EnsureFullTlsFrameAsync[TIOAdapter](CancellationToken cancellationToken, Int32 estimatedSize)
   at System.Runtime.CompilerServices.PoolingAsyncValueTaskMethodBuilder`1.StateMachineBox`1.System.Threading.Tasks.Sources.IValueTaskSource<TResult>.GetResult(Int16 token)
   at System.Net.Security.SslStream.ReadAsyncInternal[TIOAdapter](Memory`1 buffer, CancellationToken cancellationToken)
   at System.Runtime.CompilerServices.PoolingAsyncValueTaskMethodBuilder`1.StateMachineBox`1.System.Threading.Tasks.Sources.IValueTaskSource<TResult>.GetResult(Int16 token)
   at System.Net.Http.HttpConnection.SendAsync(HttpRequestMessage request, Boolean async, CancellationToken cancellationToken)
[2026-10-08 17:47:30Z ERR  BrokerServer] #####################################################
[2026-10-08 17:47:30Z ERR  BrokerServer] System.Net.Sockets.SocketException (995): La operación de E/S se anuló por una salida de subproceso o por una solicitud de aplicación.
[2026-10-08 17:47:30Z WARN BrokerServer] Back off 12,365 seconds before next retry. 4 attempt left.
[2026-10-08 17:47:30Z INFO BrokerMessageListener] Get messages has been cancelled using local token source. Continue to get messages with new status.
[2026-10-08 17:49:04Z INFO BrokerMessageListener] Acknowledging runner request 'b6de44dc-56ee-52c7-b9b6-833fb5815995'.
[2026-10-08 17:49:04Z INFO ConfigurationStore] HasCredentials()
[2026-10-08 17:49:04Z INFO ConfigurationStore] stored True
[2026-10-08 17:49:04Z INFO CredentialManager] GetCredentialProvider
[2026-10-08 17:49:04Z INFO CredentialManager] Creating type OAuth
[2026-10-08 17:49:04Z INFO CredentialManager] Creating credential type: OAuth
[2026-10-08 17:49:04Z INFO RSAEncryptedFileKeyManager] Loading RSA key parameters from file C:\Users\neo_o\Desktop\Github Practicas\Users\actions-runner\.credentials_rsaparams
[2026-10-08 17:49:04Z INFO RSAEncryptedFileKeyManager] Loading RSA key parameters from file C:\Users\neo_o\Desktop\Github Practicas\Users\actions-runner\.credentials_rsaparams
[2026-10-08 17:49:04Z INFO RSAEncryptedFileKeyManager] Loading RSA key parameters from file C:\Users\neo_o\Desktop\Github Practicas\Users\actions-runner\.credentials_rsaparams
[2026-10-08 17:49:04Z INFO GitHubActionsService] AAD Correlation ID for this token request: Unknown
[2026-10-08 17:49:05Z INFO JobDispatcher] Job request 0 for plan fc9a40c8-4888-885e-b96f-493034c5de1b job b6de44dc-56ee-52c7-b9b6-833fb5815995 received.
[2026-10-08 17:49:05Z INFO JobDispatcher] Pull OrchestrationId fc9a40c8-4888-885e-b96f-493034c5de1b.validate-prod.__default from JWT claims
[2026-10-08 17:49:05Z INFO BrokerMessageListener] Received job status event. JobState: Busy
[2026-10-08 17:49:05Z INFO BrokerMessageListener] _getMessagesTokenSource is already disposed.
[2026-10-08 17:49:05Z INFO JobDispatcher] Job request 61d55991-bbda-5cb6-8cd7-6ac6456164c9 processed succeed.
[2026-10-08 17:49:05Z INFO Terminal] WRITE LINE: 2026-10-08 17:49:05Z: Running job: validate-prod
[2026-10-08 17:49:05Z INFO JobDispatcher] Start renew job request 0 for job b6de44dc-56ee-52c7-b9b6-833fb5815995.
[2026-10-08 17:49:05Z INFO JobDispatcher] Successfully renew job b6de44dc-56ee-52c7-b9b6-833fb5815995, job is valid till 08/10/2026 17:59:01
[2026-10-08 17:49:05Z INFO HostContext] Well known directory 'Bin': 'C:\Users\neo_o\Desktop\Github Practicas\Users\actions-runner\bin'
[2026-10-08 17:49:05Z INFO ProcessInvokerWrapper] Starting process:
[2026-10-08 17:49:05Z INFO ProcessInvokerWrapper]   File name: 'C:\Users\neo_o\Desktop\Github Practicas\Users\actions-runner\bin\Runner.Worker.exe'
[2026-10-08 17:49:05Z INFO ProcessInvokerWrapper]   Arguments: 'spawnclient 2656 2244'
[2026-10-08 17:49:05Z INFO ProcessInvokerWrapper]   Working directory: 'C:\Users\neo_o\Desktop\Github Practicas\Users\actions-runner\bin'
[2026-10-08 17:49:05Z INFO ProcessInvokerWrapper]   Require exit code zero: 'False'
[2026-10-08 17:49:05Z INFO ProcessInvokerWrapper]   Encoding web name:  ; code page: ''
[2026-10-08 17:49:05Z INFO ProcessInvokerWrapper]   Force kill process on cancellation: 'True'
[2026-10-08 17:49:05Z INFO ProcessInvokerWrapper]   Redirected STDIN: 'False'
[2026-10-08 17:49:05Z INFO ProcessInvokerWrapper]   Persist current code page: 'False'
[2026-10-08 17:49:05Z INFO ProcessInvokerWrapper]   Keep redirected STDIN open: 'False'
[2026-10-08 17:49:05Z INFO ProcessInvokerWrapper]   High priority process: 'True'
[2026-10-08 17:49:05Z INFO ProcessInvokerWrapper] Process started with process id 14404, waiting for process exit.
[2026-10-08 17:49:05Z INFO JobDispatcher] Send job request message to worker for job b6de44dc-56ee-52c7-b9b6-833fb5815995.
[2026-10-08 17:49:05Z INFO ProcessChannel] Sending message of length 22139, with hash '0e8ec0559618e58230b6d0af8628cb550467012ea42833249fa628f6b0f8bb79'
[2026-10-08 17:49:05Z INFO JobNotification] Entering JobStarted Notification
[2026-10-08 17:49:05Z INFO JobNotification] Entering StartMonitor
[2026-10-08 17:49:41Z INFO ProcessInvokerWrapper] STDOUT/STDERR stream read finished.
[2026-10-08 17:49:41Z INFO ProcessInvokerWrapper] STDOUT/STDERR stream read finished.
[2026-10-08 17:49:41Z INFO ProcessInvokerWrapper] Finished process 14404 with exit code 102, and elapsed time 00:00:36.1919286.
[2026-10-08 17:49:41Z INFO JobDispatcher] Worker finished for job b6de44dc-56ee-52c7-b9b6-833fb5815995. Code: 102
[2026-10-08 17:49:41Z INFO JobDispatcher] finish job request for job b6de44dc-56ee-52c7-b9b6-833fb5815995 with result: Failed
[2026-10-08 17:49:41Z INFO Terminal] WRITE LINE: 2026-10-08 17:49:41Z: Job validate-prod completed with result: Failed
[2026-10-08 17:49:41Z INFO JobDispatcher] Stop renew job request for job b6de44dc-56ee-52c7-b9b6-833fb5815995.
[2026-10-08 17:49:41Z INFO JobDispatcher] job renew has been cancelled, stop renew job b6de44dc-56ee-52c7-b9b6-833fb5815995.
[2026-10-08 17:49:41Z INFO JobNotification] Entering JobCompleted Notification
[2026-10-08 17:49:41Z INFO JobNotification] Entering EndMonitor
[2026-10-08 17:49:41Z INFO BrokerMessageListener] Received job status event. JobState: Online
[2026-10-08 17:49:41Z WARN GitHubActionsService] GET request to https://broker.actions.githubusercontent.com/message?sessionId=81cfdd13-22de-4d75-b670-0e21c5c7dbb6&status=Busy&runnerVersion=2.337.0&os=Windows&architecture=X64&disableUpdate=false has been cancelled.
[2026-10-08 17:49:41Z ERR  BrokerServer] Catch exception during request
[2026-10-08 17:49:41Z ERR  BrokerServer] System.Threading.Tasks.TaskCanceledException: The operation was canceled.
 ---> System.Threading.Tasks.TaskCanceledException: The operation was canceled.
 ---> System.IO.IOException: Unable to read data from the transport connection: La operación de E/S se anuló por una salida de subproceso o por una solicitud de aplicación..
 ---> System.Net.Sockets.SocketException (995): La operación de E/S se anuló por una salida de subproceso o por una solicitud de aplicación.
   --- End of inner exception stack trace ---
   at System.Net.Sockets.Socket.AwaitableSocketAsyncEventArgs.System.Threading.Tasks.Sources.IValueTaskSource<System.Int32>.GetResult(Int16 token)
   at System.Net.Security.SslStream.EnsureFullTlsFrameAsync[TIOAdapter](CancellationToken cancellationToken, Int32 estimatedSize)
   at System.Runtime.CompilerServices.PoolingAsyncValueTaskMethodBuilder`1.StateMachineBox`1.System.Threading.Tasks.Sources.IValueTaskSource<TResult>.GetResult(Int16 token)
   at System.Net.Security.SslStream.ReadAsyncInternal[TIOAdapter](Memory`1 buffer, CancellationToken cancellationToken)
   at System.Runtime.CompilerServices.PoolingAsyncValueTaskMethodBuilder`1.StateMachineBox`1.System.Threading.Tasks.Sources.IValueTaskSource<TResult>.GetResult(Int16 token)
   at System.Net.Http.HttpConnection.SendAsync(HttpRequestMessage request, Boolean async, CancellationToken cancellationToken)
   --- End of inner exception stack trace ---
   at System.Net.Http.HttpConnection.SendAsync(HttpRequestMessage request, Boolean async, CancellationToken cancellationToken)
   at System.Net.Http.AuthenticationHelper.SendWithNtAuthAsync(HttpRequestMessage request, Uri authUri, Boolean async, ICredentials credentials, Boolean isProxyAuth, HttpConnection connection, HttpConnectionPool connectionPool, CancellationToken cancellationToken)
   at System.Net.Http.HttpConnectionPool.SendWithVersionDetectionAndRetryAsync(HttpRequestMessage request, Boolean async, Boolean doRequestAuth, CancellationToken cancellationToken)
   at System.Net.Http.AuthenticationHelper.SendWithAuthAsync(HttpRequestMessage request, Uri authUri, Boolean async, ICredentials credentials, Boolean preAuthenticate, Boolean isProxyAuth, Boolean doRequestAuth, HttpConnectionPool pool, CancellationToken cancellationToken)
   at System.Net.Http.RedirectHandler.SendAsync(HttpRequestMessage request, Boolean async, CancellationToken cancellationToken)
   at GitHub.Services.Common.RawHttpMessageHandler.SendAsync(HttpRequestMessage request, CancellationToken cancellationToken)
   at GitHub.Services.Common.VssHttpRetryMessageHandler.SendAsync(HttpRequestMessage request, CancellationToken cancellationToken)
   at System.Net.Http.HttpClient.<SendAsync>g__Core|83_0(HttpRequestMessage request, HttpCompletionOption completionOption, CancellationTokenSource cts, Boolean disposeCts, CancellationTokenSource pendingRequestsCts, CancellationToken originalCancellationToken)
   --- End of inner exception stack trace ---
   at System.Net.Http.HttpClient.HandleFailure(Exception e, Boolean telemetryStarted, HttpResponseMessage response, CancellationTokenSource cts, CancellationToken cancellationToken, CancellationTokenSource pendingRequestsCts)
   at System.Net.Http.HttpClient.<SendAsync>g__Core|83_0(HttpRequestMessage request, HttpCompletionOption completionOption, CancellationTokenSource cts, Boolean disposeCts, CancellationTokenSource pendingRequestsCts, CancellationToken originalCancellationToken)
   at Sdk.WebApi.WebApi.RawHttpClientBase.SendAsync(HttpRequestMessage message, HttpCompletionOption completionOption, Object userState, CancellationToken cancellationToken)
   at Sdk.WebApi.WebApi.RawHttpClientBase.SendAsync[T](HttpRequestMessage message, Boolean readErrorBody, Object userState, CancellationToken cancellationToken)
   at Sdk.WebApi.WebApi.RawHttpClientBase.SendAsync[T](HttpMethod method, IEnumerable`1 additionalHeaders, Uri requestUri, HttpContent content, IEnumerable`1 queryParameters, Boolean readErrorBody, Object userState, CancellationToken cancellationToken)
   at GitHub.Actions.RunService.WebApi.BrokerHttpClient.GetRunnerMessageAsync(Nullable`1 sessionId, String runnerVersion, Nullable`1 status, String os, String architecture, Nullable`1 disableUpdate, CancellationToken cancellationToken)
   at GitHub.Runner.Common.BrokerServer.<>c__DisplayClass7_0.<<GetRunnerMessageAsync>b__0>d.MoveNext()
--- End of stack trace from previous location ---
   at GitHub.Runner.Common.RunnerService.RetryRequest[T](Func`1 func, CancellationToken cancellationToken, Int32 maxAttempts, Func`2 shouldRetry)
[2026-10-08 17:49:41Z ERR  BrokerServer] #####################################################
[2026-10-08 17:49:41Z ERR  BrokerServer] System.Threading.Tasks.TaskCanceledException: The operation was canceled.
 ---> System.IO.IOException: Unable to read data from the transport connection: La operación de E/S se anuló por una salida de subproceso o por una solicitud de aplicación..
 ---> System.Net.Sockets.SocketException (995): La operación de E/S se anuló por una salida de subproceso o por una solicitud de aplicación.
   --- End of inner exception stack trace ---
   at System.Net.Sockets.Socket.AwaitableSocketAsyncEventArgs.System.Threading.Tasks.Sources.IValueTaskSource<System.Int32>.GetResult(Int16 token)
   at System.Net.Security.SslStream.EnsureFullTlsFrameAsync[TIOAdapter](CancellationToken cancellationToken, Int32 estimatedSize)
   at System.Runtime.CompilerServices.PoolingAsyncValueTaskMethodBuilder`1.StateMachineBox`1.System.Threading.Tasks.Sources.IValueTaskSource<TResult>.GetResult(Int16 token)
   at System.Net.Security.SslStream.ReadAsyncInternal[TIOAdapter](Memory`1 buffer, CancellationToken cancellationToken)
   at System.Runtime.CompilerServices.PoolingAsyncValueTaskMethodBuilder`1.StateMachineBox`1.System.Threading.Tasks.Sources.IValueTaskSource<TResult>.GetResult(Int16 token)
   at System.Net.Http.HttpConnection.SendAsync(HttpRequestMessage request, Boolean async, CancellationToken cancellationToken)
   --- End of inner exception stack trace ---
   at System.Net.Http.HttpConnection.SendAsync(HttpRequestMessage request, Boolean async, CancellationToken cancellationToken)
   at System.Net.Http.AuthenticationHelper.SendWithNtAuthAsync(HttpRequestMessage request, Uri authUri, Boolean async, ICredentials credentials, Boolean isProxyAuth, HttpConnection connection, HttpConnectionPool connectionPool, CancellationToken cancellationToken)
   at System.Net.Http.HttpConnectionPool.SendWithVersionDetectionAndRetryAsync(HttpRequestMessage request, Boolean async, Boolean doRequestAuth, CancellationToken cancellationToken)
   at System.Net.Http.AuthenticationHelper.SendWithAuthAsync(HttpRequestMessage request, Uri authUri, Boolean async, ICredentials credentials, Boolean preAuthenticate, Boolean isProxyAuth, Boolean doRequestAuth, HttpConnectionPool pool, CancellationToken cancellationToken)
   at System.Net.Http.RedirectHandler.SendAsync(HttpRequestMessage request, Boolean async, CancellationToken cancellationToken)
   at GitHub.Services.Common.RawHttpMessageHandler.SendAsync(HttpRequestMessage request, CancellationToken cancellationToken)
   at GitHub.Services.Common.VssHttpRetryMessageHandler.SendAsync(HttpRequestMessage request, CancellationToken cancellationToken)
   at System.Net.Http.HttpClient.<SendAsync>g__Core|83_0(HttpRequestMessage request, HttpCompletionOption completionOption, CancellationTokenSource cts, Boolean disposeCts, CancellationTokenSource pendingRequestsCts, CancellationToken originalCancellationToken)
[2026-10-08 17:49:41Z ERR  BrokerServer] #####################################################
[2026-10-08 17:49:41Z ERR  BrokerServer] System.IO.IOException: Unable to read data from the transport connection: La operación de E/S se anuló por una salida de subproceso o por una solicitud de aplicación..
 ---> System.Net.Sockets.SocketException (995): La operación de E/S se anuló por una salida de subproceso o por una solicitud de aplicación.
   --- End of inner exception stack trace ---
   at System.Net.Sockets.Socket.AwaitableSocketAsyncEventArgs.System.Threading.Tasks.Sources.IValueTaskSource<System.Int32>.GetResult(Int16 token)
   at System.Net.Security.SslStream.EnsureFullTlsFrameAsync[TIOAdapter](CancellationToken cancellationToken, Int32 estimatedSize)
   at System.Runtime.CompilerServices.PoolingAsyncValueTaskMethodBuilder`1.StateMachineBox`1.System.Threading.Tasks.Sources.IValueTaskSource<TResult>.GetResult(Int16 token)
   at System.Net.Security.SslStream.ReadAsyncInternal[TIOAdapter](Memory`1 buffer, CancellationToken cancellationToken)
   at System.Runtime.CompilerServices.PoolingAsyncValueTaskMethodBuilder`1.StateMachineBox`1.System.Threading.Tasks.Sources.IValueTaskSource<TResult>.GetResult(Int16 token)
   at System.Net.Http.HttpConnection.SendAsync(HttpRequestMessage request, Boolean async, CancellationToken cancellationToken)
[2026-10-08 17:49:41Z ERR  BrokerServer] #####################################################
[2026-10-08 17:49:41Z ERR  BrokerServer] System.Net.Sockets.SocketException (995): La operación de E/S se anuló por una salida de subproceso o por una solicitud de aplicación.
[2026-10-08 17:49:41Z WARN BrokerServer] Back off 10,632 seconds before next retry. 4 attempt left.
[2026-10-08 17:49:41Z INFO BrokerMessageListener] Get messages has been cancelled using local token source. Continue to get messages with new status.
[2026-10-08 17:57:32Z INFO BrokerMessageListener] Acknowledging runner request '625b383e-c035-5d4f-8004-a82432afd2cd'.
[2026-10-08 17:57:33Z INFO ConfigurationStore] HasCredentials()
[2026-10-08 17:57:33Z INFO ConfigurationStore] stored True
[2026-10-08 17:57:33Z INFO CredentialManager] GetCredentialProvider
[2026-10-08 17:57:33Z INFO CredentialManager] Creating type OAuth
[2026-10-08 17:57:33Z INFO CredentialManager] Creating credential type: OAuth
[2026-10-08 17:57:33Z INFO RSAEncryptedFileKeyManager] Loading RSA key parameters from file C:\Users\neo_o\Desktop\Github Practicas\Users\actions-runner\.credentials_rsaparams
[2026-10-08 17:57:33Z INFO RSAEncryptedFileKeyManager] Loading RSA key parameters from file C:\Users\neo_o\Desktop\Github Practicas\Users\actions-runner\.credentials_rsaparams
[2026-10-08 17:57:33Z INFO RSAEncryptedFileKeyManager] Loading RSA key parameters from file C:\Users\neo_o\Desktop\Github Practicas\Users\actions-runner\.credentials_rsaparams
[2026-10-08 17:57:33Z INFO GitHubActionsService] AAD Correlation ID for this token request: Unknown
[2026-10-08 17:57:34Z INFO JobDispatcher] Job request 0 for plan dd0dc925-f67b-8c98-8f80-74bdfcbc98be job 625b383e-c035-5d4f-8004-a82432afd2cd received.
[2026-10-08 17:57:34Z INFO JobDispatcher] Pull OrchestrationId dd0dc925-f67b-8c98-8f80-74bdfcbc98be.validate-prod.__default from JWT claims
[2026-10-08 17:57:34Z INFO BrokerMessageListener] Received job status event. JobState: Busy
[2026-10-08 17:57:34Z INFO BrokerMessageListener] _getMessagesTokenSource is already disposed.
[2026-10-08 17:57:34Z INFO JobDispatcher] Job request b6de44dc-56ee-52c7-b9b6-833fb5815995 processed succeed.
[2026-10-08 17:57:34Z INFO Terminal] WRITE LINE: 2026-10-08 17:57:34Z: Running job: validate-prod
[2026-10-08 17:57:34Z INFO JobDispatcher] Start renew job request 0 for job 625b383e-c035-5d4f-8004-a82432afd2cd.
[2026-10-08 17:57:34Z INFO JobDispatcher] Successfully renew job 625b383e-c035-5d4f-8004-a82432afd2cd, job is valid till 08/10/2026 18:07:30
[2026-10-08 17:57:34Z INFO HostContext] Well known directory 'Bin': 'C:\Users\neo_o\Desktop\Github Practicas\Users\actions-runner\bin'
[2026-10-08 17:57:34Z INFO ProcessInvokerWrapper] Starting process:
[2026-10-08 17:57:34Z INFO ProcessInvokerWrapper]   File name: 'C:\Users\neo_o\Desktop\Github Practicas\Users\actions-runner\bin\Runner.Worker.exe'
[2026-10-08 17:57:34Z INFO ProcessInvokerWrapper]   Arguments: 'spawnclient 1564 2328'
[2026-10-08 17:57:34Z INFO ProcessInvokerWrapper]   Working directory: 'C:\Users\neo_o\Desktop\Github Practicas\Users\actions-runner\bin'
[2026-10-08 17:57:34Z INFO ProcessInvokerWrapper]   Require exit code zero: 'False'
[2026-10-08 17:57:34Z INFO ProcessInvokerWrapper]   Encoding web name:  ; code page: ''
[2026-10-08 17:57:34Z INFO ProcessInvokerWrapper]   Force kill process on cancellation: 'True'
[2026-10-08 17:57:34Z INFO ProcessInvokerWrapper]   Redirected STDIN: 'False'
[2026-10-08 17:57:34Z INFO ProcessInvokerWrapper]   Persist current code page: 'False'
[2026-10-08 17:57:34Z INFO ProcessInvokerWrapper]   Keep redirected STDIN open: 'False'
[2026-10-08 17:57:34Z INFO ProcessInvokerWrapper]   High priority process: 'True'
[2026-10-08 17:57:34Z INFO ProcessInvokerWrapper] Process started with process id 18196, waiting for process exit.
[2026-10-08 17:57:34Z INFO JobDispatcher] Send job request message to worker for job 625b383e-c035-5d4f-8004-a82432afd2cd.
[2026-10-08 17:57:34Z INFO ProcessChannel] Sending message of length 22146, with hash '9fd95c19731eff94543d90776449ec022c6bcd9a2b89d0a1726b2a7633ce4ec3'
[2026-10-08 17:57:34Z INFO JobNotification] Entering JobStarted Notification
[2026-10-08 17:57:34Z INFO JobNotification] Entering StartMonitor
[2026-10-08 17:58:10Z INFO ProcessInvokerWrapper] STDOUT/STDERR stream read finished.
[2026-10-08 17:58:10Z INFO ProcessInvokerWrapper] STDOUT/STDERR stream read finished.
[2026-10-08 17:58:10Z INFO ProcessInvokerWrapper] Finished process 18196 with exit code 102, and elapsed time 00:00:36.2563199.
[2026-10-08 17:58:10Z INFO JobDispatcher] Worker finished for job 625b383e-c035-5d4f-8004-a82432afd2cd. Code: 102
[2026-10-08 17:58:10Z INFO JobDispatcher] finish job request for job 625b383e-c035-5d4f-8004-a82432afd2cd with result: Failed
[2026-10-08 17:58:10Z INFO Terminal] WRITE LINE: 2026-10-08 17:58:10Z: Job validate-prod completed with result: Failed
[2026-10-08 17:58:10Z INFO JobDispatcher] Stop renew job request for job 625b383e-c035-5d4f-8004-a82432afd2cd.
[2026-10-08 17:58:10Z INFO JobDispatcher] job renew has been cancelled, stop renew job 625b383e-c035-5d4f-8004-a82432afd2cd.
[2026-10-08 17:58:10Z INFO JobNotification] Entering JobCompleted Notification
[2026-10-08 17:58:10Z INFO JobNotification] Entering EndMonitor
[2026-10-08 17:58:10Z INFO BrokerMessageListener] Received job status event. JobState: Online
[2026-10-08 17:58:10Z WARN GitHubActionsService] GET request to https://broker.actions.githubusercontent.com/message?sessionId=81cfdd13-22de-4d75-b670-0e21c5c7dbb6&status=Busy&runnerVersion=2.337.0&os=Windows&architecture=X64&disableUpdate=false has been cancelled.
[2026-10-08 17:58:10Z ERR  BrokerServer] Catch exception during request
[2026-10-08 17:58:10Z ERR  BrokerServer] System.Threading.Tasks.TaskCanceledException: The operation was canceled.
 ---> System.Threading.Tasks.TaskCanceledException: The operation was canceled.
 ---> System.IO.IOException: Unable to read data from the transport connection: La operación de E/S se anuló por una salida de subproceso o por una solicitud de aplicación..
 ---> System.Net.Sockets.SocketException (995): La operación de E/S se anuló por una salida de subproceso o por una solicitud de aplicación.
   --- End of inner exception stack trace ---
   at System.Net.Sockets.Socket.AwaitableSocketAsyncEventArgs.System.Threading.Tasks.Sources.IValueTaskSource<System.Int32>.GetResult(Int16 token)
   at System.Net.Security.SslStream.EnsureFullTlsFrameAsync[TIOAdapter](CancellationToken cancellationToken, Int32 estimatedSize)
   at System.Runtime.CompilerServices.PoolingAsyncValueTaskMethodBuilder`1.StateMachineBox`1.System.Threading.Tasks.Sources.IValueTaskSource<TResult>.GetResult(Int16 token)
   at System.Net.Security.SslStream.ReadAsyncInternal[TIOAdapter](Memory`1 buffer, CancellationToken cancellationToken)
   at System.Runtime.CompilerServices.PoolingAsyncValueTaskMethodBuilder`1.StateMachineBox`1.System.Threading.Tasks.Sources.IValueTaskSource<TResult>.GetResult(Int16 token)
   at System.Net.Http.HttpConnection.SendAsync(HttpRequestMessage request, Boolean async, CancellationToken cancellationToken)
   --- End of inner exception stack trace ---
   at System.Net.Http.HttpConnection.SendAsync(HttpRequestMessage request, Boolean async, CancellationToken cancellationToken)
   at System.Net.Http.AuthenticationHelper.SendWithNtAuthAsync(HttpRequestMessage request, Uri authUri, Boolean async, ICredentials credentials, Boolean isProxyAuth, HttpConnection connection, HttpConnectionPool connectionPool, CancellationToken cancellationToken)
   at System.Net.Http.HttpConnectionPool.SendWithVersionDetectionAndRetryAsync(HttpRequestMessage request, Boolean async, Boolean doRequestAuth, CancellationToken cancellationToken)
   at System.Net.Http.AuthenticationHelper.SendWithAuthAsync(HttpRequestMessage request, Uri authUri, Boolean async, ICredentials credentials, Boolean preAuthenticate, Boolean isProxyAuth, Boolean doRequestAuth, HttpConnectionPool pool, CancellationToken cancellationToken)
   at System.Net.Http.RedirectHandler.SendAsync(HttpRequestMessage request, Boolean async, CancellationToken cancellationToken)
   at GitHub.Services.Common.RawHttpMessageHandler.SendAsync(HttpRequestMessage request, CancellationToken cancellationToken)
   at GitHub.Services.Common.VssHttpRetryMessageHandler.SendAsync(HttpRequestMessage request, CancellationToken cancellationToken)
   at System.Net.Http.HttpClient.<SendAsync>g__Core|83_0(HttpRequestMessage request, HttpCompletionOption completionOption, CancellationTokenSource cts, Boolean disposeCts, CancellationTokenSource pendingRequestsCts, CancellationToken originalCancellationToken)
   --- End of inner exception stack trace ---
   at System.Net.Http.HttpClient.HandleFailure(Exception e, Boolean telemetryStarted, HttpResponseMessage response, CancellationTokenSource cts, CancellationToken cancellationToken, CancellationTokenSource pendingRequestsCts)
   at System.Net.Http.HttpClient.<SendAsync>g__Core|83_0(HttpRequestMessage request, HttpCompletionOption completionOption, CancellationTokenSource cts, Boolean disposeCts, CancellationTokenSource pendingRequestsCts, CancellationToken originalCancellationToken)
   at Sdk.WebApi.WebApi.RawHttpClientBase.SendAsync(HttpRequestMessage message, HttpCompletionOption completionOption, Object userState, CancellationToken cancellationToken)
   at Sdk.WebApi.WebApi.RawHttpClientBase.SendAsync[T](HttpRequestMessage message, Boolean readErrorBody, Object userState, CancellationToken cancellationToken)
   at Sdk.WebApi.WebApi.RawHttpClientBase.SendAsync[T](HttpMethod method, IEnumerable`1 additionalHeaders, Uri requestUri, HttpContent content, IEnumerable`1 queryParameters, Boolean readErrorBody, Object userState, CancellationToken cancellationToken)
   at GitHub.Actions.RunService.WebApi.BrokerHttpClient.GetRunnerMessageAsync(Nullable`1 sessionId, String runnerVersion, Nullable`1 status, String os, String architecture, Nullable`1 disableUpdate, CancellationToken cancellationToken)
   at GitHub.Runner.Common.BrokerServer.<>c__DisplayClass7_0.<<GetRunnerMessageAsync>b__0>d.MoveNext()
--- End of stack trace from previous location ---
   at GitHub.Runner.Common.RunnerService.RetryRequest[T](Func`1 func, CancellationToken cancellationToken, Int32 maxAttempts, Func`2 shouldRetry)
[2026-10-08 17:58:10Z ERR  BrokerServer] #####################################################
[2026-10-08 17:58:10Z ERR  BrokerServer] System.Threading.Tasks.TaskCanceledException: The operation was canceled.
 ---> System.IO.IOException: Unable to read data from the transport connection: La operación de E/S se anuló por una salida de subproceso o por una solicitud de aplicación..
 ---> System.Net.Sockets.SocketException (995): La operación de E/S se anuló por una salida de subproceso o por una solicitud de aplicación.
   --- End of inner exception stack trace ---
   at System.Net.Sockets.Socket.AwaitableSocketAsyncEventArgs.System.Threading.Tasks.Sources.IValueTaskSource<System.Int32>.GetResult(Int16 token)
   at System.Net.Security.SslStream.EnsureFullTlsFrameAsync[TIOAdapter](CancellationToken cancellationToken, Int32 estimatedSize)
   at System.Runtime.CompilerServices.PoolingAsyncValueTaskMethodBuilder`1.StateMachineBox`1.System.Threading.Tasks.Sources.IValueTaskSource<TResult>.GetResult(Int16 token)
   at System.Net.Security.SslStream.ReadAsyncInternal[TIOAdapter](Memory`1 buffer, CancellationToken cancellationToken)
   at System.Runtime.CompilerServices.PoolingAsyncValueTaskMethodBuilder`1.StateMachineBox`1.System.Threading.Tasks.Sources.IValueTaskSource<TResult>.GetResult(Int16 token)
   at System.Net.Http.HttpConnection.SendAsync(HttpRequestMessage request, Boolean async, CancellationToken cancellationToken)
   --- End of inner exception stack trace ---
   at System.Net.Http.HttpConnection.SendAsync(HttpRequestMessage request, Boolean async, CancellationToken cancellationToken)
   at System.Net.Http.AuthenticationHelper.SendWithNtAuthAsync(HttpRequestMessage request, Uri authUri, Boolean async, ICredentials credentials, Boolean isProxyAuth, HttpConnection connection, HttpConnectionPool connectionPool, CancellationToken cancellationToken)
   at System.Net.Http.HttpConnectionPool.SendWithVersionDetectionAndRetryAsync(HttpRequestMessage request, Boolean async, Boolean doRequestAuth, CancellationToken cancellationToken)
   at System.Net.Http.AuthenticationHelper.SendWithAuthAsync(HttpRequestMessage request, Uri authUri, Boolean async, ICredentials credentials, Boolean preAuthenticate, Boolean isProxyAuth, Boolean doRequestAuth, HttpConnectionPool pool, CancellationToken cancellationToken)
   at System.Net.Http.RedirectHandler.SendAsync(HttpRequestMessage request, Boolean async, CancellationToken cancellationToken)
   at GitHub.Services.Common.RawHttpMessageHandler.SendAsync(HttpRequestMessage request, CancellationToken cancellationToken)
   at GitHub.Services.Common.VssHttpRetryMessageHandler.SendAsync(HttpRequestMessage request, CancellationToken cancellationToken)
   at System.Net.Http.HttpClient.<SendAsync>g__Core|83_0(HttpRequestMessage request, HttpCompletionOption completionOption, CancellationTokenSource cts, Boolean disposeCts, CancellationTokenSource pendingRequestsCts, CancellationToken originalCancellationToken)
[2026-10-08 17:58:10Z ERR  BrokerServer] #####################################################
[2026-10-08 17:58:10Z ERR  BrokerServer] System.IO.IOException: Unable to read data from the transport connection: La operación de E/S se anuló por una salida de subproceso o por una solicitud de aplicación..
 ---> System.Net.Sockets.SocketException (995): La operación de E/S se anuló por una salida de subproceso o por una solicitud de aplicación.
   --- End of inner exception stack trace ---
   at System.Net.Sockets.Socket.AwaitableSocketAsyncEventArgs.System.Threading.Tasks.Sources.IValueTaskSource<System.Int32>.GetResult(Int16 token)
   at System.Net.Security.SslStream.EnsureFullTlsFrameAsync[TIOAdapter](CancellationToken cancellationToken, Int32 estimatedSize)
   at System.Runtime.CompilerServices.PoolingAsyncValueTaskMethodBuilder`1.StateMachineBox`1.System.Threading.Tasks.Sources.IValueTaskSource<TResult>.GetResult(Int16 token)
   at System.Net.Security.SslStream.ReadAsyncInternal[TIOAdapter](Memory`1 buffer, CancellationToken cancellationToken)
   at System.Runtime.CompilerServices.PoolingAsyncValueTaskMethodBuilder`1.StateMachineBox`1.System.Threading.Tasks.Sources.IValueTaskSource<TResult>.GetResult(Int16 token)
   at System.Net.Http.HttpConnection.SendAsync(HttpRequestMessage request, Boolean async, CancellationToken cancellationToken)
[2026-10-08 17:58:10Z ERR  BrokerServer] #####################################################
[2026-10-08 17:58:10Z ERR  BrokerServer] System.Net.Sockets.SocketException (995): La operación de E/S se anuló por una salida de subproceso o por una solicitud de aplicación.
[2026-10-08 17:58:10Z WARN BrokerServer] Back off 10,719 seconds before next retry. 4 attempt left.
[2026-10-08 17:58:10Z INFO BrokerMessageListener] Get messages has been cancelled using local token source. Continue to get messages with new status.
[2026-10-08 18:08:27Z INFO BrokerMessageListener] Acknowledging runner request '4591e37e-59a8-5919-a795-b6d480eb3511'.
[2026-10-08 18:08:27Z INFO ConfigurationStore] HasCredentials()
[2026-10-08 18:08:27Z INFO ConfigurationStore] stored True
[2026-10-08 18:08:27Z INFO CredentialManager] GetCredentialProvider
[2026-10-08 18:08:27Z INFO CredentialManager] Creating type OAuth
[2026-10-08 18:08:27Z INFO CredentialManager] Creating credential type: OAuth
[2026-10-08 18:08:27Z INFO RSAEncryptedFileKeyManager] Loading RSA key parameters from file C:\Users\neo_o\Desktop\Github Practicas\Users\actions-runner\.credentials_rsaparams
[2026-10-08 18:08:27Z INFO RSAEncryptedFileKeyManager] Loading RSA key parameters from file C:\Users\neo_o\Desktop\Github Practicas\Users\actions-runner\.credentials_rsaparams
[2026-10-08 18:08:27Z INFO RSAEncryptedFileKeyManager] Loading RSA key parameters from file C:\Users\neo_o\Desktop\Github Practicas\Users\actions-runner\.credentials_rsaparams
[2026-10-08 18:08:27Z INFO GitHubActionsService] AAD Correlation ID for this token request: Unknown
[2026-10-08 18:08:28Z INFO JobDispatcher] Job request 0 for plan 4178c4c6-6048-84df-9159-e691bd452f7b job 4591e37e-59a8-5919-a795-b6d480eb3511 received.
[2026-10-08 18:08:28Z INFO JobDispatcher] Pull OrchestrationId 4178c4c6-6048-84df-9159-e691bd452f7b.validate-prod.__default from JWT claims
[2026-10-08 18:08:28Z INFO BrokerMessageListener] Received job status event. JobState: Busy
[2026-10-08 18:08:28Z INFO BrokerMessageListener] _getMessagesTokenSource is already disposed.
[2026-10-08 18:08:28Z INFO JobDispatcher] Job request 625b383e-c035-5d4f-8004-a82432afd2cd processed succeed.
[2026-10-08 18:08:28Z INFO Terminal] WRITE LINE: 2026-10-08 18:08:28Z: Running job: validate-prod
[2026-10-08 18:08:28Z INFO JobDispatcher] Start renew job request 0 for job 4591e37e-59a8-5919-a795-b6d480eb3511.
[2026-10-08 18:08:28Z INFO JobDispatcher] Successfully renew job 4591e37e-59a8-5919-a795-b6d480eb3511, job is valid till 08/10/2026 18:18:24
[2026-10-08 18:08:28Z INFO HostContext] Well known directory 'Bin': 'C:\Users\neo_o\Desktop\Github Practicas\Users\actions-runner\bin'
[2026-10-08 18:08:28Z INFO ProcessInvokerWrapper] Starting process:
[2026-10-08 18:08:28Z INFO ProcessInvokerWrapper]   File name: 'C:\Users\neo_o\Desktop\Github Practicas\Users\actions-runner\bin\Runner.Worker.exe'
[2026-10-08 18:08:28Z INFO ProcessInvokerWrapper]   Arguments: 'spawnclient 2952 2964'
[2026-10-08 18:08:28Z INFO ProcessInvokerWrapper]   Working directory: 'C:\Users\neo_o\Desktop\Github Practicas\Users\actions-runner\bin'
[2026-10-08 18:08:28Z INFO ProcessInvokerWrapper]   Require exit code zero: 'False'
[2026-10-08 18:08:28Z INFO ProcessInvokerWrapper]   Encoding web name:  ; code page: ''
[2026-10-08 18:08:28Z INFO ProcessInvokerWrapper]   Force kill process on cancellation: 'True'
[2026-10-08 18:08:28Z INFO ProcessInvokerWrapper]   Redirected STDIN: 'False'
[2026-10-08 18:08:28Z INFO ProcessInvokerWrapper]   Persist current code page: 'False'
[2026-10-08 18:08:28Z INFO ProcessInvokerWrapper]   Keep redirected STDIN open: 'False'
[2026-10-08 18:08:28Z INFO ProcessInvokerWrapper]   High priority process: 'True'
[2026-10-08 18:08:28Z INFO ProcessInvokerWrapper] Process started with process id 9552, waiting for process exit.
[2026-10-08 18:08:28Z INFO JobDispatcher] Send job request message to worker for job 4591e37e-59a8-5919-a795-b6d480eb3511.
[2026-10-08 18:08:28Z INFO ProcessChannel] Sending message of length 22152, with hash 'c385947a080da6aaee65409ab3e5868917cbbcebb1b139d3d0446f8c2f701337'
[2026-10-08 18:08:28Z INFO JobNotification] Entering JobStarted Notification
[2026-10-08 18:08:28Z INFO JobNotification] Entering StartMonitor
[2026-10-08 18:09:03Z INFO ProcessInvokerWrapper] STDOUT/STDERR stream read finished.
[2026-10-08 18:09:03Z INFO ProcessInvokerWrapper] STDOUT/STDERR stream read finished.
[2026-10-08 18:09:03Z INFO ProcessInvokerWrapper] Finished process 9552 with exit code 100, and elapsed time 00:00:34.7761655.
[2026-10-08 18:09:03Z INFO JobDispatcher] Worker finished for job 4591e37e-59a8-5919-a795-b6d480eb3511. Code: 100
[2026-10-08 18:09:03Z INFO JobDispatcher] finish job request for job 4591e37e-59a8-5919-a795-b6d480eb3511 with result: Succeeded
[2026-10-08 18:09:03Z INFO Terminal] WRITE LINE: 2026-10-08 18:09:03Z: Job validate-prod completed with result: Succeeded
[2026-10-08 18:09:03Z INFO JobDispatcher] Stop renew job request for job 4591e37e-59a8-5919-a795-b6d480eb3511.
[2026-10-08 18:09:03Z INFO JobDispatcher] job renew has been cancelled, stop renew job 4591e37e-59a8-5919-a795-b6d480eb3511.
[2026-10-08 18:09:03Z INFO JobNotification] Entering JobCompleted Notification
[2026-10-08 18:09:03Z INFO JobNotification] Entering EndMonitor
[2026-10-08 18:09:03Z INFO BrokerMessageListener] Received job status event. JobState: Online
[2026-10-08 18:09:03Z WARN GitHubActionsService] GET request to https://broker.actions.githubusercontent.com/message?sessionId=81cfdd13-22de-4d75-b670-0e21c5c7dbb6&status=Busy&runnerVersion=2.337.0&os=Windows&architecture=X64&disableUpdate=false has been cancelled.
[2026-10-08 18:09:03Z ERR  BrokerServer] Catch exception during request
[2026-10-08 18:09:03Z ERR  BrokerServer] System.Threading.Tasks.TaskCanceledException: The operation was canceled.
 ---> System.Threading.Tasks.TaskCanceledException: The operation was canceled.
 ---> System.IO.IOException: Unable to read data from the transport connection: La operación de E/S se anuló por una salida de subproceso o por una solicitud de aplicación..
 ---> System.Net.Sockets.SocketException (995): La operación de E/S se anuló por una salida de subproceso o por una solicitud de aplicación.
   --- End of inner exception stack trace ---
   at System.Net.Sockets.Socket.AwaitableSocketAsyncEventArgs.System.Threading.Tasks.Sources.IValueTaskSource<System.Int32>.GetResult(Int16 token)
   at System.Net.Security.SslStream.EnsureFullTlsFrameAsync[TIOAdapter](CancellationToken cancellationToken, Int32 estimatedSize)
   at System.Runtime.CompilerServices.PoolingAsyncValueTaskMethodBuilder`1.StateMachineBox`1.System.Threading.Tasks.Sources.IValueTaskSource<TResult>.GetResult(Int16 token)
   at System.Net.Security.SslStream.ReadAsyncInternal[TIOAdapter](Memory`1 buffer, CancellationToken cancellationToken)
   at System.Runtime.CompilerServices.PoolingAsyncValueTaskMethodBuilder`1.StateMachineBox`1.System.Threading.Tasks.Sources.IValueTaskSource<TResult>.GetResult(Int16 token)
   at System.Net.Http.HttpConnection.SendAsync(HttpRequestMessage request, Boolean async, CancellationToken cancellationToken)
   --- End of inner exception stack trace ---
   at System.Net.Http.HttpConnection.SendAsync(HttpRequestMessage request, Boolean async, CancellationToken cancellationToken)
   at System.Net.Http.AuthenticationHelper.SendWithNtAuthAsync(HttpRequestMessage request, Uri authUri, Boolean async, ICredentials credentials, Boolean isProxyAuth, HttpConnection connection, HttpConnectionPool connectionPool, CancellationToken cancellationToken)
   at System.Net.Http.HttpConnectionPool.SendWithVersionDetectionAndRetryAsync(HttpRequestMessage request, Boolean async, Boolean doRequestAuth, CancellationToken cancellationToken)
   at System.Net.Http.AuthenticationHelper.SendWithAuthAsync(HttpRequestMessage request, Uri authUri, Boolean async, ICredentials credentials, Boolean preAuthenticate, Boolean isProxyAuth, Boolean doRequestAuth, HttpConnectionPool pool, CancellationToken cancellationToken)
   at System.Net.Http.RedirectHandler.SendAsync(HttpRequestMessage request, Boolean async, CancellationToken cancellationToken)
   at GitHub.Services.Common.RawHttpMessageHandler.SendAsync(HttpRequestMessage request, CancellationToken cancellationToken)
   at GitHub.Services.Common.VssHttpRetryMessageHandler.SendAsync(HttpRequestMessage request, CancellationToken cancellationToken)
   at System.Net.Http.HttpClient.<SendAsync>g__Core|83_0(HttpRequestMessage request, HttpCompletionOption completionOption, CancellationTokenSource cts, Boolean disposeCts, CancellationTokenSource pendingRequestsCts, CancellationToken originalCancellationToken)
   --- End of inner exception stack trace ---
   at System.Net.Http.HttpClient.HandleFailure(Exception e, Boolean telemetryStarted, HttpResponseMessage response, CancellationTokenSource cts, CancellationToken cancellationToken, CancellationTokenSource pendingRequestsCts)
   at System.Net.Http.HttpClient.<SendAsync>g__Core|83_0(HttpRequestMessage request, HttpCompletionOption completionOption, CancellationTokenSource cts, Boolean disposeCts, CancellationTokenSource pendingRequestsCts, CancellationToken originalCancellationToken)
   at Sdk.WebApi.WebApi.RawHttpClientBase.SendAsync(HttpRequestMessage message, HttpCompletionOption completionOption, Object userState, CancellationToken cancellationToken)
   at Sdk.WebApi.WebApi.RawHttpClientBase.SendAsync[T](HttpRequestMessage message, Boolean readErrorBody, Object userState, CancellationToken cancellationToken)
   at Sdk.WebApi.WebApi.RawHttpClientBase.SendAsync[T](HttpMethod method, IEnumerable`1 additionalHeaders, Uri requestUri, HttpContent content, IEnumerable`1 queryParameters, Boolean readErrorBody, Object userState, CancellationToken cancellationToken)
   at GitHub.Actions.RunService.WebApi.BrokerHttpClient.GetRunnerMessageAsync(Nullable`1 sessionId, String runnerVersion, Nullable`1 status, String os, String architecture, Nullable`1 disableUpdate, CancellationToken cancellationToken)
   at GitHub.Runner.Common.BrokerServer.<>c__DisplayClass7_0.<<GetRunnerMessageAsync>b__0>d.MoveNext()
--- End of stack trace from previous location ---
   at GitHub.Runner.Common.RunnerService.RetryRequest[T](Func`1 func, CancellationToken cancellationToken, Int32 maxAttempts, Func`2 shouldRetry)
[2026-10-08 18:09:03Z ERR  BrokerServer] #####################################################
[2026-10-08 18:09:03Z ERR  BrokerServer] System.Threading.Tasks.TaskCanceledException: The operation was canceled.
 ---> System.IO.IOException: Unable to read data from the transport connection: La operación de E/S se anuló por una salida de subproceso o por una solicitud de aplicación..
 ---> System.Net.Sockets.SocketException (995): La operación de E/S se anuló por una salida de subproceso o por una solicitud de aplicación.
   --- End of inner exception stack trace ---
   at System.Net.Sockets.Socket.AwaitableSocketAsyncEventArgs.System.Threading.Tasks.Sources.IValueTaskSource<System.Int32>.GetResult(Int16 token)
   at System.Net.Security.SslStream.EnsureFullTlsFrameAsync[TIOAdapter](CancellationToken cancellationToken, Int32 estimatedSize)
   at System.Runtime.CompilerServices.PoolingAsyncValueTaskMethodBuilder`1.StateMachineBox`1.System.Threading.Tasks.Sources.IValueTaskSource<TResult>.GetResult(Int16 token)
   at System.Net.Security.SslStream.ReadAsyncInternal[TIOAdapter](Memory`1 buffer, CancellationToken cancellationToken)
   at System.Runtime.CompilerServices.PoolingAsyncValueTaskMethodBuilder`1.StateMachineBox`1.System.Threading.Tasks.Sources.IValueTaskSource<TResult>.GetResult(Int16 token)
   at System.Net.Http.HttpConnection.SendAsync(HttpRequestMessage request, Boolean async, CancellationToken cancellationToken)
   --- End of inner exception stack trace ---
   at System.Net.Http.HttpConnection.SendAsync(HttpRequestMessage request, Boolean async, CancellationToken cancellationToken)
   at System.Net.Http.AuthenticationHelper.SendWithNtAuthAsync(HttpRequestMessage request, Uri authUri, Boolean async, ICredentials credentials, Boolean isProxyAuth, HttpConnection connection, HttpConnectionPool connectionPool, CancellationToken cancellationToken)
   at System.Net.Http.HttpConnectionPool.SendWithVersionDetectionAndRetryAsync(HttpRequestMessage request, Boolean async, Boolean doRequestAuth, CancellationToken cancellationToken)
   at System.Net.Http.AuthenticationHelper.SendWithAuthAsync(HttpRequestMessage request, Uri authUri, Boolean async, ICredentials credentials, Boolean preAuthenticate, Boolean isProxyAuth, Boolean doRequestAuth, HttpConnectionPool pool, CancellationToken cancellationToken)
   at System.Net.Http.RedirectHandler.SendAsync(HttpRequestMessage request, Boolean async, CancellationToken cancellationToken)
   at GitHub.Services.Common.RawHttpMessageHandler.SendAsync(HttpRequestMessage request, CancellationToken cancellationToken)
   at GitHub.Services.Common.VssHttpRetryMessageHandler.SendAsync(HttpRequestMessage request, CancellationToken cancellationToken)
   at System.Net.Http.HttpClient.<SendAsync>g__Core|83_0(HttpRequestMessage request, HttpCompletionOption completionOption, CancellationTokenSource cts, Boolean disposeCts, CancellationTokenSource pendingRequestsCts, CancellationToken originalCancellationToken)
[2026-10-08 18:09:03Z ERR  BrokerServer] #####################################################
[2026-10-08 18:09:03Z ERR  BrokerServer] System.IO.IOException: Unable to read data from the transport connection: La operación de E/S se anuló por una salida de subproceso o por una solicitud de aplicación..
 ---> System.Net.Sockets.SocketException (995): La operación de E/S se anuló por una salida de subproceso o por una solicitud de aplicación.
   --- End of inner exception stack trace ---
   at System.Net.Sockets.Socket.AwaitableSocketAsyncEventArgs.System.Threading.Tasks.Sources.IValueTaskSource<System.Int32>.GetResult(Int16 token)
   at System.Net.Security.SslStream.EnsureFullTlsFrameAsync[TIOAdapter](CancellationToken cancellationToken, Int32 estimatedSize)
   at System.Runtime.CompilerServices.PoolingAsyncValueTaskMethodBuilder`1.StateMachineBox`1.System.Threading.Tasks.Sources.IValueTaskSource<TResult>.GetResult(Int16 token)
   at System.Net.Security.SslStream.ReadAsyncInternal[TIOAdapter](Memory`1 buffer, CancellationToken cancellationToken)
   at System.Runtime.CompilerServices.PoolingAsyncValueTaskMethodBuilder`1.StateMachineBox`1.System.Threading.Tasks.Sources.IValueTaskSource<TResult>.GetResult(Int16 token)
   at System.Net.Http.HttpConnection.SendAsync(HttpRequestMessage request, Boolean async, CancellationToken cancellationToken)
[2026-10-08 18:09:03Z ERR  BrokerServer] #####################################################
[2026-10-08 18:09:03Z ERR  BrokerServer] System.Net.Sockets.SocketException (995): La operación de E/S se anuló por una salida de subproceso o por una solicitud de aplicación.
[2026-10-08 18:09:03Z WARN BrokerServer] Back off 10,836 seconds before next retry. 4 attempt left.
[2026-10-08 18:09:03Z INFO BrokerMessageListener] Get messages has been cancelled using local token source. Continue to get messages with new status.
[2026-10-08 18:09:03Z INFO BrokerMessageListener] Acknowledging runner request 'a81470b2-2080-5858-a2b4-1da43b97b3c3'.
[2026-10-08 18:09:04Z INFO ConfigurationStore] HasCredentials()
[2026-10-08 18:09:04Z INFO ConfigurationStore] stored True
[2026-10-08 18:09:04Z INFO CredentialManager] GetCredentialProvider
[2026-10-08 18:09:04Z INFO CredentialManager] Creating type OAuth
[2026-10-08 18:09:04Z INFO CredentialManager] Creating credential type: OAuth
[2026-10-08 18:09:04Z INFO RSAEncryptedFileKeyManager] Loading RSA key parameters from file C:\Users\neo_o\Desktop\Github Practicas\Users\actions-runner\.credentials_rsaparams
[2026-10-08 18:09:04Z INFO RSAEncryptedFileKeyManager] Loading RSA key parameters from file C:\Users\neo_o\Desktop\Github Practicas\Users\actions-runner\.credentials_rsaparams
[2026-10-08 18:09:04Z INFO RSAEncryptedFileKeyManager] Loading RSA key parameters from file C:\Users\neo_o\Desktop\Github Practicas\Users\actions-runner\.credentials_rsaparams
[2026-10-08 18:09:04Z INFO GitHubActionsService] AAD Correlation ID for this token request: Unknown
[2026-10-08 18:09:05Z INFO JobDispatcher] Job request 0 for plan 10bba1c1-a02f-88d5-9f22-87e15a4479f9 job a81470b2-2080-5858-a2b4-1da43b97b3c3 received.
[2026-10-08 18:09:05Z INFO JobDispatcher] Pull OrchestrationId 10bba1c1-a02f-88d5-9f22-87e15a4479f9.validate-prod.__default from JWT claims
[2026-10-08 18:09:05Z INFO BrokerMessageListener] Received job status event. JobState: Busy
[2026-10-08 18:09:05Z INFO BrokerMessageListener] _getMessagesTokenSource is already disposed.
[2026-10-08 18:09:05Z INFO JobDispatcher] Job request 4591e37e-59a8-5919-a795-b6d480eb3511 processed succeed.
[2026-10-08 18:09:05Z INFO Terminal] WRITE LINE: 2026-10-08 18:09:05Z: Running job: validate-prod
[2026-10-08 18:09:05Z INFO JobDispatcher] Start renew job request 0 for job a81470b2-2080-5858-a2b4-1da43b97b3c3.
[2026-10-08 18:09:05Z INFO JobDispatcher] Successfully renew job a81470b2-2080-5858-a2b4-1da43b97b3c3, job is valid till 08/10/2026 18:19:01
[2026-10-08 18:09:05Z INFO HostContext] Well known directory 'Bin': 'C:\Users\neo_o\Desktop\Github Practicas\Users\actions-runner\bin'
[2026-10-08 18:09:05Z INFO ProcessInvokerWrapper] Starting process:
[2026-10-08 18:09:05Z INFO ProcessInvokerWrapper]   File name: 'C:\Users\neo_o\Desktop\Github Practicas\Users\actions-runner\bin\Runner.Worker.exe'
[2026-10-08 18:09:05Z INFO ProcessInvokerWrapper]   Arguments: 'spawnclient 2868 2704'
[2026-10-08 18:09:05Z INFO ProcessInvokerWrapper]   Working directory: 'C:\Users\neo_o\Desktop\Github Practicas\Users\actions-runner\bin'
[2026-10-08 18:09:05Z INFO ProcessInvokerWrapper]   Require exit code zero: 'False'
[2026-10-08 18:09:05Z INFO ProcessInvokerWrapper]   Encoding web name:  ; code page: ''
[2026-10-08 18:09:05Z INFO ProcessInvokerWrapper]   Force kill process on cancellation: 'True'
[2026-10-08 18:09:05Z INFO ProcessInvokerWrapper]   Redirected STDIN: 'False'
[2026-10-08 18:09:05Z INFO ProcessInvokerWrapper]   Persist current code page: 'False'
[2026-10-08 18:09:05Z INFO ProcessInvokerWrapper]   Keep redirected STDIN open: 'False'
[2026-10-08 18:09:05Z INFO ProcessInvokerWrapper]   High priority process: 'True'
[2026-10-08 18:09:05Z INFO ProcessInvokerWrapper] Process started with process id 16420, waiting for process exit.
[2026-10-08 18:09:05Z INFO JobDispatcher] Send job request message to worker for job a81470b2-2080-5858-a2b4-1da43b97b3c3.
[2026-10-08 18:09:05Z INFO ProcessChannel] Sending message of length 22151, with hash 'b79f8dddebcb03c304ac0da8a22f0366ad62ce4162146987867c1169c7989704'
[2026-10-08 18:09:05Z INFO JobNotification] Entering JobStarted Notification
[2026-10-08 18:09:05Z INFO JobNotification] Entering StartMonitor
[2026-10-08 18:09:40Z INFO ProcessInvokerWrapper] STDOUT/STDERR stream read finished.
[2026-10-08 18:09:40Z INFO ProcessInvokerWrapper] STDOUT/STDERR stream read finished.
[2026-10-08 18:09:40Z INFO ProcessInvokerWrapper] Finished process 16420 with exit code 100, and elapsed time 00:00:34.5031003.
[2026-10-08 18:09:40Z INFO JobDispatcher] Worker finished for job a81470b2-2080-5858-a2b4-1da43b97b3c3. Code: 100
[2026-10-08 18:09:40Z INFO JobDispatcher] finish job request for job a81470b2-2080-5858-a2b4-1da43b97b3c3 with result: Succeeded
[2026-10-08 18:09:40Z INFO Terminal] WRITE LINE: 2026-10-08 18:09:40Z: Job validate-prod completed with result: Succeeded
[2026-10-08 18:09:40Z INFO JobDispatcher] Stop renew job request for job a81470b2-2080-5858-a2b4-1da43b97b3c3.
[2026-10-08 18:09:40Z INFO JobDispatcher] job renew has been cancelled, stop renew job a81470b2-2080-5858-a2b4-1da43b97b3c3.
[2026-10-08 18:09:40Z INFO JobNotification] Entering JobCompleted Notification
[2026-10-08 18:09:40Z INFO JobNotification] Entering EndMonitor
[2026-10-08 18:09:40Z INFO BrokerMessageListener] Received job status event. JobState: Online
[2026-10-08 18:09:40Z WARN GitHubActionsService] GET request to https://broker.actions.githubusercontent.com/message?sessionId=81cfdd13-22de-4d75-b670-0e21c5c7dbb6&status=Busy&runnerVersion=2.337.0&os=Windows&architecture=X64&disableUpdate=false has been cancelled.
[2026-10-08 18:09:40Z ERR  BrokerServer] Catch exception during request
[2026-10-08 18:09:40Z ERR  BrokerServer] System.Threading.Tasks.TaskCanceledException: The operation was canceled.
 ---> System.Threading.Tasks.TaskCanceledException: The operation was canceled.
 ---> System.IO.IOException: Unable to read data from the transport connection: La operación de E/S se anuló por una salida de subproceso o por una solicitud de aplicación..
 ---> System.Net.Sockets.SocketException (995): La operación de E/S se anuló por una salida de subproceso o por una solicitud de aplicación.
   --- End of inner exception stack trace ---
   at System.Net.Sockets.Socket.AwaitableSocketAsyncEventArgs.System.Threading.Tasks.Sources.IValueTaskSource<System.Int32>.GetResult(Int16 token)
   at System.Net.Security.SslStream.EnsureFullTlsFrameAsync[TIOAdapter](CancellationToken cancellationToken, Int32 estimatedSize)
   at System.Runtime.CompilerServices.PoolingAsyncValueTaskMethodBuilder`1.StateMachineBox`1.System.Threading.Tasks.Sources.IValueTaskSource<TResult>.GetResult(Int16 token)
   at System.Net.Security.SslStream.ReadAsyncInternal[TIOAdapter](Memory`1 buffer, CancellationToken cancellationToken)
   at System.Runtime.CompilerServices.PoolingAsyncValueTaskMethodBuilder`1.StateMachineBox`1.System.Threading.Tasks.Sources.IValueTaskSource<TResult>.GetResult(Int16 token)
   at System.Net.Http.HttpConnection.SendAsync(HttpRequestMessage request, Boolean async, CancellationToken cancellationToken)
   --- End of inner exception stack trace ---
   at System.Net.Http.HttpConnection.SendAsync(HttpRequestMessage request, Boolean async, CancellationToken cancellationToken)
   at System.Net.Http.AuthenticationHelper.SendWithNtAuthAsync(HttpRequestMessage request, Uri authUri, Boolean async, ICredentials credentials, Boolean isProxyAuth, HttpConnection connection, HttpConnectionPool connectionPool, CancellationToken cancellationToken)
   at System.Net.Http.HttpConnectionPool.SendWithVersionDetectionAndRetryAsync(HttpRequestMessage request, Boolean async, Boolean doRequestAuth, CancellationToken cancellationToken)
   at System.Net.Http.AuthenticationHelper.SendWithAuthAsync(HttpRequestMessage request, Uri authUri, Boolean async, ICredentials credentials, Boolean preAuthenticate, Boolean isProxyAuth, Boolean doRequestAuth, HttpConnectionPool pool, CancellationToken cancellationToken)
   at System.Net.Http.RedirectHandler.SendAsync(HttpRequestMessage request, Boolean async, CancellationToken cancellationToken)
   at GitHub.Services.Common.RawHttpMessageHandler.SendAsync(HttpRequestMessage request, CancellationToken cancellationToken)
   at GitHub.Services.Common.VssHttpRetryMessageHandler.SendAsync(HttpRequestMessage request, CancellationToken cancellationToken)
   at System.Net.Http.HttpClient.<SendAsync>g__Core|83_0(HttpRequestMessage request, HttpCompletionOption completionOption, CancellationTokenSource cts, Boolean disposeCts, CancellationTokenSource pendingRequestsCts, CancellationToken originalCancellationToken)
   --- End of inner exception stack trace ---
   at System.Net.Http.HttpClient.HandleFailure(Exception e, Boolean telemetryStarted, HttpResponseMessage response, CancellationTokenSource cts, CancellationToken cancellationToken, CancellationTokenSource pendingRequestsCts)
   at System.Net.Http.HttpClient.<SendAsync>g__Core|83_0(HttpRequestMessage request, HttpCompletionOption completionOption, CancellationTokenSource cts, Boolean disposeCts, CancellationTokenSource pendingRequestsCts, CancellationToken originalCancellationToken)
   at Sdk.WebApi.WebApi.RawHttpClientBase.SendAsync(HttpRequestMessage message, HttpCompletionOption completionOption, Object userState, CancellationToken cancellationToken)
   at Sdk.WebApi.WebApi.RawHttpClientBase.SendAsync[T](HttpRequestMessage message, Boolean readErrorBody, Object userState, CancellationToken cancellationToken)
   at Sdk.WebApi.WebApi.RawHttpClientBase.SendAsync[T](HttpMethod method, IEnumerable`1 additionalHeaders, Uri requestUri, HttpContent content, IEnumerable`1 queryParameters, Boolean readErrorBody, Object userState, CancellationToken cancellationToken)
   at GitHub.Actions.RunService.WebApi.BrokerHttpClient.GetRunnerMessageAsync(Nullable`1 sessionId, String runnerVersion, Nullable`1 status, String os, String architecture, Nullable`1 disableUpdate, CancellationToken cancellationToken)
   at GitHub.Runner.Common.BrokerServer.<>c__DisplayClass7_0.<<GetRunnerMessageAsync>b__0>d.MoveNext()
--- End of stack trace from previous location ---
   at GitHub.Runner.Common.RunnerService.RetryRequest[T](Func`1 func, CancellationToken cancellationToken, Int32 maxAttempts, Func`2 shouldRetry)
[2026-10-08 18:09:40Z ERR  BrokerServer] #####################################################
[2026-10-08 18:09:40Z ERR  BrokerServer] System.Threading.Tasks.TaskCanceledException: The operation was canceled.
 ---> System.IO.IOException: Unable to read data from the transport connection: La operación de E/S se anuló por una salida de subproceso o por una solicitud de aplicación..
 ---> System.Net.Sockets.SocketException (995): La operación de E/S se anuló por una salida de subproceso o por una solicitud de aplicación.
   --- End of inner exception stack trace ---
   at System.Net.Sockets.Socket.AwaitableSocketAsyncEventArgs.System.Threading.Tasks.Sources.IValueTaskSource<System.Int32>.GetResult(Int16 token)
   at System.Net.Security.SslStream.EnsureFullTlsFrameAsync[TIOAdapter](CancellationToken cancellationToken, Int32 estimatedSize)
   at System.Runtime.CompilerServices.PoolingAsyncValueTaskMethodBuilder`1.StateMachineBox`1.System.Threading.Tasks.Sources.IValueTaskSource<TResult>.GetResult(Int16 token)
   at System.Net.Security.SslStream.ReadAsyncInternal[TIOAdapter](Memory`1 buffer, CancellationToken cancellationToken)
   at System.Runtime.CompilerServices.PoolingAsyncValueTaskMethodBuilder`1.StateMachineBox`1.System.Threading.Tasks.Sources.IValueTaskSource<TResult>.GetResult(Int16 token)
   at System.Net.Http.HttpConnection.SendAsync(HttpRequestMessage request, Boolean async, CancellationToken cancellationToken)
   --- End of inner exception stack trace ---
   at System.Net.Http.HttpConnection.SendAsync(HttpRequestMessage request, Boolean async, CancellationToken cancellationToken)
   at System.Net.Http.AuthenticationHelper.SendWithNtAuthAsync(HttpRequestMessage request, Uri authUri, Boolean async, ICredentials credentials, Boolean isProxyAuth, HttpConnection connection, HttpConnectionPool connectionPool, CancellationToken cancellationToken)
   at System.Net.Http.HttpConnectionPool.SendWithVersionDetectionAndRetryAsync(HttpRequestMessage request, Boolean async, Boolean doRequestAuth, CancellationToken cancellationToken)
   at System.Net.Http.AuthenticationHelper.SendWithAuthAsync(HttpRequestMessage request, Uri authUri, Boolean async, ICredentials credentials, Boolean preAuthenticate, Boolean isProxyAuth, Boolean doRequestAuth, HttpConnectionPool pool, CancellationToken cancellationToken)
   at System.Net.Http.RedirectHandler.SendAsync(HttpRequestMessage request, Boolean async, CancellationToken cancellationToken)
   at GitHub.Services.Common.RawHttpMessageHandler.SendAsync(HttpRequestMessage request, CancellationToken cancellationToken)
   at GitHub.Services.Common.VssHttpRetryMessageHandler.SendAsync(HttpRequestMessage request, CancellationToken cancellationToken)
   at System.Net.Http.HttpClient.<SendAsync>g__Core|83_0(HttpRequestMessage request, HttpCompletionOption completionOption, CancellationTokenSource cts, Boolean disposeCts, CancellationTokenSource pendingRequestsCts, CancellationToken originalCancellationToken)
[2026-10-08 18:09:40Z ERR  BrokerServer] #####################################################
[2026-10-08 18:09:40Z ERR  BrokerServer] System.IO.IOException: Unable to read data from the transport connection: La operación de E/S se anuló por una salida de subproceso o por una solicitud de aplicación..
 ---> System.Net.Sockets.SocketException (995): La operación de E/S se anuló por una salida de subproceso o por una solicitud de aplicación.
   --- End of inner exception stack trace ---
   at System.Net.Sockets.Socket.AwaitableSocketAsyncEventArgs.System.Threading.Tasks.Sources.IValueTaskSource<System.Int32>.GetResult(Int16 token)
   at System.Net.Security.SslStream.EnsureFullTlsFrameAsync[TIOAdapter](CancellationToken cancellationToken, Int32 estimatedSize)
   at System.Runtime.CompilerServices.PoolingAsyncValueTaskMethodBuilder`1.StateMachineBox`1.System.Threading.Tasks.Sources.IValueTaskSource<TResult>.GetResult(Int16 token)
   at System.Net.Security.SslStream.ReadAsyncInternal[TIOAdapter](Memory`1 buffer, CancellationToken cancellationToken)
   at System.Runtime.CompilerServices.PoolingAsyncValueTaskMethodBuilder`1.StateMachineBox`1.System.Threading.Tasks.Sources.IValueTaskSource<TResult>.GetResult(Int16 token)
   at System.Net.Http.HttpConnection.SendAsync(HttpRequestMessage request, Boolean async, CancellationToken cancellationToken)
[2026-10-08 18:09:40Z ERR  BrokerServer] #####################################################
[2026-10-08 18:09:40Z ERR  BrokerServer] System.Net.Sockets.SocketException (995): La operación de E/S se anuló por una salida de subproceso o por una solicitud de aplicación.
[2026-10-08 18:09:40Z WARN BrokerServer] Back off 13,085 seconds before next retry. 4 attempt left.
[2026-10-08 18:09:40Z INFO BrokerMessageListener] Get messages has been cancelled using local token source. Continue to get messages with new status.
[2026-10-08 18:13:43Z INFO BrokerMessageListener] Acknowledging runner request '51854e63-4002-54d2-a119-f79eb57b2157'.
[2026-10-08 18:13:43Z INFO ConfigurationStore] HasCredentials()
[2026-10-08 18:13:43Z INFO ConfigurationStore] stored True
[2026-10-08 18:13:43Z INFO CredentialManager] GetCredentialProvider
[2026-10-08 18:13:43Z INFO CredentialManager] Creating type OAuth
[2026-10-08 18:13:43Z INFO CredentialManager] Creating credential type: OAuth
[2026-10-08 18:13:43Z INFO RSAEncryptedFileKeyManager] Loading RSA key parameters from file C:\Users\neo_o\Desktop\Github Practicas\Users\actions-runner\.credentials_rsaparams
[2026-10-08 18:13:43Z INFO RSAEncryptedFileKeyManager] Loading RSA key parameters from file C:\Users\neo_o\Desktop\Github Practicas\Users\actions-runner\.credentials_rsaparams
[2026-10-08 18:13:43Z INFO RSAEncryptedFileKeyManager] Loading RSA key parameters from file C:\Users\neo_o\Desktop\Github Practicas\Users\actions-runner\.credentials_rsaparams
[2026-10-08 18:13:43Z INFO GitHubActionsService] AAD Correlation ID for this token request: Unknown
[2026-10-08 18:13:44Z INFO JobDispatcher] Job request 0 for plan 0d689209-2db1-8cc6-83cb-b18a6c157829 job 51854e63-4002-54d2-a119-f79eb57b2157 received.
[2026-10-08 18:13:44Z INFO JobDispatcher] Pull OrchestrationId 0d689209-2db1-8cc6-83cb-b18a6c157829.validate-prod.__default from JWT claims
[2026-10-08 18:13:44Z INFO BrokerMessageListener] Received job status event. JobState: Busy
[2026-10-08 18:13:44Z INFO BrokerMessageListener] _getMessagesTokenSource is already disposed.
[2026-10-08 18:13:44Z INFO JobDispatcher] Job request a81470b2-2080-5858-a2b4-1da43b97b3c3 processed succeed.
[2026-10-08 18:13:44Z INFO Terminal] WRITE LINE: 2026-10-08 18:13:44Z: Running job: validate-prod
[2026-10-08 18:13:44Z INFO JobDispatcher] Start renew job request 0 for job 51854e63-4002-54d2-a119-f79eb57b2157.
[2026-10-08 18:13:44Z INFO JobDispatcher] Successfully renew job 51854e63-4002-54d2-a119-f79eb57b2157, job is valid till 08/10/2026 18:23:40
[2026-10-08 18:13:44Z INFO HostContext] Well known directory 'Bin': 'C:\Users\neo_o\Desktop\Github Practicas\Users\actions-runner\bin'
[2026-10-08 18:13:44Z INFO ProcessInvokerWrapper] Starting process:
[2026-10-08 18:13:44Z INFO ProcessInvokerWrapper]   File name: 'C:\Users\neo_o\Desktop\Github Practicas\Users\actions-runner\bin\Runner.Worker.exe'
[2026-10-08 18:13:44Z INFO ProcessInvokerWrapper]   Arguments: 'spawnclient 2544 1572'
[2026-10-08 18:13:44Z INFO ProcessInvokerWrapper]   Working directory: 'C:\Users\neo_o\Desktop\Github Practicas\Users\actions-runner\bin'
[2026-10-08 18:13:44Z INFO ProcessInvokerWrapper]   Require exit code zero: 'False'
[2026-10-08 18:13:44Z INFO ProcessInvokerWrapper]   Encoding web name:  ; code page: ''
[2026-10-08 18:13:44Z INFO ProcessInvokerWrapper]   Force kill process on cancellation: 'True'
[2026-10-08 18:13:44Z INFO ProcessInvokerWrapper]   Redirected STDIN: 'False'
[2026-10-08 18:13:44Z INFO ProcessInvokerWrapper]   Persist current code page: 'False'
[2026-10-08 18:13:44Z INFO ProcessInvokerWrapper]   Keep redirected STDIN open: 'False'
[2026-10-08 18:13:44Z INFO ProcessInvokerWrapper]   High priority process: 'True'
[2026-10-08 18:13:44Z INFO ProcessInvokerWrapper] Process started with process id 18944, waiting for process exit.
[2026-10-08 18:13:44Z INFO JobDispatcher] Send job request message to worker for job 51854e63-4002-54d2-a119-f79eb57b2157.
[2026-10-08 18:13:44Z INFO ProcessChannel] Sending message of length 22188, with hash '0359dbc00589ff56f6de8269b9ca0d1c34610dc20a0ffc131838d732331d8dae'
[2026-10-08 18:13:45Z INFO JobNotification] Entering JobStarted Notification
[2026-10-08 18:13:45Z INFO JobNotification] Entering StartMonitor
[2026-10-08 18:14:29Z INFO ProcessInvokerWrapper] STDOUT/STDERR stream read finished.
[2026-10-08 18:14:29Z INFO ProcessInvokerWrapper] STDOUT/STDERR stream read finished.
[2026-10-08 18:14:29Z INFO ProcessInvokerWrapper] Finished process 18944 with exit code 100, and elapsed time 00:00:44.4256045.
[2026-10-08 18:14:29Z INFO JobDispatcher] Worker finished for job 51854e63-4002-54d2-a119-f79eb57b2157. Code: 100
[2026-10-08 18:14:29Z INFO JobDispatcher] finish job request for job 51854e63-4002-54d2-a119-f79eb57b2157 with result: Succeeded
[2026-10-08 18:14:29Z INFO Terminal] WRITE LINE: 2026-10-08 18:14:29Z: Job validate-prod completed with result: Succeeded
[2026-10-08 18:14:29Z INFO JobDispatcher] Stop renew job request for job 51854e63-4002-54d2-a119-f79eb57b2157.
[2026-10-08 18:14:29Z INFO JobDispatcher] job renew has been cancelled, stop renew job 51854e63-4002-54d2-a119-f79eb57b2157.
[2026-10-08 18:14:29Z INFO JobNotification] Entering JobCompleted Notification
[2026-10-08 18:14:29Z INFO JobNotification] Entering EndMonitor
[2026-10-08 18:14:29Z INFO BrokerMessageListener] Received job status event. JobState: Online
[2026-10-08 18:14:29Z WARN GitHubActionsService] GET request to https://broker.actions.githubusercontent.com/message?sessionId=81cfdd13-22de-4d75-b670-0e21c5c7dbb6&status=Busy&runnerVersion=2.337.0&os=Windows&architecture=X64&disableUpdate=false has been cancelled.
[2026-10-08 18:14:29Z ERR  BrokerServer] Catch exception during request
[2026-10-08 18:14:29Z ERR  BrokerServer] System.Threading.Tasks.TaskCanceledException: The operation was canceled.
 ---> System.Threading.Tasks.TaskCanceledException: The operation was canceled.
 ---> System.IO.IOException: Unable to read data from the transport connection: La operación de E/S se anuló por una salida de subproceso o por una solicitud de aplicación..
 ---> System.Net.Sockets.SocketException (995): La operación de E/S se anuló por una salida de subproceso o por una solicitud de aplicación.
   --- End of inner exception stack trace ---
   at System.Net.Sockets.Socket.AwaitableSocketAsyncEventArgs.System.Threading.Tasks.Sources.IValueTaskSource<System.Int32>.GetResult(Int16 token)
   at System.Net.Security.SslStream.EnsureFullTlsFrameAsync[TIOAdapter](CancellationToken cancellationToken, Int32 estimatedSize)
   at System.Runtime.CompilerServices.PoolingAsyncValueTaskMethodBuilder`1.StateMachineBox`1.System.Threading.Tasks.Sources.IValueTaskSource<TResult>.GetResult(Int16 token)
   at System.Net.Security.SslStream.ReadAsyncInternal[TIOAdapter](Memory`1 buffer, CancellationToken cancellationToken)
   at System.Runtime.CompilerServices.PoolingAsyncValueTaskMethodBuilder`1.StateMachineBox`1.System.Threading.Tasks.Sources.IValueTaskSource<TResult>.GetResult(Int16 token)
   at System.Net.Http.HttpConnection.SendAsync(HttpRequestMessage request, Boolean async, CancellationToken cancellationToken)
   --- End of inner exception stack trace ---
   at System.Net.Http.HttpConnection.SendAsync(HttpRequestMessage request, Boolean async, CancellationToken cancellationToken)
   at System.Net.Http.AuthenticationHelper.SendWithNtAuthAsync(HttpRequestMessage request, Uri authUri, Boolean async, ICredentials credentials, Boolean isProxyAuth, HttpConnection connection, HttpConnectionPool connectionPool, CancellationToken cancellationToken)
   at System.Net.Http.HttpConnectionPool.SendWithVersionDetectionAndRetryAsync(HttpRequestMessage request, Boolean async, Boolean doRequestAuth, CancellationToken cancellationToken)
   at System.Net.Http.AuthenticationHelper.SendWithAuthAsync(HttpRequestMessage request, Uri authUri, Boolean async, ICredentials credentials, Boolean preAuthenticate, Boolean isProxyAuth, Boolean doRequestAuth, HttpConnectionPool pool, CancellationToken cancellationToken)
   at System.Net.Http.RedirectHandler.SendAsync(HttpRequestMessage request, Boolean async, CancellationToken cancellationToken)
   at GitHub.Services.Common.RawHttpMessageHandler.SendAsync(HttpRequestMessage request, CancellationToken cancellationToken)
   at GitHub.Services.Common.VssHttpRetryMessageHandler.SendAsync(HttpRequestMessage request, CancellationToken cancellationToken)
   at System.Net.Http.HttpClient.<SendAsync>g__Core|83_0(HttpRequestMessage request, HttpCompletionOption completionOption, CancellationTokenSource cts, Boolean disposeCts, CancellationTokenSource pendingRequestsCts, CancellationToken originalCancellationToken)
   --- End of inner exception stack trace ---
   at System.Net.Http.HttpClient.HandleFailure(Exception e, Boolean telemetryStarted, HttpResponseMessage response, CancellationTokenSource cts, CancellationToken cancellationToken, CancellationTokenSource pendingRequestsCts)
   at System.Net.Http.HttpClient.<SendAsync>g__Core|83_0(HttpRequestMessage request, HttpCompletionOption completionOption, CancellationTokenSource cts, Boolean disposeCts, CancellationTokenSource pendingRequestsCts, CancellationToken originalCancellationToken)
   at Sdk.WebApi.WebApi.RawHttpClientBase.SendAsync(HttpRequestMessage message, HttpCompletionOption completionOption, Object userState, CancellationToken cancellationToken)
   at Sdk.WebApi.WebApi.RawHttpClientBase.SendAsync[T](HttpRequestMessage message, Boolean readErrorBody, Object userState, CancellationToken cancellationToken)
   at Sdk.WebApi.WebApi.RawHttpClientBase.SendAsync[T](HttpMethod method, IEnumerable`1 additionalHeaders, Uri requestUri, HttpContent content, IEnumerable`1 queryParameters, Boolean readErrorBody, Object userState, CancellationToken cancellationToken)
   at GitHub.Actions.RunService.WebApi.BrokerHttpClient.GetRunnerMessageAsync(Nullable`1 sessionId, String runnerVersion, Nullable`1 status, String os, String architecture, Nullable`1 disableUpdate, CancellationToken cancellationToken)
   at GitHub.Runner.Common.BrokerServer.<>c__DisplayClass7_0.<<GetRunnerMessageAsync>b__0>d.MoveNext()
--- End of stack trace from previous location ---
   at GitHub.Runner.Common.RunnerService.RetryRequest[T](Func`1 func, CancellationToken cancellationToken, Int32 maxAttempts, Func`2 shouldRetry)
[2026-10-08 18:14:29Z ERR  BrokerServer] #####################################################
[2026-10-08 18:14:29Z ERR  BrokerServer] System.Threading.Tasks.TaskCanceledException: The operation was canceled.
 ---> System.IO.IOException: Unable to read data from the transport connection: La operación de E/S se anuló por una salida de subproceso o por una solicitud de aplicación..
 ---> System.Net.Sockets.SocketException (995): La operación de E/S se anuló por una salida de subproceso o por una solicitud de aplicación.
   --- End of inner exception stack trace ---
   at System.Net.Sockets.Socket.AwaitableSocketAsyncEventArgs.System.Threading.Tasks.Sources.IValueTaskSource<System.Int32>.GetResult(Int16 token)
   at System.Net.Security.SslStream.EnsureFullTlsFrameAsync[TIOAdapter](CancellationToken cancellationToken, Int32 estimatedSize)
   at System.Runtime.CompilerServices.PoolingAsyncValueTaskMethodBuilder`1.StateMachineBox`1.System.Threading.Tasks.Sources.IValueTaskSource<TResult>.GetResult(Int16 token)
   at System.Net.Security.SslStream.ReadAsyncInternal[TIOAdapter](Memory`1 buffer, CancellationToken cancellationToken)
   at System.Runtime.CompilerServices.PoolingAsyncValueTaskMethodBuilder`1.StateMachineBox`1.System.Threading.Tasks.Sources.IValueTaskSource<TResult>.GetResult(Int16 token)
   at System.Net.Http.HttpConnection.SendAsync(HttpRequestMessage request, Boolean async, CancellationToken cancellationToken)
   --- End of inner exception stack trace ---
   at System.Net.Http.HttpConnection.SendAsync(HttpRequestMessage request, Boolean async, CancellationToken cancellationToken)
   at System.Net.Http.AuthenticationHelper.SendWithNtAuthAsync(HttpRequestMessage request, Uri authUri, Boolean async, ICredentials credentials, Boolean isProxyAuth, HttpConnection connection, HttpConnectionPool connectionPool, CancellationToken cancellationToken)
   at System.Net.Http.HttpConnectionPool.SendWithVersionDetectionAndRetryAsync(HttpRequestMessage request, Boolean async, Boolean doRequestAuth, CancellationToken cancellationToken)
   at System.Net.Http.AuthenticationHelper.SendWithAuthAsync(HttpRequestMessage request, Uri authUri, Boolean async, ICredentials credentials, Boolean preAuthenticate, Boolean isProxyAuth, Boolean doRequestAuth, HttpConnectionPool pool, CancellationToken cancellationToken)
   at System.Net.Http.RedirectHandler.SendAsync(HttpRequestMessage request, Boolean async, CancellationToken cancellationToken)
   at GitHub.Services.Common.RawHttpMessageHandler.SendAsync(HttpRequestMessage request, CancellationToken cancellationToken)
   at GitHub.Services.Common.VssHttpRetryMessageHandler.SendAsync(HttpRequestMessage request, CancellationToken cancellationToken)
   at System.Net.Http.HttpClient.<SendAsync>g__Core|83_0(HttpRequestMessage request, HttpCompletionOption completionOption, CancellationTokenSource cts, Boolean disposeCts, CancellationTokenSource pendingRequestsCts, CancellationToken originalCancellationToken)
[2026-10-08 18:14:29Z ERR  BrokerServer] #####################################################
[2026-10-08 18:14:29Z ERR  BrokerServer] System.IO.IOException: Unable to read data from the transport connection: La operación de E/S se anuló por una salida de subproceso o por una solicitud de aplicación..
 ---> System.Net.Sockets.SocketException (995): La operación de E/S se anuló por una salida de subproceso o por una solicitud de aplicación.
   --- End of inner exception stack trace ---
   at System.Net.Sockets.Socket.AwaitableSocketAsyncEventArgs.System.Threading.Tasks.Sources.IValueTaskSource<System.Int32>.GetResult(Int16 token)
   at System.Net.Security.SslStream.EnsureFullTlsFrameAsync[TIOAdapter](CancellationToken cancellationToken, Int32 estimatedSize)
   at System.Runtime.CompilerServices.PoolingAsyncValueTaskMethodBuilder`1.StateMachineBox`1.System.Threading.Tasks.Sources.IValueTaskSource<TResult>.GetResult(Int16 token)
   at System.Net.Security.SslStream.ReadAsyncInternal[TIOAdapter](Memory`1 buffer, CancellationToken cancellationToken)
   at System.Runtime.CompilerServices.PoolingAsyncValueTaskMethodBuilder`1.StateMachineBox`1.System.Threading.Tasks.Sources.IValueTaskSource<TResult>.GetResult(Int16 token)
   at System.Net.Http.HttpConnection.SendAsync(HttpRequestMessage request, Boolean async, CancellationToken cancellationToken)
[2026-10-08 18:14:29Z ERR  BrokerServer] #####################################################
[2026-10-08 18:14:29Z ERR  BrokerServer] System.Net.Sockets.SocketException (995): La operación de E/S se anuló por una salida de subproceso o por una solicitud de aplicación.
[2026-10-08 18:14:29Z WARN BrokerServer] Back off 6,39 seconds before next retry. 4 attempt left.
[2026-10-08 18:14:29Z INFO BrokerMessageListener] Get messages has been cancelled using local token source. Continue to get messages with new status.
[2026-10-08 18:15:29Z INFO RSAEncryptedFileKeyManager] Loading RSA key parameters from file C:\Users\neo_o\Desktop\Github Practicas\Users\actions-runner\.credentials_rsaparams
[2026-10-08 18:15:30Z INFO GitHubActionsService] AAD Correlation ID for this token request: Unknown
[2026-10-08 18:26:17Z INFO BrokerMessageListener] Acknowledging runner request 'abe492c4-479f-5f50-af5d-fd04d30320da'.
[2026-10-08 18:26:17Z INFO ConfigurationStore] HasCredentials()
[2026-10-08 18:26:17Z INFO ConfigurationStore] stored True
[2026-10-08 18:26:17Z INFO CredentialManager] GetCredentialProvider
[2026-10-08 18:26:17Z INFO CredentialManager] Creating type OAuth
[2026-10-08 18:26:17Z INFO CredentialManager] Creating credential type: OAuth
[2026-10-08 18:26:17Z INFO RSAEncryptedFileKeyManager] Loading RSA key parameters from file C:\Users\neo_o\Desktop\Github Practicas\Users\actions-runner\.credentials_rsaparams
[2026-10-08 18:26:17Z INFO RSAEncryptedFileKeyManager] Loading RSA key parameters from file C:\Users\neo_o\Desktop\Github Practicas\Users\actions-runner\.credentials_rsaparams
[2026-10-08 18:26:17Z INFO RSAEncryptedFileKeyManager] Loading RSA key parameters from file C:\Users\neo_o\Desktop\Github Practicas\Users\actions-runner\.credentials_rsaparams
[2026-10-08 18:26:17Z INFO GitHubActionsService] AAD Correlation ID for this token request: Unknown
[2026-10-08 18:26:18Z INFO JobDispatcher] Job request 0 for plan 7e1284c9-186b-8192-a064-a76fe01d3d48 job abe492c4-479f-5f50-af5d-fd04d30320da received.
[2026-10-08 18:26:18Z INFO JobDispatcher] Pull OrchestrationId 7e1284c9-186b-8192-a064-a76fe01d3d48.validate-prod.__default from JWT claims
[2026-10-08 18:26:18Z INFO BrokerMessageListener] Received job status event. JobState: Busy
[2026-10-08 18:26:18Z INFO BrokerMessageListener] _getMessagesTokenSource is already disposed.
[2026-10-08 18:26:18Z INFO JobDispatcher] Job request 51854e63-4002-54d2-a119-f79eb57b2157 processed succeed.
[2026-10-08 18:26:18Z INFO Terminal] WRITE LINE: 2026-10-08 18:26:18Z: Running job: validate-prod
[2026-10-08 18:26:18Z INFO JobDispatcher] Start renew job request 0 for job abe492c4-479f-5f50-af5d-fd04d30320da.
[2026-10-08 18:26:18Z INFO JobDispatcher] Successfully renew job abe492c4-479f-5f50-af5d-fd04d30320da, job is valid till 08/10/2026 18:36:14
[2026-10-08 18:26:18Z INFO HostContext] Well known directory 'Bin': 'C:\Users\neo_o\Desktop\Github Practicas\Users\actions-runner\bin'
[2026-10-08 18:26:18Z INFO ProcessInvokerWrapper] Starting process:
[2026-10-08 18:26:18Z INFO ProcessInvokerWrapper]   File name: 'C:\Users\neo_o\Desktop\Github Practicas\Users\actions-runner\bin\Runner.Worker.exe'
[2026-10-08 18:26:18Z INFO ProcessInvokerWrapper]   Arguments: 'spawnclient 3060 2712'
[2026-10-08 18:26:18Z INFO ProcessInvokerWrapper]   Working directory: 'C:\Users\neo_o\Desktop\Github Practicas\Users\actions-runner\bin'
[2026-10-08 18:26:18Z INFO ProcessInvokerWrapper]   Require exit code zero: 'False'
[2026-10-08 18:26:18Z INFO ProcessInvokerWrapper]   Encoding web name:  ; code page: ''
[2026-10-08 18:26:18Z INFO ProcessInvokerWrapper]   Force kill process on cancellation: 'True'
[2026-10-08 18:26:18Z INFO ProcessInvokerWrapper]   Redirected STDIN: 'False'
[2026-10-08 18:26:18Z INFO ProcessInvokerWrapper]   Persist current code page: 'False'
[2026-10-08 18:26:18Z INFO ProcessInvokerWrapper]   Keep redirected STDIN open: 'False'
[2026-10-08 18:26:18Z INFO ProcessInvokerWrapper]   High priority process: 'True'
[2026-10-08 18:26:18Z INFO ProcessInvokerWrapper] Process started with process id 17680, waiting for process exit.
[2026-10-08 18:26:18Z INFO JobDispatcher] Send job request message to worker for job abe492c4-479f-5f50-af5d-fd04d30320da.
[2026-10-08 18:26:18Z INFO ProcessChannel] Sending message of length 22153, with hash '15e0cab20ba5d18f7f52d2a827ed1ddb0bbf3c98041c0140b58cd0afa5ae6045'
[2026-10-08 18:26:19Z INFO JobNotification] Entering JobStarted Notification
[2026-10-08 18:26:19Z INFO JobNotification] Entering StartMonitor
[2026-10-08 18:26:53Z INFO ProcessInvokerWrapper] STDOUT/STDERR stream read finished.
[2026-10-08 18:26:53Z INFO ProcessInvokerWrapper] STDOUT/STDERR stream read finished.
[2026-10-08 18:26:53Z INFO ProcessInvokerWrapper] Finished process 17680 with exit code 100, and elapsed time 00:00:34.5051080.
[2026-10-08 18:26:53Z INFO JobDispatcher] Worker finished for job abe492c4-479f-5f50-af5d-fd04d30320da. Code: 100
[2026-10-08 18:26:53Z INFO JobDispatcher] finish job request for job abe492c4-479f-5f50-af5d-fd04d30320da with result: Succeeded
[2026-10-08 18:26:53Z INFO Terminal] WRITE LINE: 2026-10-08 18:26:53Z: Job validate-prod completed with result: Succeeded
[2026-10-08 18:26:53Z INFO JobDispatcher] Stop renew job request for job abe492c4-479f-5f50-af5d-fd04d30320da.
[2026-10-08 18:26:53Z INFO JobDispatcher] job renew has been cancelled, stop renew job abe492c4-479f-5f50-af5d-fd04d30320da.
[2026-10-08 18:26:53Z INFO JobNotification] Entering JobCompleted Notification
[2026-10-08 18:26:53Z INFO JobNotification] Entering EndMonitor
[2026-10-08 18:26:53Z INFO BrokerMessageListener] Received job status event. JobState: Online
[2026-10-08 18:26:53Z WARN GitHubActionsService] GET request to https://broker.actions.githubusercontent.com/message?sessionId=81cfdd13-22de-4d75-b670-0e21c5c7dbb6&status=Busy&runnerVersion=2.337.0&os=Windows&architecture=X64&disableUpdate=false has been cancelled.
[2026-10-08 18:26:53Z ERR  BrokerServer] Catch exception during request
[2026-10-08 18:26:53Z ERR  BrokerServer] System.Threading.Tasks.TaskCanceledException: The operation was canceled.
 ---> System.Threading.Tasks.TaskCanceledException: The operation was canceled.
 ---> System.IO.IOException: Unable to read data from the transport connection: La operación de E/S se anuló por una salida de subproceso o por una solicitud de aplicación..
 ---> System.Net.Sockets.SocketException (995): La operación de E/S se anuló por una salida de subproceso o por una solicitud de aplicación.
   --- End of inner exception stack trace ---
   at System.Net.Sockets.Socket.AwaitableSocketAsyncEventArgs.System.Threading.Tasks.Sources.IValueTaskSource<System.Int32>.GetResult(Int16 token)
   at System.Net.Security.SslStream.EnsureFullTlsFrameAsync[TIOAdapter](CancellationToken cancellationToken, Int32 estimatedSize)
   at System.Runtime.CompilerServices.PoolingAsyncValueTaskMethodBuilder`1.StateMachineBox`1.System.Threading.Tasks.Sources.IValueTaskSource<TResult>.GetResult(Int16 token)
   at System.Net.Security.SslStream.ReadAsyncInternal[TIOAdapter](Memory`1 buffer, CancellationToken cancellationToken)
   at System.Runtime.CompilerServices.PoolingAsyncValueTaskMethodBuilder`1.StateMachineBox`1.System.Threading.Tasks.Sources.IValueTaskSource<TResult>.GetResult(Int16 token)
   at System.Net.Http.HttpConnection.SendAsync(HttpRequestMessage request, Boolean async, CancellationToken cancellationToken)
   --- End of inner exception stack trace ---
   at System.Net.Http.HttpConnection.SendAsync(HttpRequestMessage request, Boolean async, CancellationToken cancellationToken)
   at System.Net.Http.AuthenticationHelper.SendWithNtAuthAsync(HttpRequestMessage request, Uri authUri, Boolean async, ICredentials credentials, Boolean isProxyAuth, HttpConnection connection, HttpConnectionPool connectionPool, CancellationToken cancellationToken)
   at System.Net.Http.HttpConnectionPool.SendWithVersionDetectionAndRetryAsync(HttpRequestMessage request, Boolean async, Boolean doRequestAuth, CancellationToken cancellationToken)
   at System.Net.Http.AuthenticationHelper.SendWithAuthAsync(HttpRequestMessage request, Uri authUri, Boolean async, ICredentials credentials, Boolean preAuthenticate, Boolean isProxyAuth, Boolean doRequestAuth, HttpConnectionPool pool, CancellationToken cancellationToken)
   at System.Net.Http.RedirectHandler.SendAsync(HttpRequestMessage request, Boolean async, CancellationToken cancellationToken)
   at GitHub.Services.Common.RawHttpMessageHandler.SendAsync(HttpRequestMessage request, CancellationToken cancellationToken)
   at GitHub.Services.Common.VssHttpRetryMessageHandler.SendAsync(HttpRequestMessage request, CancellationToken cancellationToken)
   at System.Net.Http.HttpClient.<SendAsync>g__Core|83_0(HttpRequestMessage request, HttpCompletionOption completionOption, CancellationTokenSource cts, Boolean disposeCts, CancellationTokenSource pendingRequestsCts, CancellationToken originalCancellationToken)
   --- End of inner exception stack trace ---
   at System.Net.Http.HttpClient.HandleFailure(Exception e, Boolean telemetryStarted, HttpResponseMessage response, CancellationTokenSource cts, CancellationToken cancellationToken, CancellationTokenSource pendingRequestsCts)
   at System.Net.Http.HttpClient.<SendAsync>g__Core|83_0(HttpRequestMessage request, HttpCompletionOption completionOption, CancellationTokenSource cts, Boolean disposeCts, CancellationTokenSource pendingRequestsCts, CancellationToken originalCancellationToken)
   at Sdk.WebApi.WebApi.RawHttpClientBase.SendAsync(HttpRequestMessage message, HttpCompletionOption completionOption, Object userState, CancellationToken cancellationToken)
   at Sdk.WebApi.WebApi.RawHttpClientBase.SendAsync[T](HttpRequestMessage message, Boolean readErrorBody, Object userState, CancellationToken cancellationToken)
   at Sdk.WebApi.WebApi.RawHttpClientBase.SendAsync[T](HttpMethod method, IEnumerable`1 additionalHeaders, Uri requestUri, HttpContent content, IEnumerable`1 queryParameters, Boolean readErrorBody, Object userState, CancellationToken cancellationToken)
   at GitHub.Actions.RunService.WebApi.BrokerHttpClient.GetRunnerMessageAsync(Nullable`1 sessionId, String runnerVersion, Nullable`1 status, String os, String architecture, Nullable`1 disableUpdate, CancellationToken cancellationToken)
   at GitHub.Runner.Common.BrokerServer.<>c__DisplayClass7_0.<<GetRunnerMessageAsync>b__0>d.MoveNext()
--- End of stack trace from previous location ---
   at GitHub.Runner.Common.RunnerService.RetryRequest[T](Func`1 func, CancellationToken cancellationToken, Int32 maxAttempts, Func`2 shouldRetry)
[2026-10-08 18:26:53Z ERR  BrokerServer] #####################################################
[2026-10-08 18:26:53Z ERR  BrokerServer] System.Threading.Tasks.TaskCanceledException: The operation was canceled.
 ---> System.IO.IOException: Unable to read data from the transport connection: La operación de E/S se anuló por una salida de subproceso o por una solicitud de aplicación..
 ---> System.Net.Sockets.SocketException (995): La operación de E/S se anuló por una salida de subproceso o por una solicitud de aplicación.
   --- End of inner exception stack trace ---
   at System.Net.Sockets.Socket.AwaitableSocketAsyncEventArgs.System.Threading.Tasks.Sources.IValueTaskSource<System.Int32>.GetResult(Int16 token)
   at System.Net.Security.SslStream.EnsureFullTlsFrameAsync[TIOAdapter](CancellationToken cancellationToken, Int32 estimatedSize)
   at System.Runtime.CompilerServices.PoolingAsyncValueTaskMethodBuilder`1.StateMachineBox`1.System.Threading.Tasks.Sources.IValueTaskSource<TResult>.GetResult(Int16 token)
   at System.Net.Security.SslStream.ReadAsyncInternal[TIOAdapter](Memory`1 buffer, CancellationToken cancellationToken)
   at System.Runtime.CompilerServices.PoolingAsyncValueTaskMethodBuilder`1.StateMachineBox`1.System.Threading.Tasks.Sources.IValueTaskSource<TResult>.GetResult(Int16 token)
   at System.Net.Http.HttpConnection.SendAsync(HttpRequestMessage request, Boolean async, CancellationToken cancellationToken)
   --- End of inner exception stack trace ---
   at System.Net.Http.HttpConnection.SendAsync(HttpRequestMessage request, Boolean async, CancellationToken cancellationToken)
   at System.Net.Http.AuthenticationHelper.SendWithNtAuthAsync(HttpRequestMessage request, Uri authUri, Boolean async, ICredentials credentials, Boolean isProxyAuth, HttpConnection connection, HttpConnectionPool connectionPool, CancellationToken cancellationToken)
   at System.Net.Http.HttpConnectionPool.SendWithVersionDetectionAndRetryAsync(HttpRequestMessage request, Boolean async, Boolean doRequestAuth, CancellationToken cancellationToken)
   at System.Net.Http.AuthenticationHelper.SendWithAuthAsync(HttpRequestMessage request, Uri authUri, Boolean async, ICredentials credentials, Boolean preAuthenticate, Boolean isProxyAuth, Boolean doRequestAuth, HttpConnectionPool pool, CancellationToken cancellationToken)
   at System.Net.Http.RedirectHandler.SendAsync(HttpRequestMessage request, Boolean async, CancellationToken cancellationToken)
   at GitHub.Services.Common.RawHttpMessageHandler.SendAsync(HttpRequestMessage request, CancellationToken cancellationToken)
   at GitHub.Services.Common.VssHttpRetryMessageHandler.SendAsync(HttpRequestMessage request, CancellationToken cancellationToken)
   at System.Net.Http.HttpClient.<SendAsync>g__Core|83_0(HttpRequestMessage request, HttpCompletionOption completionOption, CancellationTokenSource cts, Boolean disposeCts, CancellationTokenSource pendingRequestsCts, CancellationToken originalCancellationToken)
[2026-10-08 18:26:53Z ERR  BrokerServer] #####################################################
[2026-10-08 18:26:53Z ERR  BrokerServer] System.IO.IOException: Unable to read data from the transport connection: La operación de E/S se anuló por una salida de subproceso o por una solicitud de aplicación..
 ---> System.Net.Sockets.SocketException (995): La operación de E/S se anuló por una salida de subproceso o por una solicitud de aplicación.
   --- End of inner exception stack trace ---
   at System.Net.Sockets.Socket.AwaitableSocketAsyncEventArgs.System.Threading.Tasks.Sources.IValueTaskSource<System.Int32>.GetResult(Int16 token)
   at System.Net.Security.SslStream.EnsureFullTlsFrameAsync[TIOAdapter](CancellationToken cancellationToken, Int32 estimatedSize)
   at System.Runtime.CompilerServices.PoolingAsyncValueTaskMethodBuilder`1.StateMachineBox`1.System.Threading.Tasks.Sources.IValueTaskSource<TResult>.GetResult(Int16 token)
   at System.Net.Security.SslStream.ReadAsyncInternal[TIOAdapter](Memory`1 buffer, CancellationToken cancellationToken)
   at System.Runtime.CompilerServices.PoolingAsyncValueTaskMethodBuilder`1.StateMachineBox`1.System.Threading.Tasks.Sources.IValueTaskSource<TResult>.GetResult(Int16 token)
   at System.Net.Http.HttpConnection.SendAsync(HttpRequestMessage request, Boolean async, CancellationToken cancellationToken)
[2026-10-08 18:26:53Z ERR  BrokerServer] #####################################################
[2026-10-08 18:26:53Z ERR  BrokerServer] System.Net.Sockets.SocketException (995): La operación de E/S se anuló por una salida de subproceso o por una solicitud de aplicación.
[2026-10-08 18:26:53Z WARN BrokerServer] Back off 11,528 seconds before next retry. 4 attempt left.
[2026-10-08 18:26:53Z INFO BrokerMessageListener] Get messages has been cancelled using local token source. Continue to get messages with new status.
[2026-10-08 18:28:33Z INFO BrokerMessageListener] Acknowledging runner request 'd2202158-e30d-58fe-bb5d-ab049833d0f1'.
[2026-10-08 18:28:33Z INFO ConfigurationStore] HasCredentials()
[2026-10-08 18:28:33Z INFO ConfigurationStore] stored True
[2026-10-08 18:28:33Z INFO CredentialManager] GetCredentialProvider
[2026-10-08 18:28:33Z INFO CredentialManager] Creating type OAuth
[2026-10-08 18:28:33Z INFO CredentialManager] Creating credential type: OAuth
[2026-10-08 18:28:33Z INFO RSAEncryptedFileKeyManager] Loading RSA key parameters from file C:\Users\neo_o\Desktop\Github Practicas\Users\actions-runner\.credentials_rsaparams
[2026-10-08 18:28:33Z INFO RSAEncryptedFileKeyManager] Loading RSA key parameters from file C:\Users\neo_o\Desktop\Github Practicas\Users\actions-runner\.credentials_rsaparams
[2026-10-08 18:28:33Z INFO RSAEncryptedFileKeyManager] Loading RSA key parameters from file C:\Users\neo_o\Desktop\Github Practicas\Users\actions-runner\.credentials_rsaparams
[2026-10-08 18:28:34Z INFO GitHubActionsService] AAD Correlation ID for this token request: Unknown
[2026-10-08 18:28:35Z INFO JobDispatcher] Job request 0 for plan eef3914c-d7b8-835c-b7a7-ec4500785eae job d2202158-e30d-58fe-bb5d-ab049833d0f1 received.
[2026-10-08 18:28:35Z INFO JobDispatcher] Pull OrchestrationId eef3914c-d7b8-835c-b7a7-ec4500785eae.validate-dev.__default from JWT claims
[2026-10-08 18:28:35Z INFO BrokerMessageListener] Received job status event. JobState: Busy
[2026-10-08 18:28:35Z INFO BrokerMessageListener] _getMessagesTokenSource is already disposed.
[2026-10-08 18:28:35Z INFO JobDispatcher] Job request abe492c4-479f-5f50-af5d-fd04d30320da processed succeed.
[2026-10-08 18:28:35Z INFO Terminal] WRITE LINE: 2026-10-08 18:28:35Z: Running job: validate-dev
[2026-10-08 18:28:35Z INFO JobDispatcher] Start renew job request 0 for job d2202158-e30d-58fe-bb5d-ab049833d0f1.
[2026-10-08 18:28:35Z INFO JobDispatcher] Successfully renew job d2202158-e30d-58fe-bb5d-ab049833d0f1, job is valid till 08/10/2026 18:38:31
[2026-10-08 18:28:35Z INFO HostContext] Well known directory 'Bin': 'C:\Users\neo_o\Desktop\Github Practicas\Users\actions-runner\bin'
[2026-10-08 18:28:35Z INFO ProcessInvokerWrapper] Starting process:
[2026-10-08 18:28:35Z INFO ProcessInvokerWrapper]   File name: 'C:\Users\neo_o\Desktop\Github Practicas\Users\actions-runner\bin\Runner.Worker.exe'
[2026-10-08 18:28:35Z INFO ProcessInvokerWrapper]   Arguments: 'spawnclient 2472 2488'
[2026-10-08 18:28:35Z INFO ProcessInvokerWrapper]   Working directory: 'C:\Users\neo_o\Desktop\Github Practicas\Users\actions-runner\bin'
[2026-10-08 18:28:35Z INFO ProcessInvokerWrapper]   Require exit code zero: 'False'
[2026-10-08 18:28:35Z INFO ProcessInvokerWrapper]   Encoding web name:  ; code page: ''
[2026-10-08 18:28:35Z INFO ProcessInvokerWrapper]   Force kill process on cancellation: 'True'
[2026-10-08 18:28:35Z INFO ProcessInvokerWrapper]   Redirected STDIN: 'False'
[2026-10-08 18:28:35Z INFO ProcessInvokerWrapper]   Persist current code page: 'False'
[2026-10-08 18:28:35Z INFO ProcessInvokerWrapper]   Keep redirected STDIN open: 'False'
[2026-10-08 18:28:35Z INFO ProcessInvokerWrapper]   High priority process: 'True'
[2026-10-08 18:28:35Z INFO ProcessInvokerWrapper] Process started with process id 13824, waiting for process exit.
[2026-10-08 18:28:35Z INFO JobDispatcher] Send job request message to worker for job d2202158-e30d-58fe-bb5d-ab049833d0f1.
[2026-10-08 18:28:35Z INFO ProcessChannel] Sending message of length 35006, with hash 'edfd9f7b17466311fa4318efd0fb350a74dca07f0e18f2c246bc17119844caa8'
[2026-10-08 18:28:35Z INFO JobNotification] Entering JobStarted Notification
[2026-10-08 18:28:35Z INFO JobNotification] Entering StartMonitor
[2026-10-08 18:29:08Z INFO ProcessInvokerWrapper] STDOUT/STDERR stream read finished.
[2026-10-08 18:29:08Z INFO ProcessInvokerWrapper] STDOUT/STDERR stream read finished.
[2026-10-08 18:29:08Z INFO ProcessInvokerWrapper] Finished process 13824 with exit code 102, and elapsed time 00:00:33.1325586.
[2026-10-08 18:29:08Z INFO JobDispatcher] Worker finished for job d2202158-e30d-58fe-bb5d-ab049833d0f1. Code: 102
[2026-10-08 18:29:08Z INFO JobDispatcher] finish job request for job d2202158-e30d-58fe-bb5d-ab049833d0f1 with result: Failed
[2026-10-08 18:29:08Z INFO Terminal] WRITE LINE: 2026-10-08 18:29:08Z: Job validate-dev completed with result: Failed
[2026-10-08 18:29:08Z INFO JobDispatcher] Stop renew job request for job d2202158-e30d-58fe-bb5d-ab049833d0f1.
[2026-10-08 18:29:08Z INFO JobDispatcher] job renew has been cancelled, stop renew job d2202158-e30d-58fe-bb5d-ab049833d0f1.
[2026-10-08 18:29:08Z INFO JobNotification] Entering JobCompleted Notification
[2026-10-08 18:29:08Z INFO JobNotification] Entering EndMonitor
[2026-10-08 18:29:08Z INFO BrokerMessageListener] Received job status event. JobState: Online
[2026-10-08 18:29:08Z WARN GitHubActionsService] GET request to https://broker.actions.githubusercontent.com/message?sessionId=81cfdd13-22de-4d75-b670-0e21c5c7dbb6&status=Busy&runnerVersion=2.337.0&os=Windows&architecture=X64&disableUpdate=false has been cancelled.
[2026-10-08 18:29:08Z ERR  BrokerServer] Catch exception during request
[2026-10-08 18:29:08Z ERR  BrokerServer] System.Threading.Tasks.TaskCanceledException: The operation was canceled.
 ---> System.Threading.Tasks.TaskCanceledException: The operation was canceled.
 ---> System.IO.IOException: Unable to read data from the transport connection: La operación de E/S se anuló por una salida de subproceso o por una solicitud de aplicación..
 ---> System.Net.Sockets.SocketException (995): La operación de E/S se anuló por una salida de subproceso o por una solicitud de aplicación.
   --- End of inner exception stack trace ---
   at System.Net.Sockets.Socket.AwaitableSocketAsyncEventArgs.System.Threading.Tasks.Sources.IValueTaskSource<System.Int32>.GetResult(Int16 token)
   at System.Net.Security.SslStream.EnsureFullTlsFrameAsync[TIOAdapter](CancellationToken cancellationToken, Int32 estimatedSize)
   at System.Runtime.CompilerServices.PoolingAsyncValueTaskMethodBuilder`1.StateMachineBox`1.System.Threading.Tasks.Sources.IValueTaskSource<TResult>.GetResult(Int16 token)
   at System.Net.Security.SslStream.ReadAsyncInternal[TIOAdapter](Memory`1 buffer, CancellationToken cancellationToken)
   at System.Runtime.CompilerServices.PoolingAsyncValueTaskMethodBuilder`1.StateMachineBox`1.System.Threading.Tasks.Sources.IValueTaskSource<TResult>.GetResult(Int16 token)
   at System.Net.Http.HttpConnection.SendAsync(HttpRequestMessage request, Boolean async, CancellationToken cancellationToken)
   --- End of inner exception stack trace ---
   at System.Net.Http.HttpConnection.SendAsync(HttpRequestMessage request, Boolean async, CancellationToken cancellationToken)
   at System.Net.Http.AuthenticationHelper.SendWithNtAuthAsync(HttpRequestMessage request, Uri authUri, Boolean async, ICredentials credentials, Boolean isProxyAuth, HttpConnection connection, HttpConnectionPool connectionPool, CancellationToken cancellationToken)
   at System.Net.Http.HttpConnectionPool.SendWithVersionDetectionAndRetryAsync(HttpRequestMessage request, Boolean async, Boolean doRequestAuth, CancellationToken cancellationToken)
   at System.Net.Http.AuthenticationHelper.SendWithAuthAsync(HttpRequestMessage request, Uri authUri, Boolean async, ICredentials credentials, Boolean preAuthenticate, Boolean isProxyAuth, Boolean doRequestAuth, HttpConnectionPool pool, CancellationToken cancellationToken)
   at System.Net.Http.RedirectHandler.SendAsync(HttpRequestMessage request, Boolean async, CancellationToken cancellationToken)
   at GitHub.Services.Common.RawHttpMessageHandler.SendAsync(HttpRequestMessage request, CancellationToken cancellationToken)
   at GitHub.Services.Common.VssHttpRetryMessageHandler.SendAsync(HttpRequestMessage request, CancellationToken cancellationToken)
   at System.Net.Http.HttpClient.<SendAsync>g__Core|83_0(HttpRequestMessage request, HttpCompletionOption completionOption, CancellationTokenSource cts, Boolean disposeCts, CancellationTokenSource pendingRequestsCts, CancellationToken originalCancellationToken)
   --- End of inner exception stack trace ---
   at System.Net.Http.HttpClient.HandleFailure(Exception e, Boolean telemetryStarted, HttpResponseMessage response, CancellationTokenSource cts, CancellationToken cancellationToken, CancellationTokenSource pendingRequestsCts)
   at System.Net.Http.HttpClient.<SendAsync>g__Core|83_0(HttpRequestMessage request, HttpCompletionOption completionOption, CancellationTokenSource cts, Boolean disposeCts, CancellationTokenSource pendingRequestsCts, CancellationToken originalCancellationToken)
   at Sdk.WebApi.WebApi.RawHttpClientBase.SendAsync(HttpRequestMessage message, HttpCompletionOption completionOption, Object userState, CancellationToken cancellationToken)
   at Sdk.WebApi.WebApi.RawHttpClientBase.SendAsync[T](HttpRequestMessage message, Boolean readErrorBody, Object userState, CancellationToken cancellationToken)
   at Sdk.WebApi.WebApi.RawHttpClientBase.SendAsync[T](HttpMethod method, IEnumerable`1 additionalHeaders, Uri requestUri, HttpContent content, IEnumerable`1 queryParameters, Boolean readErrorBody, Object userState, CancellationToken cancellationToken)
   at GitHub.Actions.RunService.WebApi.BrokerHttpClient.GetRunnerMessageAsync(Nullable`1 sessionId, String runnerVersion, Nullable`1 status, String os, String architecture, Nullable`1 disableUpdate, CancellationToken cancellationToken)
   at GitHub.Runner.Common.BrokerServer.<>c__DisplayClass7_0.<<GetRunnerMessageAsync>b__0>d.MoveNext()
--- End of stack trace from previous location ---
   at GitHub.Runner.Common.RunnerService.RetryRequest[T](Func`1 func, CancellationToken cancellationToken, Int32 maxAttempts, Func`2 shouldRetry)
[2026-10-08 18:29:08Z ERR  BrokerServer] #####################################################
[2026-10-08 18:29:08Z ERR  BrokerServer] System.Threading.Tasks.TaskCanceledException: The operation was canceled.
 ---> System.IO.IOException: Unable to read data from the transport connection: La operación de E/S se anuló por una salida de subproceso o por una solicitud de aplicación..
 ---> System.Net.Sockets.SocketException (995): La operación de E/S se anuló por una salida de subproceso o por una solicitud de aplicación.
   --- End of inner exception stack trace ---
   at System.Net.Sockets.Socket.AwaitableSocketAsyncEventArgs.System.Threading.Tasks.Sources.IValueTaskSource<System.Int32>.GetResult(Int16 token)
   at System.Net.Security.SslStream.EnsureFullTlsFrameAsync[TIOAdapter](CancellationToken cancellationToken, Int32 estimatedSize)
   at System.Runtime.CompilerServices.PoolingAsyncValueTaskMethodBuilder`1.StateMachineBox`1.System.Threading.Tasks.Sources.IValueTaskSource<TResult>.GetResult(Int16 token)
   at System.Net.Security.SslStream.ReadAsyncInternal[TIOAdapter](Memory`1 buffer, CancellationToken cancellationToken)
   at System.Runtime.CompilerServices.PoolingAsyncValueTaskMethodBuilder`1.StateMachineBox`1.System.Threading.Tasks.Sources.IValueTaskSource<TResult>.GetResult(Int16 token)
   at System.Net.Http.HttpConnection.SendAsync(HttpRequestMessage request, Boolean async, CancellationToken cancellationToken)
   --- End of inner exception stack trace ---
   at System.Net.Http.HttpConnection.SendAsync(HttpRequestMessage request, Boolean async, CancellationToken cancellationToken)
   at System.Net.Http.AuthenticationHelper.SendWithNtAuthAsync(HttpRequestMessage request, Uri authUri, Boolean async, ICredentials credentials, Boolean isProxyAuth, HttpConnection connection, HttpConnectionPool connectionPool, CancellationToken cancellationToken)
   at System.Net.Http.HttpConnectionPool.SendWithVersionDetectionAndRetryAsync(HttpRequestMessage request, Boolean async, Boolean doRequestAuth, CancellationToken cancellationToken)
   at System.Net.Http.AuthenticationHelper.SendWithAuthAsync(HttpRequestMessage request, Uri authUri, Boolean async, ICredentials credentials, Boolean preAuthenticate, Boolean isProxyAuth, Boolean doRequestAuth, HttpConnectionPool pool, CancellationToken cancellationToken)
   at System.Net.Http.RedirectHandler.SendAsync(HttpRequestMessage request, Boolean async, CancellationToken cancellationToken)
   at GitHub.Services.Common.RawHttpMessageHandler.SendAsync(HttpRequestMessage request, CancellationToken cancellationToken)
   at GitHub.Services.Common.VssHttpRetryMessageHandler.SendAsync(HttpRequestMessage request, CancellationToken cancellationToken)
   at System.Net.Http.HttpClient.<SendAsync>g__Core|83_0(HttpRequestMessage request, HttpCompletionOption completionOption, CancellationTokenSource cts, Boolean disposeCts, CancellationTokenSource pendingRequestsCts, CancellationToken originalCancellationToken)
[2026-10-08 18:29:08Z ERR  BrokerServer] #####################################################
[2026-10-08 18:29:08Z ERR  BrokerServer] System.IO.IOException: Unable to read data from the transport connection: La operación de E/S se anuló por una salida de subproceso o por una solicitud de aplicación..
 ---> System.Net.Sockets.SocketException (995): La operación de E/S se anuló por una salida de subproceso o por una solicitud de aplicación.
   --- End of inner exception stack trace ---
   at System.Net.Sockets.Socket.AwaitableSocketAsyncEventArgs.System.Threading.Tasks.Sources.IValueTaskSource<System.Int32>.GetResult(Int16 token)
   at System.Net.Security.SslStream.EnsureFullTlsFrameAsync[TIOAdapter](CancellationToken cancellationToken, Int32 estimatedSize)
   at System.Runtime.CompilerServices.PoolingAsyncValueTaskMethodBuilder`1.StateMachineBox`1.System.Threading.Tasks.Sources.IValueTaskSource<TResult>.GetResult(Int16 token)
   at System.Net.Security.SslStream.ReadAsyncInternal[TIOAdapter](Memory`1 buffer, CancellationToken cancellationToken)
   at System.Runtime.CompilerServices.PoolingAsyncValueTaskMethodBuilder`1.StateMachineBox`1.System.Threading.Tasks.Sources.IValueTaskSource<TResult>.GetResult(Int16 token)
   at System.Net.Http.HttpConnection.SendAsync(HttpRequestMessage request, Boolean async, CancellationToken cancellationToken)
[2026-10-08 18:29:08Z ERR  BrokerServer] #####################################################
[2026-10-08 18:29:08Z ERR  BrokerServer] System.Net.Sockets.SocketException (995): La operación de E/S se anuló por una salida de subproceso o por una solicitud de aplicación.
[2026-10-08 18:29:08Z WARN BrokerServer] Back off 5,709 seconds before next retry. 4 attempt left.
[2026-10-08 18:29:08Z INFO BrokerMessageListener] Get messages has been cancelled using local token source. Continue to get messages with new status.
[2026-10-08 18:30:32Z INFO HostContext] Runner will be shutdown for UserCancelled
[2026-10-08 18:30:32Z WARN GitHubActionsService] GET request to https://broker.actions.githubusercontent.com/message?sessionId=81cfdd13-22de-4d75-b670-0e21c5c7dbb6&status=Online&runnerVersion=2.337.0&os=Windows&architecture=X64&disableUpdate=false has been cancelled.
[2026-10-08 18:30:32Z ERR  BrokerServer] Catch exception during request
[2026-10-08 18:30:32Z ERR  BrokerServer] System.Threading.Tasks.TaskCanceledException: The operation was canceled.
 ---> System.Threading.Tasks.TaskCanceledException: The operation was canceled.
 ---> System.IO.IOException: Unable to read data from the transport connection: La operación de E/S se anuló por una salida de subproceso o por una solicitud de aplicación..
 ---> System.Net.Sockets.SocketException (995): La operación de E/S se anuló por una salida de subproceso o por una solicitud de aplicación.
   --- End of inner exception stack trace ---
   at System.Net.Sockets.Socket.AwaitableSocketAsyncEventArgs.System.Threading.Tasks.Sources.IValueTaskSource<System.Int32>.GetResult(Int16 token)
   at System.Net.Security.SslStream.EnsureFullTlsFrameAsync[TIOAdapter](CancellationToken cancellationToken, Int32 estimatedSize)
   at System.Runtime.CompilerServices.PoolingAsyncValueTaskMethodBuilder`1.StateMachineBox`1.System.Threading.Tasks.Sources.IValueTaskSource<TResult>.GetResult(Int16 token)
   at System.Net.Security.SslStream.ReadAsyncInternal[TIOAdapter](Memory`1 buffer, CancellationToken cancellationToken)
   at System.Runtime.CompilerServices.PoolingAsyncValueTaskMethodBuilder`1.StateMachineBox`1.System.Threading.Tasks.Sources.IValueTaskSource<TResult>.GetResult(Int16 token)
   at System.Net.Http.HttpConnection.SendAsync(HttpRequestMessage request, Boolean async, CancellationToken cancellationToken)
   --- End of inner exception stack trace ---
   at System.Net.Http.HttpConnection.SendAsync(HttpRequestMessage request, Boolean async, CancellationToken cancellationToken)
   at System.Net.Http.AuthenticationHelper.SendWithNtAuthAsync(HttpRequestMessage request, Uri authUri, Boolean async, ICredentials credentials, Boolean isProxyAuth, HttpConnection connection, HttpConnectionPool connectionPool, CancellationToken cancellationToken)
   at System.Net.Http.HttpConnectionPool.SendWithVersionDetectionAndRetryAsync(HttpRequestMessage request, Boolean async, Boolean doRequestAuth, CancellationToken cancellationToken)
   at System.Net.Http.AuthenticationHelper.SendWithAuthAsync(HttpRequestMessage request, Uri authUri, Boolean async, ICredentials credentials, Boolean preAuthenticate, Boolean isProxyAuth, Boolean doRequestAuth, HttpConnectionPool pool, CancellationToken cancellationToken)
   at System.Net.Http.RedirectHandler.SendAsync(HttpRequestMessage request, Boolean async, CancellationToken cancellationToken)
   at GitHub.Services.Common.RawHttpMessageHandler.SendAsync(HttpRequestMessage request, CancellationToken cancellationToken)
   at GitHub.Services.Common.VssHttpRetryMessageHandler.SendAsync(HttpRequestMessage request, CancellationToken cancellationToken)
   at System.Net.Http.HttpClient.<SendAsync>g__Core|83_0(HttpRequestMessage request, HttpCompletionOption completionOption, CancellationTokenSource cts, Boolean disposeCts, CancellationTokenSource pendingRequestsCts, CancellationToken originalCancellationToken)
   --- End of inner exception stack trace ---
   at System.Net.Http.HttpClient.HandleFailure(Exception e, Boolean telemetryStarted, HttpResponseMessage response, CancellationTokenSource cts, CancellationToken cancellationToken, CancellationTokenSource pendingRequestsCts)
   at System.Net.Http.HttpClient.<SendAsync>g__Core|83_0(HttpRequestMessage request, HttpCompletionOption completionOption, CancellationTokenSource cts, Boolean disposeCts, CancellationTokenSource pendingRequestsCts, CancellationToken originalCancellationToken)
   at Sdk.WebApi.WebApi.RawHttpClientBase.SendAsync(HttpRequestMessage message, HttpCompletionOption completionOption, Object userState, CancellationToken cancellationToken)
   at Sdk.WebApi.WebApi.RawHttpClientBase.SendAsync[T](HttpRequestMessage message, Boolean readErrorBody, Object userState, CancellationToken cancellationToken)
   at Sdk.WebApi.WebApi.RawHttpClientBase.SendAsync[T](HttpMethod method, IEnumerable`1 additionalHeaders, Uri requestUri, HttpContent content, IEnumerable`1 queryParameters, Boolean readErrorBody, Object userState, CancellationToken cancellationToken)
   at GitHub.Actions.RunService.WebApi.BrokerHttpClient.GetRunnerMessageAsync(Nullable`1 sessionId, String runnerVersion, Nullable`1 status, String os, String architecture, Nullable`1 disableUpdate, CancellationToken cancellationToken)
   at GitHub.Runner.Common.BrokerServer.<>c__DisplayClass7_0.<<GetRunnerMessageAsync>b__0>d.MoveNext()
--- End of stack trace from previous location ---
   at GitHub.Runner.Common.RunnerService.RetryRequest[T](Func`1 func, CancellationToken cancellationToken, Int32 maxAttempts, Func`2 shouldRetry)
[2026-10-08 18:30:32Z ERR  BrokerServer] #####################################################
[2026-10-08 18:30:32Z ERR  BrokerServer] System.Threading.Tasks.TaskCanceledException: The operation was canceled.
 ---> System.IO.IOException: Unable to read data from the transport connection: La operación de E/S se anuló por una salida de subproceso o por una solicitud de aplicación..
 ---> System.Net.Sockets.SocketException (995): La operación de E/S se anuló por una salida de subproceso o por una solicitud de aplicación.
   --- End of inner exception stack trace ---
   at System.Net.Sockets.Socket.AwaitableSocketAsyncEventArgs.System.Threading.Tasks.Sources.IValueTaskSource<System.Int32>.GetResult(Int16 token)
   at System.Net.Security.SslStream.EnsureFullTlsFrameAsync[TIOAdapter](CancellationToken cancellationToken, Int32 estimatedSize)
   at System.Runtime.CompilerServices.PoolingAsyncValueTaskMethodBuilder`1.StateMachineBox`1.System.Threading.Tasks.Sources.IValueTaskSource<TResult>.GetResult(Int16 token)
   at System.Net.Security.SslStream.ReadAsyncInternal[TIOAdapter](Memory`1 buffer, CancellationToken cancellationToken)
   at System.Runtime.CompilerServices.PoolingAsyncValueTaskMethodBuilder`1.StateMachineBox`1.System.Threading.Tasks.Sources.IValueTaskSource<TResult>.GetResult(Int16 token)
   at System.Net.Http.HttpConnection.SendAsync(HttpRequestMessage request, Boolean async, CancellationToken cancellationToken)
   --- End of inner exception stack trace ---
   at System.Net.Http.HttpConnection.SendAsync(HttpRequestMessage request, Boolean async, CancellationToken cancellationToken)
   at System.Net.Http.AuthenticationHelper.SendWithNtAuthAsync(HttpRequestMessage request, Uri authUri, Boolean async, ICredentials credentials, Boolean isProxyAuth, HttpConnection connection, HttpConnectionPool connectionPool, CancellationToken cancellationToken)
   at System.Net.Http.HttpConnectionPool.SendWithVersionDetectionAndRetryAsync(HttpRequestMessage request, Boolean async, Boolean doRequestAuth, CancellationToken cancellationToken)
   at System.Net.Http.AuthenticationHelper.SendWithAuthAsync(HttpRequestMessage request, Uri authUri, Boolean async, ICredentials credentials, Boolean preAuthenticate, Boolean isProxyAuth, Boolean doRequestAuth, HttpConnectionPool pool, CancellationToken cancellationToken)
   at System.Net.Http.RedirectHandler.SendAsync(HttpRequestMessage request, Boolean async, CancellationToken cancellationToken)
   at GitHub.Services.Common.RawHttpMessageHandler.SendAsync(HttpRequestMessage request, CancellationToken cancellationToken)
   at GitHub.Services.Common.VssHttpRetryMessageHandler.SendAsync(HttpRequestMessage request, CancellationToken cancellationToken)
   at System.Net.Http.HttpClient.<SendAsync>g__Core|83_0(HttpRequestMessage request, HttpCompletionOption completionOption, CancellationTokenSource cts, Boolean disposeCts, CancellationTokenSource pendingRequestsCts, CancellationToken originalCancellationToken)
[2026-10-08 18:30:32Z ERR  BrokerServer] #####################################################
[2026-10-08 18:30:32Z ERR  BrokerServer] System.IO.IOException: Unable to read data from the transport connection: La operación de E/S se anuló por una salida de subproceso o por una solicitud de aplicación..
 ---> System.Net.Sockets.SocketException (995): La operación de E/S se anuló por una salida de subproceso o por una solicitud de aplicación.
   --- End of inner exception stack trace ---
   at System.Net.Sockets.Socket.AwaitableSocketAsyncEventArgs.System.Threading.Tasks.Sources.IValueTaskSource<System.Int32>.GetResult(Int16 token)
   at System.Net.Security.SslStream.EnsureFullTlsFrameAsync[TIOAdapter](CancellationToken cancellationToken, Int32 estimatedSize)
   at System.Runtime.CompilerServices.PoolingAsyncValueTaskMethodBuilder`1.StateMachineBox`1.System.Threading.Tasks.Sources.IValueTaskSource<TResult>.GetResult(Int16 token)
   at System.Net.Security.SslStream.ReadAsyncInternal[TIOAdapter](Memory`1 buffer, CancellationToken cancellationToken)
   at System.Runtime.CompilerServices.PoolingAsyncValueTaskMethodBuilder`1.StateMachineBox`1.System.Threading.Tasks.Sources.IValueTaskSource<TResult>.GetResult(Int16 token)
   at System.Net.Http.HttpConnection.SendAsync(HttpRequestMessage request, Boolean async, CancellationToken cancellationToken)
[2026-10-08 18:30:32Z ERR  BrokerServer] #####################################################
[2026-10-08 18:30:32Z ERR  BrokerServer] System.Net.Sockets.SocketException (995): La operación de E/S se anuló por una salida de subproceso o por una solicitud de aplicación.
[2026-10-08 18:30:32Z WARN BrokerServer] Back off 9,015 seconds before next retry. 4 attempt left.
[2026-10-08 18:30:32Z INFO BrokerMessageListener] Get next message has been cancelled.
[2026-10-08 18:30:32Z INFO JobDispatcher] Shutting down JobDispatcher. Make sure all WorkerDispatcher has finished.
[2026-10-08 18:30:32Z INFO JobDispatcher] Ensure WorkerDispatcher for job d2202158-e30d-58fe-bb5d-ab049833d0f1 run to finish, cancel any running job.
[2026-10-08 18:30:32Z INFO JobDispatcher] Job request d2202158-e30d-58fe-bb5d-ab049833d0f1 processed succeed.
[2026-10-08 18:30:32Z INFO Runner] Deleting Runner Session...
[2026-10-08 18:30:33Z INFO Listener] Runner execution been cancelled.
