[2026-10-08 18:13:44Z INFO HostContext] No proxy settings were found based on environmental variables (http_proxy/https_proxy/HTTP_PROXY/HTTPS_PROXY)
[2026-10-08 18:13:44Z INFO HostContext] Well known directory 'Bin': 'C:\Users\neo_o\Desktop\Github Practicas\Users\actions-runner\bin'
[2026-10-08 18:13:44Z INFO HostContext] Well known directory 'Root': 'C:\Users\neo_o\Desktop\Github Practicas\Users\actions-runner'
[2026-10-08 18:13:44Z INFO HostContext] Well known config file 'Credentials': 'C:\Users\neo_o\Desktop\Github Practicas\Users\actions-runner\.credentials'
[2026-10-08 18:13:45Z INFO HostContext] Well known directory 'Bin': 'C:\Users\neo_o\Desktop\Github Practicas\Users\actions-runner\bin'
[2026-10-08 18:13:45Z INFO HostContext] Well known directory 'Root': 'C:\Users\neo_o\Desktop\Github Practicas\Users\actions-runner'
[2026-10-08 18:13:45Z INFO HostContext] Well known config file 'Runner': 'C:\Users\neo_o\Desktop\Github Practicas\Users\actions-runner\.runner'
[2026-10-08 18:13:45Z INFO Worker] Version: 2.337.0
[2026-10-08 18:13:45Z INFO Worker] Commit: 397b032cbf865e9c3ddfab89d533ec19325e1273
[2026-10-08 18:13:45Z INFO Worker] Culture: es-ES
[2026-10-08 18:13:45Z INFO Worker] UI Culture: es-ES
[2026-10-08 18:13:45Z INFO Worker] Waiting to receive the job message from the channel.
[2026-10-08 18:13:45Z INFO ProcessChannel] Receiving message of length 22188, with hash '0359dbc00589ff56f6de8269b9ca0d1c34610dc20a0ffc131838d732331d8dae'
[2026-10-08 18:13:45Z INFO Worker] Message received.
[2026-10-08 18:13:45Z INFO Worker] Job message:
 {
  "fileTable": [
    ".github/workflows/CD.yml"
  ],
  "mask": [
    {
      "type": "regex",
      "value": "***"
    },
    {
      "type": "regex",
      "value": "***"
    },
    {
      "type": "regex",
      "value": "***"
    },
    {
      "type": "regex",
      "value": "***"
    },
    {
      "type": "regex",
      "value": "***"
    },
    {
      "type": "regex",
      "value": "***"
    },
    {
      "type": "regex",
      "value": "***"
    },
    {
      "type": "regex",
      "value": "***"
    },
    {
      "type": "regex",
      "value": "***"
    },
    {
      "type": "regex",
      "value": "***"
    },
    {
      "type": "regex",
      "value": "***"
    },
    {
      "type": "regex",
      "value": "***"
    },
    {
      "type": "regex",
      "value": "***"
    },
    {
      "type": "regex",
      "value": "***"
    },
    {
      "type": "regex",
      "value": "***"
    },
    {
      "type": "regex",
      "value": "***"
    },
    {
      "type": "regex",
      "value": "***"
    },
    {
      "type": "regex",
      "value": "***"
    },
    {
      "type": "regex",
      "value": "***"
    },
    {
      "type": "regex",
      "value": "***"
    },
    {
      "type": "regex",
      "value": "***"
    },
    {
      "type": "regex",
      "value": "***"
    },
    {
      "type": "regex",
      "value": "***"
    },
    {
      "type": "regex",
      "value": "***"
    }
  ],
  "steps": [
    {
      "type": "action",
      "reference": {
        "type": "repository",
        "name": "actions/checkout",
        "ref": "v4",
        "repositoryType": "GitHub"
      },
      "contextName": "__actions_checkout",
      "condition": "success()",
      "id": "befe7635-885e-4368-949e-468b85f74d44",
      "name": "__actions_checkout"
    },
    {
      "type": "action",
      "reference": {
        "type": "script"
      },
      "displayNameToken": {
        "type": 0,
        "file": 1,
        "line": 41,
        "col": 15,
        "lit": "Validar entorno de producción"
      },
      "contextName": "__run",
      "environment": {
        "type": 2,
        "file": 1,
        "line": 44,
        "col": 11,
        "map": [
          {
            "key": {
              "type": 0,
              "file": 1,
              "line": 44,
              "col": 11,
              "lit": "TOKEN"
            },
            "value": {
              "type": 3,
              "file": 1,
              "line": 44,
              "col": 18,
              "expr": "secrets.PROD_TOKEN"
            }
          }
        ]
      },
      "inputs": {
        "type": 2,
        "map": [
          {
            "key": "script",
            "value": {
              "type": 0,
              "file": 1,
              "line": 45,
              "col": 14,
              "lit": "if ($env:TOKEN -eq $env:LOCAL_PROD_TOKEN) {\n  Write-Host 'CD: validacion de produccion correcta OK - listo para desplegar'\n} else {\n  Write-Host 'CD: validacion fallida ERROR'\n  exit 1\n}"
            }
          },
          {
            "key": "shell",
            "value": {
              "type": 0,
              "file": 1,
              "line": 42,
              "col": 16,
              "lit": "powershell"
            }
          }
        ]
      },
      "condition": "success()",
      "id": "d1135902-79c0-4cca-ab38-41aca2d60b1c",
      "name": "__run"
    }
  ],
  "variables": {
    "Actions.EnableHttpRedirects": {
      "value": "true"
    },
    "DistributedTask.AddWarningToNode12Action": {
      "value": "true"
    },
    "DistributedTask.AddWarningToNode16Action": {
      "value": "true"
    },
    "DistributedTask.AllowRunnerContainerHooks": {
      "value": "true"
    },
    "DistributedTask.DeprecateStepOutputCommands": {
      "value": "true"
    },
    "DistributedTask.DetailUntarFailure": {
      "value": "true"
    },
    "DistributedTask.EnableCompositeActions": {
      "value": "true"
    },
    "DistributedTask.EnableJobServerQueueTelemetry": {
      "value": "true"
    },
    "DistributedTask.EnhancedAnnotations": {
      "value": "true"
    },
    "DistributedTask.ForceGithubJavascriptActionsToNode16": {
      "value": "true"
    },
    "DistributedTask.ForceGithubJavascriptActionsToNode20": {
      "value": "true"
    },
    "DistributedTask.LogTemplateErrorsAsDebugMessages": {
      "value": "true"
    },
    "DistributedTask.MarkJobAsFailedOnWorkerCrash": {
      "value": "true"
    },
    "DistributedTask.NewActionMetadata": {
      "value": "true"
    },
    "DistributedTask.UploadStepSummary": {
      "value": "true"
    },
    "DistributedTask.UseActionArchiveCache": {
      "value": "true"
    },
    "DistributedTask.UseWhich2": {
      "value": "true"
    },
    "PROD_TOKEN": {
      "value": "***",
      "isSecret": true
    },
    "RunService.FixEmbeddedIssues": {
      "value": "true"
    },
    "actions.runner.requirenode24": {
      "value": "true"
    },
    "actions.runner.usenode24bydefault": {
      "value": "true"
    },
    "actions.runner.warnonnode20": {
      "value": "true"
    },
    "actions_add_check_run_id_to_job_context": {
      "value": "true"
    },
    "actions_batch_action_resolution": {
      "value": "false"
    },
    "actions_cache_mode": {
      "value": "write"
    },
    "actions_container_action_runner_temp": {
      "value": "true"
    },
    "actions_display_helpful_actions_download_errors": {
      "value": "true"
    },
    "actions_runner_allow_artifacts_file": {
      "value": "true"
    },
    "actions_runner_compare_workflow_parser": {
      "value": "false"
    },
    "actions_runner_deprecate_linux_arm32": {
      "value": "true"
    },
    "actions_runner_emit_composite_markers": {
      "value": "true"
    },
    "actions_runner_kill_linux_arm32": {
      "value": "true"
    },
    "actions_runner_node20_removal_date": {
      "value": "September 23rd, 2026"
    },
    "actions_runner_node24_default_date": {
      "value": "June 16th, 2026"
    },
    "actions_self_repository": {
      "value": "true"
    },
    "actions_service_container_command": {
      "value": "true"
    },
    "actions_set_orchestration_id_env_for_actions": {
      "value": "true"
    },
    "actions_skip_retry_complete_job_upon_known_errors": {
      "value": "true"
    },
    "actions_snapshot_preflight_hosted_runner_check": {
      "value": "false"
    },
    "actions_snapshot_preflight_image_gen_pool_check": {
      "value": "false"
    },
    "actions_use_bearer_token_for_codeload": {
      "value": "false"
    },
    "actions_uses_cache_service_v2": {
      "value": "true"
    },
    "github_token": {
      "value": "***",
      "isSecret": true
    },
    "system.from_run_service": {
      "value": "true"
    },
    "system.github.job": {
      "value": "validate-prod"
    },
    "system.github.launch_endpoint": {
      "value": "https://launch.actions.githubusercontent.com"
    },
    "system.github.results_endpoint": {
      "value": "https://results-receiver.actions.githubusercontent.com/"
    },
    "system.github.results_upload_with_sdk": {
      "value": "true"
    },
    "system.github.token": {
      "value": "***",
      "isSecret": true
    },
    "system.github.token.permissions": {
      "value": "{\"Contents\":\"write\",\"Metadata\":\"read\"}"
    },
    "system.orchestrationId": {
      "value": "0d689209-2db1-8cc6-83cb-b18a6c157829.validate-prod.__default"
    },
    "system.phaseDisplayName": {
      "value": "validate-prod"
    },
    "system.runner.lowdiskspacethreshold": {
      "value": "100"
    },
    "system.runnerEnvironment": {
      "value": "self-hosted"
    },
    "system.runnerGroupName": {
      "value": "Default"
    }
  },
  "messageType": "RunnerJobRequest",
  "plan": {
    "scopeIdentifier": "00000000-0000-0000-0000-000000000000",
    "planType": "actions",
    "version": 0,
    "planId": "0d689209-2db1-8cc6-83cb-b18a6c157829",
    "planGroup": null,
    "artifactUri": null,
    "artifactLocation": null,
    "definition": null,
    "owner": null
  },
  "timeline": {
    "id": "0d689209-2db1-8cc6-83cb-b18a6c157829",
    "changeId": 0,
    "location": null
  },
  "jobId": "51854e63-4002-54d2-a119-f79eb57b2157",
  "jobDisplayName": "validate-prod",
  "jobName": "__default",
  "requestId": 0,
  "lockedUntil": "0001-01-01T00:00:00",
  "resources": {
    "endpoints": [
      {
        "data": {
          "ServerId": "",
          "ServerName": "",
          "CacheServerUrl": "https://artifactcache.actions.githubusercontent.com/lRIrfmhBQOQOisN18JBIOeSYw7t1EHpkUDnQoMLIBXODqc7uyt/",
          "FeedStreamUrl": "wss://results-receiver.actions.githubusercontent.com/_ws/ingest.sock",
          "ResultsServiceUrl": "https://results-receiver.actions.githubusercontent.com/",
          "PipelinesServiceUrl": "https://pipelinesghubeus3.actions.githubusercontent.com/lRIrfmhBQOQOisN18JBIOeSYw7t1EHpkUDnQoMLIBXODqc7uyt/",
          "GenerateIdTokenUrl": "",
          "ConnectivityChecks": "[\"https://broker.actions.githubusercontent.com/health\",\"https://token.actions.githubusercontent.com/ready\",\"https://run.actions.githubusercontent.com/health\"]",
          "ConnectivityAndDNSChecks": ""
        },
        "name": "SystemVssConnection",
        "url": "https://run-actions-3-azure-eastus.actions.githubusercontent.com/204/",
        "authorization": {
          "parameters": {
            "AccessToken": "***"
          },
          "scheme": "OAuth"
        },
        "isShared": false,
        "isReady": true
      }
    ]
  },
  "contextData": {
    "github": {
      "t": 2,
      "d": [
        {
          "k": "ref",
          "v": "refs/heads/main"
        },
        {
          "k": "sha",
          "v": "b27802ef71a351da2489337e531c47a6a00a66db"
        },
        {
          "k": "repository",
          "v": "Alejfk/Colaborative"
        },
        {
          "k": "repository_owner",
          "v": "Alejfk"
        },
        {
          "k": "repository_owner_id",
          "v": "337092217"
        },
        {
          "k": "repositoryUrl",
          "v": "git://github.com/Alejfk/Colaborative.git"
        },
        {
          "k": "run_id",
          "v": "37822600602"
        },
        {
          "k": "run_number",
          "v": "4"
        },
        {
          "k": "retention_days",
          "v": "90"
        },
        {
          "k": "run_attempt",
          "v": "1"
        },
        {
          "k": "artifact_cache_size_limit",
          "v": "10"
        },
        {
          "k": "repository_visibility",
          "v": "public"
        },
        {
          "k": "actor_id",
          "v": "337092217"
        },
        {
          "k": "actor",
          "v": "Alejfk"
        },
        {
          "k": "workflow",
          "v": "CD"
        },
        {
          "k": "head_ref",
          "v": ""
        },
        {
          "k": "base_ref",
          "v": ""
        },
        {
          "k": "event_name",
          "v": "push"
        },
        {
          "k": "server_url",
          "v": "https://github.com"
        },
        {
          "k": "api_url",
          "v": "https://api.github.com"
        },
        {
          "k": "graphql_url",
          "v": "https://api.github.com/graphql"
        },
        {
          "k": "ref_name",
          "v": "main"
        },
        {
          "k": "ref_protected",
          "v": true
        },
        {
          "k": "ref_type",
          "v": "branch"
        },
        {
          "k": "secret_source",
          "v": "Actions"
        },
        {
          "k": "event",
          "v": {
            "t": 2,
            "d": [
              {
                "k": "after",
                "v": "b27802ef71a351da2489337e531c47a6a00a66db"
              },
              {
                "k": "base_ref",
                "v": null
              },
              {
                "k": "before",
                "v": "2e907487e9f38290087d2c6f677b6af50067d76c"
              },
              {
                "k": "commits",
                "v": {
                  "t": 1,
                  "a": [
                    {
                      "t": 2,
                      "d": [
                        {
                          "k": "author",
                          "v": {
                            "t": 2,
                            "d": [
                              {
                                "k": "email",
                                "v": "alejandro.s378329@cesurformacion.com"
                              },
                              {
                                "k": "name",
                                "v": "Alejfk"
                              },
                              {
                                "k": "username",
                                "v": "Alejfk"
                              }
                            ]
                          }
                        },
                        {
                          "k": "committer",
                          "v": {
                            "t": 2,
                            "d": [
                              {
                                "k": "email",
                                "v": "alejandro.s378329@cesurformacion.com"
                              },
                              {
                                "k": "name",
                                "v": "Alejfk"
                              },
                              {
                                "k": "username",
                                "v": "Alejfk"
                              }
                            ]
                          }
                        },
                        {
                          "k": "distinct",
                          "v": true
                        },
                        {
                          "k": "id",
                          "v": "b27802ef71a351da2489337e531c47a6a00a66db"
                        },
                        {
                          "k": "message",
                          "v": "cambiar comillas dobles por simples"
                        },
                        {
                          "k": "timestamp",
                          "v": "2026-10-08T20:13:19+02:00"
                        },
                        {
                          "k": "tree_id",
                          "v": "770e7eaa6d2b8a940e4fa13cb64d2062413d0162"
                        },
                        {
                          "k": "url",
                          "v": "https://github.com/Alejfk/Colaborative/commit/b27802ef71a351da2489337e531c47a6a00a66db"
                        }
                      ]
                    }
                  ]
                }
              },
              {
                "k": "compare",
                "v": "https://github.com/Alejfk/Colaborative/compare/2e907487e9f3...b27802ef71a3"
              },
              {
                "k": "created",
                "v": false
              },
              {
                "k": "deleted",
                "v": false
              },
              {
                "k": "forced",
                "v": false
              },
              {
                "k": "head_commit",
                "v": {
                  "t": 2,
                  "d": [
                    {
                      "k": "author",
                      "v": {
                        "t": 2,
                        "d": [
                          {
                            "k": "email",
                            "v": "alejandro.s378329@cesurformacion.com"
                          },
                          {
                            "k": "name",
                            "v": "Alejfk"
                          },
                          {
                            "k": "username",
                            "v": "Alejfk"
                          }
                        ]
                      }
                    },
                    {
                      "k": "committer",
                      "v": {
                        "t": 2,
                        "d": [
                          {
                            "k": "email",
                            "v": "alejandro.s378329@cesurformacion.com"
                          },
                          {
                            "k": "name",
                            "v": "Alejfk"
                          },
                          {
                            "k": "username",
                            "v": "Alejfk"
                          }
                        ]
                      }
                    },
                    {
                      "k": "distinct",
                      "v": true
                    },
                    {
                      "k": "id",
                      "v": "b27802ef71a351da2489337e531c47a6a00a66db"
                    },
                    {
                      "k": "message",
                      "v": "cambiar comillas dobles por simples"
                    },
                    {
                      "k": "timestamp",
                      "v": "2026-10-08T20:13:19+02:00"
                    },
                    {
                      "k": "tree_id",
                      "v": "770e7eaa6d2b8a940e4fa13cb64d2062413d0162"
                    },
                    {
                      "k": "url",
                      "v": "https://github.com/Alejfk/Colaborative/commit/b27802ef71a351da2489337e531c47a6a00a66db"
                    }
                  ]
                }
              },
              {
                "k": "pusher",
                "v": {
                  "t": 2,
                  "d": [
                    {
                      "k": "email",
                      "v": "alejandro.s378329@cesurformacion.com"
                    },
                    {
                      "k": "name",
                      "v": "Alejfk"
                    }
                  ]
                }
              },
              {
                "k": "ref",
                "v": "refs/heads/main"
              },
              {
                "k": "repository",
                "v": {
                  "t": 2,
                  "d": [
                    {
                      "k": "allow_forking",
                      "v": true
                    },
                    {
                      "k": "archive_url",
                      "v": "https://api.github.com/repos/Alejfk/Colaborative/{archive_format}{/ref}"
                    },
                    {
                      "k": "archived",
                      "v": false
                    },
                    {
                      "k": "assignees_url",
                      "v": "https://api.github.com/repos/Alejfk/Colaborative/assignees{/user}"
                    },
                    {
                      "k": "blobs_url",
                      "v": "https://api.github.com/repos/Alejfk/Colaborative/git/blobs{/sha}"
                    },
                    {
                      "k": "branches_url",
                      "v": "https://api.github.com/repos/Alejfk/Colaborative/branches{/branch}"
                    },
                    {
                      "k": "clone_url",
                      "v": "https://github.com/Alejfk/Colaborative.git"
                    },
                    {
                      "k": "collaborators_url",
                      "v": "https://api.github.com/repos/Alejfk/Colaborative/collaborators{/collaborator}"
                    },
                    {
                      "k": "comments_url",
                      "v": "https://api.github.com/repos/Alejfk/Colaborative/comments{/number}"
                    },
                    {
                      "k": "commits_url",
                      "v": "https://api.github.com/repos/Alejfk/Colaborative/commits{/sha}"
                    },
                    {
                      "k": "compare_url",
                      "v": "https://api.github.com/repos/Alejfk/Colaborative/compare/{base}...{head}"
                    },
                    {
                      "k": "contents_url",
                      "v": "https://api.github.com/repos/Alejfk/Colaborative/contents/{+path}"
                    },
                    {
                      "k": "contributors_url",
                      "v": "https://api.github.com/repos/Alejfk/Colaborative/contributors"
                    },
                    {
                      "k": "created_at",
                      "v": 1791272639.0
                    },
                    {
                      "k": "default_branch",
                      "v": "main"
                    },
                    {
                      "k": "deployments_url",
                      "v": "https://api.github.com/repos/Alejfk/Colaborative/deployments"
                    },
                    {
                      "k": "description",
                      "v": null
                    },
                    {
                      "k": "disabled",
                      "v": false
                    },
                    {
                      "k": "downloads_url",
                      "v": "https://api.github.com/repos/Alejfk/Colaborative/downloads"
                    },
                    {
                      "k": "events_url",
                      "v": "https://api.github.com/repos/Alejfk/Colaborative/events"
                    },
                    {
                      "k": "fork",
                      "v": false
                    },
                    {
                      "k": "forks",
                      "v": 0.0
                    },
                    {
                      "k": "forks_count",
                      "v": 0.0
                    },
                    {
                      "k": "forks_url",
                      "v": "https://api.github.com/repos/Alejfk/Colaborative/forks"
                    },
                    {
                      "k": "full_name",
                      "v": "Alejfk/Colaborative"
                    },
                    {
                      "k": "git_commits_url",
                      "v": "https://api.github.com/repos/Alejfk/Colaborative/git/commits{/sha}"
                    },
                    {
                      "k": "git_refs_url",
                      "v": "https://api.github.com/repos/Alejfk/Colaborative/git/refs{/sha}"
                    },
                    {
                      "k": "git_tags_url",
                      "v": "https://api.github.com/repos/Alejfk/Colaborative/git/tags{/sha}"
                    },
                    {
                      "k": "git_url",
                      "v": "git://github.com/Alejfk/Colaborative.git"
                    },
                    {
                      "k": "has_discussions",
                      "v": false
                    },
                    {
                      "k": "has_downloads",
                      "v": true
                    },
                    {
                      "k": "has_issues",
                      "v": true
                    },
                    {
                      "k": "has_pages",
                      "v": false
                    },
                    {
                      "k": "has_projects",
                      "v": true
                    },
                    {
                      "k": "has_pull_requests",
                      "v": true
                    },
                    {
                      "k": "has_wiki",
                      "v": true
                    },
                    {
                      "k": "homepage",
                      "v": null
                    },
                    {
                      "k": "hooks_url",
                      "v": "https://api.github.com/repos/Alejfk/Colaborative/hooks"
                    },
                    {
                      "k": "html_url",
                      "v": "https://github.com/Alejfk/Colaborative"
                    },
                    {
                      "k": "id",
                      "v": 1406905728.0
                    },
                    {
                      "k": "is_template",
                      "v": false
                    },
                    {
                      "k": "issue_comment_url",
                      "v": "https://api.github.com/repos/Alejfk/Colaborative/issues/comments{/number}"
                    },
                    {
                      "k": "issue_events_url",
                      "v": "https://api.github.com/repos/Alejfk/Colaborative/issues/events{/number}"
                    },
                    {
                      "k": "issues_url",
                      "v": "https://api.github.com/repos/Alejfk/Colaborative/issues{/number}"
                    },
                    {
                      "k": "keys_url",
                      "v": "https://api.github.com/repos/Alejfk/Colaborative/keys{/key_id}"
                    },
                    {
                      "k": "labels_url",
                      "v": "https://api.github.com/repos/Alejfk/Colaborative/labels{/name}"
                    },
                    {
                      "k": "language",
                      "v": "JavaScript"
                    },
                    {
                      "k": "languages_url",
                      "v": "https://api.github.com/repos/Alejfk/Colaborative/languages"
                    },
                    {
                      "k": "license",
                      "v": null
                    },
                    {
                      "k": "master_branch",
                      "v": "main"
                    },
                    {
                      "k": "merges_url",
                      "v": "https://api.github.com/repos/Alejfk/Colaborative/merges"
                    },
                    {
                      "k": "milestones_url",
                      "v": "https://api.github.com/repos/Alejfk/Colaborative/milestones{/number}"
                    },
                    {
                      "k": "mirror_url",
                      "v": null
                    },
                    {
                      "k": "name",
                      "v": "Colaborative"
                    },
                    {
                      "k": "node_id",
                      "v": "R_kgDOU9utgA"
                    },
                    {
                      "k": "notifications_url",
                      "v": "https://api.github.com/repos/Alejfk/Colaborative/notifications{?since,all,participating}"
                    },
                    {
                      "k": "open_issues",
                      "v": 0.0
                    },
                    {
                      "k": "open_issues_count",
                      "v": 0.0
                    },
                    {
                      "k": "owner",
                      "v": {
                        "t": 2,
                        "d": [
                          {
                            "k": "avatar_url",
                            "v": "https://avatars.githubusercontent.com/u/337092217?v=4"
                          },
                          {
                            "k": "email",
                            "v": "alejandro.s378329@cesurformacion.com"
                          },
                          {
                            "k": "events_url",
                            "v": "https://api.github.com/users/Alejfk/events{/privacy}"
                          },
                          {
                            "k": "followers_url",
                            "v": "https://api.github.com/users/Alejfk/followers"
                          },
                          {
                            "k": "following_url",
                            "v": "https://api.github.com/users/Alejfk/following{/other_user}"
                          },
                          {
                            "k": "gists_url",
                            "v": "https://api.github.com/users/Alejfk/gists{/gist_id}"
                          },
                          {
                            "k": "gravatar_id",
                            "v": ""
                          },
                          {
                            "k": "html_url",
                            "v": "https://github.com/Alejfk"
                          },
                          {
                            "k": "id",
                            "v": 337092217.0
                          },
                          {
                            "k": "login",
                            "v": "Alejfk"
                          },
                          {
                            "k": "name",
                            "v": "Alejfk"
                          },
                          {
                            "k": "node_id",
                            "v": "U_kgDOFBeeeQ"
                          },
                          {
                            "k": "organizations_url",
                            "v": "https://api.github.com/users/Alejfk/orgs"
                          },
                          {
                            "k": "received_events_url",
                            "v": "https://api.github.com/users/Alejfk/received_events"
                          },
                          {
                            "k": "repos_url",
                            "v": "https://api.github.com/users/Alejfk/repos"
                          },
                          {
                            "k": "site_***",
                            "v": false
                          },
                          {
                            "k": "starred_url",
                            "v": "https://api.github.com/users/Alejfk/starred{/owner}{/repo}"
                          },
                          {
                            "k": "subscriptions_url",
                            "v": "https://api.github.com/users/Alejfk/subscriptions"
                          },
                          {
                            "k": "type",
                            "v": "User"
                          },
                          {
                            "k": "url",
                            "v": "https://api.github.com/users/Alejfk"
                          },
                          {
                            "k": "user_view_type",
                            "v": "public"
                          }
                        ]
                      }
                    },
                    {
                      "k": "private",
                      "v": false
                    },
                    {
                      "k": "pull_request_creation_policy",
                      "v": "all"
                    },
                    {
                      "k": "pulls_url",
                      "v": "https://api.github.com/repos/Alejfk/Colaborative/pulls{/number}"
                    },
                    {
                      "k": "pushed_at",
                      "v": 1791483201.0
                    },
                    {
                      "k": "releases_url",
                      "v": "https://api.github.com/repos/Alejfk/Colaborative/releases{/id}"
                    },
                    {
                      "k": "size",
                      "v": 275448.0
                    },
                    {
                      "k": "ssh_url",
                      "v": "git@github.com:Alejfk/Colaborative.git"
                    },
                    {
                      "k": "stargazers",
                      "v": 0.0
                    },
                    {
                      "k": "stargazers_count",
                      "v": 0.0
                    },
                    {
                      "k": "stargazers_url",
                      "v": "https://api.github.com/repos/Alejfk/Colaborative/stargazers"
                    },
                    {
                      "k": "statuses_url",
                      "v": "https://api.github.com/repos/Alejfk/Colaborative/statuses/{sha}"
                    },
                    {
                      "k": "subscribers_url",
                      "v": "https://api.github.com/repos/Alejfk/Colaborative/subscribers"
                    },
                    {
                      "k": "subscription_url",
                      "v": "https://api.github.com/repos/Alejfk/Colaborative/subscription"
                    },
                    {
                      "k": "svn_url",
                      "v": "https://github.com/Alejfk/Colaborative"
                    },
                    {
                      "k": "tags_url",
                      "v": "https://api.github.com/repos/Alejfk/Colaborative/tags"
                    },
                    {
                      "k": "teams_url",
                      "v": "https://api.github.com/repos/Alejfk/Colaborative/teams"
                    },
                    {
                      "k": "topics",
                      "v": {
                        "t": 1
                      }
                    },
                    {
                      "k": "trees_url",
                      "v": "https://api.github.com/repos/Alejfk/Colaborative/git/trees{/sha}"
                    },
                    {
                      "k": "updated_at",
                      "v": "2026-10-08T18:08:10Z"
                    },
                    {
                      "k": "url",
                      "v": "https://api.github.com/repos/Alejfk/Colaborative"
                    },
                    {
                      "k": "visibility",
                      "v": "public"
                    },
                    {
                      "k": "watchers",
                      "v": 0.0
                    },
                    {
                      "k": "watchers_count",
                      "v": 0.0
                    },
                    {
                      "k": "web_commit_signoff_required",
                      "v": false
                    }
                  ]
                }
              },
              {
                "k": "sender",
                "v": {
                  "t": 2,
                  "d": [
                    {
                      "k": "avatar_url",
                      "v": "https://avatars.githubusercontent.com/u/337092217?v=4"
                    },
                    {
                      "k": "events_url",
                      "v": "https://api.github.com/users/Alejfk/events{/privacy}"
                    },
                    {
                      "k": "followers_url",
                      "v": "https://api.github.com/users/Alejfk/followers"
                    },
                    {
                      "k": "following_url",
                      "v": "https://api.github.com/users/Alejfk/following{/other_user}"
                    },
                    {
                      "k": "gists_url",
                      "v": "https://api.github.com/users/Alejfk/gists{/gist_id}"
                    },
                    {
                      "k": "gravatar_id",
                      "v": ""
                    },
                    {
                      "k": "html_url",
                      "v": "https://github.com/Alejfk"
                    },
                    {
                      "k": "id",
                      "v": 337092217.0
                    },
                    {
                      "k": "login",
                      "v": "Alejfk"
                    },
                    {
                      "k": "node_id",
                      "v": "U_kgDOFBeeeQ"
                    },
                    {
                      "k": "organizations_url",
                      "v": "https://api.github.com/users/Alejfk/orgs"
                    },
                    {
                      "k": "received_events_url",
                      "v": "https://api.github.com/users/Alejfk/received_events"
                    },
                    {
                      "k": "repos_url",
                      "v": "https://api.github.com/users/Alejfk/repos"
                    },
                    {
                      "k": "site_***",
                      "v": false
                    },
                    {
                      "k": "starred_url",
                      "v": "https://api.github.com/users/Alejfk/starred{/owner}{/repo}"
                    },
                    {
                      "k": "subscriptions_url",
                      "v": "https://api.github.com/users/Alejfk/subscriptions"
                    },
                    {
                      "k": "type",
                      "v": "User"
                    },
                    {
                      "k": "url",
                      "v": "https://api.github.com/users/Alejfk"
                    },
                    {
                      "k": "user_view_type",
                      "v": "public"
                    }
                  ]
                }
              }
            ]
          }
        },
        {
          "k": "workflow_ref",
          "v": "Alejfk/Colaborative/.github/workflows/CD.yml@refs/heads/main"
        },
        {
          "k": "workflow_sha",
          "v": "b27802ef71a351da2489337e531c47a6a00a66db"
        },
        {
          "k": "repository_id",
          "v": "1406905728"
        },
        {
          "k": "triggering_actor",
          "v": "Alejfk"
        }
      ]
    },
    "inputs": {
      "t": 2
    },
    "job": {
      "t": 2,
      "d": [
        {
          "k": "check_run_id",
          "v": 113467289453.0
        },
        {
          "k": "workflow_ref",
          "v": "Alejfk/Colaborative/.github/workflows/CD.yml@refs/heads/main"
        },
        {
          "k": "workflow_sha",
          "v": "b27802ef71a351da2489337e531c47a6a00a66db"
        },
        {
          "k": "workflow_repository",
          "v": "Alejfk/Colaborative"
        },
        {
          "k": "workflow_file_path",
          "v": ".github/workflows/CD.yml"
        }
      ]
    },
    "matrix": null,
    "needs": {
      "t": 2,
      "d": [
        {
          "k": "bump-version",
          "v": {
            "t": 2,
            "d": [
              {
                "k": "result",
                "v": "success"
              },
              {
                "k": "outputs",
                "v": {
                  "t": 2
                }
              }
            ]
          }
        }
      ]
    },
    "strategy": {
      "t": 2,
      "d": [
        {
          "k": "fail-fast",
          "v": true
        },
        {
          "k": "job-index",
          "v": 0.0
        },
        {
          "k": "job-total",
          "v": 1.0
        },
        {
          "k": "max-parallel",
          "v": 1.0
        }
      ]
    },
    "vars": {
      "t": 2
    }
  },
  "billingOwnerId": "U_kgDOFBeeeQ"
}
[2026-10-08 18:13:45Z INFO JobRunner] Job ID 51854e63-4002-54d2-a119-f79eb57b2157
[2026-10-08 18:13:45Z INFO ConfigurationStore] currentAssemblyLocation: C:\Users\neo_o\Desktop\Github Practicas\Users\actions-runner\bin\Runner.Worker.dll
[2026-10-08 18:13:45Z INFO HostContext] Well known directory 'Bin': 'C:\Users\neo_o\Desktop\Github Practicas\Users\actions-runner\bin'
[2026-10-08 18:13:45Z INFO ConfigurationStore] binPath: C:\Users\neo_o\Desktop\Github Practicas\Users\actions-runner\bin
[2026-10-08 18:13:45Z INFO HostContext] Well known directory 'Bin': 'C:\Users\neo_o\Desktop\Github Practicas\Users\actions-runner\bin'
[2026-10-08 18:13:45Z INFO HostContext] Well known directory 'Root': 'C:\Users\neo_o\Desktop\Github Practicas\Users\actions-runner'
[2026-10-08 18:13:45Z INFO ConfigurationStore] RootFolder: C:\Users\neo_o\Desktop\Github Practicas\Users\actions-runner
[2026-10-08 18:13:45Z INFO HostContext] Well known directory 'Bin': 'C:\Users\neo_o\Desktop\Github Practicas\Users\actions-runner\bin'
[2026-10-08 18:13:45Z INFO HostContext] Well known directory 'Root': 'C:\Users\neo_o\Desktop\Github Practicas\Users\actions-runner'
[2026-10-08 18:13:45Z INFO HostContext] Well known config file 'Runner': 'C:\Users\neo_o\Desktop\Github Practicas\Users\actions-runner\.runner'
[2026-10-08 18:13:45Z INFO ConfigurationStore] ConfigFilePath: C:\Users\neo_o\Desktop\Github Practicas\Users\actions-runner\.runner
[2026-10-08 18:13:45Z INFO HostContext] Well known directory 'Bin': 'C:\Users\neo_o\Desktop\Github Practicas\Users\actions-runner\bin'
[2026-10-08 18:13:45Z INFO HostContext] Well known directory 'Root': 'C:\Users\neo_o\Desktop\Github Practicas\Users\actions-runner'
[2026-10-08 18:13:45Z INFO HostContext] Well known config file 'MigratedRunner': 'C:\Users\neo_o\Desktop\Github Practicas\Users\actions-runner\.runner_migrated'
[2026-10-08 18:13:45Z INFO ConfigurationStore] MigratedConfigFilePath: C:\Users\neo_o\Desktop\Github Practicas\Users\actions-runner\.runner_migrated
[2026-10-08 18:13:45Z INFO HostContext] Well known directory 'Bin': 'C:\Users\neo_o\Desktop\Github Practicas\Users\actions-runner\bin'
[2026-10-08 18:13:45Z INFO HostContext] Well known directory 'Root': 'C:\Users\neo_o\Desktop\Github Practicas\Users\actions-runner'
[2026-10-08 18:13:45Z INFO HostContext] Well known config file 'Credentials': 'C:\Users\neo_o\Desktop\Github Practicas\Users\actions-runner\.credentials'
[2026-10-08 18:13:45Z INFO ConfigurationStore] CredFilePath: C:\Users\neo_o\Desktop\Github Practicas\Users\actions-runner\.credentials
[2026-10-08 18:13:45Z INFO HostContext] Well known directory 'Bin': 'C:\Users\neo_o\Desktop\Github Practicas\Users\actions-runner\bin'
[2026-10-08 18:13:45Z INFO HostContext] Well known directory 'Root': 'C:\Users\neo_o\Desktop\Github Practicas\Users\actions-runner'
[2026-10-08 18:13:45Z INFO HostContext] Well known config file 'MigratedCredentials': 'C:\Users\neo_o\Desktop\Github Practicas\Users\actions-runner\.credentials_migrated'
[2026-10-08 18:13:45Z INFO ConfigurationStore] MigratedCredFilePath: C:\Users\neo_o\Desktop\Github Practicas\Users\actions-runner\.credentials_migrated
[2026-10-08 18:13:45Z INFO HostContext] Well known directory 'Bin': 'C:\Users\neo_o\Desktop\Github Practicas\Users\actions-runner\bin'
[2026-10-08 18:13:45Z INFO HostContext] Well known directory 'Root': 'C:\Users\neo_o\Desktop\Github Practicas\Users\actions-runner'
[2026-10-08 18:13:45Z INFO HostContext] Well known config file 'Service': 'C:\Users\neo_o\Desktop\Github Practicas\Users\actions-runner\.service'
[2026-10-08 18:13:45Z INFO ConfigurationStore] ServiceConfigFilePath: C:\Users\neo_o\Desktop\Github Practicas\Users\actions-runner\.service
[2026-10-08 18:13:45Z INFO ConfigurationStore] Read setting file: 398 chars
[2026-10-08 18:13:45Z INFO JobRunner] Initializing launch client
[2026-10-08 18:13:45Z INFO JobServerQueue] Initializing results client
[2026-10-08 18:13:45Z INFO ResultServer] Creating websocket client ...wss://results-receiver.actions.githubusercontent.com/_ws/ingest.sock
[2026-10-08 18:13:45Z INFO ResultServer] Attempting to start websocket client with delay 00:00:00.
[2026-10-08 18:13:45Z INFO JobServerQueue] Start process web console line queue.
[2026-10-08 18:13:45Z INFO JobServerQueue] Start process file upload queue.
[2026-10-08 18:13:45Z INFO JobServerQueue] Start results file upload queue.
[2026-10-08 18:13:45Z INFO JobServerQueue] Starting results-based upload queue...
[2026-10-08 18:13:45Z INFO JobServerQueue] Start process timeline update queue.
[2026-10-08 18:13:45Z INFO ExecutionContext] Initializing Job context
[2026-10-08 18:13:45Z INFO ExecutionContext] Initialize GitHub context
[2026-10-08 18:13:45Z INFO ExecutionContext] Initialize Env context
[2026-10-08 18:13:45Z INFO HostContext] Well known directory 'Bin': 'C:\Users\neo_o\Desktop\Github Practicas\Users\actions-runner\bin'
[2026-10-08 18:13:45Z INFO HostContext] Well known directory 'Root': 'C:\Users\neo_o\Desktop\Github Practicas\Users\actions-runner'
[2026-10-08 18:13:45Z INFO HostContext] Well known directory 'Diag': 'C:\Users\neo_o\Desktop\Github Practicas\Users\actions-runner\_diag'
[2026-10-08 18:13:45Z INFO HostContext] Well known directory 'Bin': 'C:\Users\neo_o\Desktop\Github Practicas\Users\actions-runner\bin'
[2026-10-08 18:13:45Z INFO HostContext] Well known directory 'Root': 'C:\Users\neo_o\Desktop\Github Practicas\Users\actions-runner'
[2026-10-08 18:13:45Z INFO HostContext] Well known directory 'Diag': 'C:\Users\neo_o\Desktop\Github Practicas\Users\actions-runner\_diag'
[2026-10-08 18:13:45Z INFO JobRunner] Starting the job execution context.
[2026-10-08 18:13:45Z INFO HostContext] Well known directory 'Bin': 'C:\Users\neo_o\Desktop\Github Practicas\Users\actions-runner\bin'
[2026-10-08 18:13:45Z INFO HostContext] Well known directory 'Root': 'C:\Users\neo_o\Desktop\Github Practicas\Users\actions-runner'
[2026-10-08 18:13:45Z INFO HostContext] Well known directory 'Work': 'C:\Users\neo_o\Desktop\Github Practicas\Users\actions-runner\_work'
[2026-10-08 18:13:45Z INFO JobRunner] Validating directory permissions for: 'C:\Users\neo_o\Desktop\Github Practicas\Users\actions-runner\_work'
[2026-10-08 18:13:45Z INFO HostContext] Well known directory 'Bin': 'C:\Users\neo_o\Desktop\Github Practicas\Users\actions-runner\bin'
[2026-10-08 18:13:45Z INFO HostContext] Well known directory 'Root': 'C:\Users\neo_o\Desktop\Github Practicas\Users\actions-runner'
[2026-10-08 18:13:45Z INFO HostContext] Well known directory 'Work': 'C:\Users\neo_o\Desktop\Github Practicas\Users\actions-runner\_work'
[2026-10-08 18:13:45Z INFO HostContext] Well known directory 'Tools': 'C:\Users\neo_o\Desktop\Github Practicas\Users\actions-runner\_work\_tool'
[2026-10-08 18:13:45Z INFO HostContext] Well known directory 'Bin': 'C:\Users\neo_o\Desktop\Github Practicas\Users\actions-runner\bin'
[2026-10-08 18:13:45Z INFO HostContext] Well known directory 'Root': 'C:\Users\neo_o\Desktop\Github Practicas\Users\actions-runner'
[2026-10-08 18:13:45Z INFO HostContext] Well known directory 'Work': 'C:\Users\neo_o\Desktop\Github Practicas\Users\actions-runner\_work'
[2026-10-08 18:13:45Z INFO HostContext] Well known directory 'Temp': 'C:\Users\neo_o\Desktop\Github Practicas\Users\actions-runner\_work\_temp'
[2026-10-08 18:13:45Z INFO JobRunner] Getting job extension.
[2026-10-08 18:13:45Z INFO JobRunner] Initialize job. Getting all job steps.
[2026-10-08 18:13:45Z INFO HostContext] Well known directory 'Bin': 'C:\Users\neo_o\Desktop\Github Practicas\Users\actions-runner\bin'
[2026-10-08 18:13:45Z INFO HostContext] Well known directory 'Root': 'C:\Users\neo_o\Desktop\Github Practicas\Users\actions-runner'
[2026-10-08 18:13:45Z INFO HostContext] Well known directory 'Diag': 'C:\Users\neo_o\Desktop\Github Practicas\Users\actions-runner\_diag'
[2026-10-08 18:13:45Z INFO HostContext] Well known directory 'Bin': 'C:\Users\neo_o\Desktop\Github Practicas\Users\actions-runner\bin'
[2026-10-08 18:13:45Z INFO HostContext] Well known directory 'Root': 'C:\Users\neo_o\Desktop\Github Practicas\Users\actions-runner'
[2026-10-08 18:13:45Z INFO HostContext] Well known directory 'Diag': 'C:\Users\neo_o\Desktop\Github Practicas\Users\actions-runner\_diag'
[2026-10-08 18:13:45Z INFO HostContext] Well known directory 'Bin': 'C:\Users\neo_o\Desktop\Github Practicas\Users\actions-runner\bin'
[2026-10-08 18:13:45Z INFO HostContext] Well known directory 'Root': 'C:\Users\neo_o\Desktop\Github Practicas\Users\actions-runner'
[2026-10-08 18:13:45Z INFO HostContext] Well known config file 'Credentials': 'C:\Users\neo_o\Desktop\Github Practicas\Users\actions-runner\.credentials'
[2026-10-08 18:13:45Z INFO HostContext] Well known directory 'Bin': 'C:\Users\neo_o\Desktop\Github Practicas\Users\actions-runner\bin'
[2026-10-08 18:13:45Z INFO HostContext] Well known directory 'Root': 'C:\Users\neo_o\Desktop\Github Practicas\Users\actions-runner'
[2026-10-08 18:13:45Z INFO HostContext] Well known config file 'SetupInfo': 'C:\Users\neo_o\Desktop\Github Practicas\Users\actions-runner\.setup_info'
[2026-10-08 18:13:45Z INFO HostContext] Well known directory 'Bin': 'C:\Users\neo_o\Desktop\Github Practicas\Users\actions-runner\bin'
[2026-10-08 18:13:45Z INFO HostContext] Well known directory 'Root': 'C:\Users\neo_o\Desktop\Github Practicas\Users\actions-runner'
[2026-10-08 18:13:45Z INFO HostContext] Well known directory 'Work': 'C:\Users\neo_o\Desktop\Github Practicas\Users\actions-runner\_work'
[2026-10-08 18:13:45Z INFO PipelineDirectoryManager] Loading tracking config if exists: C:\Users\neo_o\Desktop\Github Practicas\Users\actions-runner\_work\_PipelineMapping\Alejfk/Colaborative\PipelineFolder.json
[2026-10-08 18:13:45Z INFO PipelineDirectoryManager] Updating job run properties.
[2026-10-08 18:13:45Z INFO HostContext] Well known directory 'Bin': 'C:\Users\neo_o\Desktop\Github Practicas\Users\actions-runner\bin'
[2026-10-08 18:13:45Z INFO HostContext] Well known directory 'Root': 'C:\Users\neo_o\Desktop\Github Practicas\Users\actions-runner'
[2026-10-08 18:13:45Z INFO HostContext] Well known directory 'Work': 'C:\Users\neo_o\Desktop\Github Practicas\Users\actions-runner\_work'
[2026-10-08 18:13:45Z INFO HostContext] Well known directory 'Bin': 'C:\Users\neo_o\Desktop\Github Practicas\Users\actions-runner\bin'
[2026-10-08 18:13:45Z INFO HostContext] Well known directory 'Root': 'C:\Users\neo_o\Desktop\Github Practicas\Users\actions-runner'
[2026-10-08 18:13:45Z INFO HostContext] Well known directory 'Work': 'C:\Users\neo_o\Desktop\Github Practicas\Users\actions-runner\_work'
[2026-10-08 18:13:45Z INFO HostContext] Well known directory 'Bin': 'C:\Users\neo_o\Desktop\Github Practicas\Users\actions-runner\bin'
[2026-10-08 18:13:45Z INFO HostContext] Well known directory 'Root': 'C:\Users\neo_o\Desktop\Github Practicas\Users\actions-runner'
[2026-10-08 18:13:45Z INFO HostContext] Well known directory 'Work': 'C:\Users\neo_o\Desktop\Github Practicas\Users\actions-runner\_work'
[2026-10-08 18:13:45Z INFO JobExtension] Downloading actions
[2026-10-08 18:13:45Z INFO HostContext] Well known directory 'Bin': 'C:\Users\neo_o\Desktop\Github Practicas\Users\actions-runner\bin'
[2026-10-08 18:13:45Z INFO HostContext] Well known directory 'Root': 'C:\Users\neo_o\Desktop\Github Practicas\Users\actions-runner'
[2026-10-08 18:13:45Z INFO HostContext] Well known directory 'Work': 'C:\Users\neo_o\Desktop\Github Practicas\Users\actions-runner\_work'
[2026-10-08 18:13:45Z INFO HostContext] Well known directory 'Actions': 'C:\Users\neo_o\Desktop\Github Practicas\Users\actions-runner\_work\_actions'
[2026-10-08 18:13:45Z INFO Worker] Listening for cancel message from the channel.
[2026-10-08 18:13:45Z INFO Worker] Waiting for the job to complete or for a cancel message from the channel.
[2026-10-08 18:13:45Z INFO ResultServer] Successfully started websocket client.
[2026-10-08 18:13:45Z INFO JobServerQueue] Try to append 1 batches web console lines for record '2bbf88d8-d3c9-48f1-95cf-776c319d33d7', success rate: 1/1.
[2026-10-08 18:13:45Z INFO HostContext] Well known directory 'Bin': 'C:\Users\neo_o\Desktop\Github Practicas\Users\actions-runner\bin'
[2026-10-08 18:13:45Z INFO HostContext] Well known directory 'Root': 'C:\Users\neo_o\Desktop\Github Practicas\Users\actions-runner'
[2026-10-08 18:13:45Z INFO HostContext] Well known directory 'Work': 'C:\Users\neo_o\Desktop\Github Practicas\Users\actions-runner\_work'
[2026-10-08 18:13:45Z INFO HostContext] Well known directory 'Actions': 'C:\Users\neo_o\Desktop\Github Practicas\Users\actions-runner\_work\_actions'
[2026-10-08 18:13:45Z INFO HostContext] Well known directory 'Bin': 'C:\Users\neo_o\Desktop\Github Practicas\Users\actions-runner\bin'
[2026-10-08 18:13:45Z INFO HostContext] Well known directory 'Root': 'C:\Users\neo_o\Desktop\Github Practicas\Users\actions-runner'
[2026-10-08 18:13:45Z INFO HostContext] Well known directory 'Work': 'C:\Users\neo_o\Desktop\Github Practicas\Users\actions-runner\_work'
[2026-10-08 18:13:45Z INFO HostContext] Well known directory 'Actions': 'C:\Users\neo_o\Desktop\Github Practicas\Users\actions-runner\_work\_actions'
[2026-10-08 18:13:45Z INFO ActionManager] Save archive 'https://codeload.github.com/actions/checkout/zip/11d5960a326750d5838078e36cf38b85af677262' into C:\Users\neo_o\Desktop\Github Practicas\Users\actions-runner\_work\_actions\_temp_db655a40-5798-4aef-93bc-3a552ea5cd31\c2bd05b0-e5a2-49a7-84d0-c3ac6bb5ec6e.zip.
[2026-10-08 18:13:45Z INFO JobServerQueue] Try to append 1 batches web console lines for record '2bbf88d8-d3c9-48f1-95cf-776c319d33d7', success rate: 1/1.
[2026-10-08 18:13:45Z INFO ActionManager] Using Basic token for action archive download.
[2026-10-08 18:13:46Z INFO JobServerQueue] Job timeline record has been updated for the first time.
[2026-10-08 18:13:46Z INFO ActionManager] Request URL: https://codeload.github.com/actions/checkout/zip/11d5960a326750d5838078e36cf38b85af677262 X-GitHub-Request-Id: F458:243017:2503FC:2E2EA2:6AC7DD55 Http Status: OK
[2026-10-08 18:13:46Z INFO ActionManager] Finished getting action repository.
[2026-10-08 18:13:46Z INFO HostContext] Well known directory 'Bin': 'C:\Users\neo_o\Desktop\Github Practicas\Users\actions-runner\bin'
[2026-10-08 18:13:46Z INFO HostContext] Well known directory 'Root': 'C:\Users\neo_o\Desktop\Github Practicas\Users\actions-runner'
[2026-10-08 18:13:46Z INFO HostContext] Well known directory 'Work': 'C:\Users\neo_o\Desktop\Github Practicas\Users\actions-runner\_work'
[2026-10-08 18:13:46Z INFO HostContext] Well known directory 'Actions': 'C:\Users\neo_o\Desktop\Github Practicas\Users\actions-runner\_work\_actions'
[2026-10-08 18:13:46Z INFO ActionManifestManagerLegacy] Load schema file with definitions: [
  "null",
  "boolean",
  "number",
  "string",
  "sequence",
  "mapping",
  "any",
  "action-root",
  "inputs",
  "input",
  "outputs",
  "output-definition",
  "runs",
  "container-runs",
  "container-runs-args",
  "container-runs-env",
  "node-runs",
  "plugin-runs",
  "composite-runs",
  "composite-steps",
  "composite-step",
  "run-step",
  "uses-step",
  "container-runs-context",
  "output-value",
  "input-default-context",
  "non-empty-string",
  "string-steps-context",
  "boolean-steps-context",
  "step-env",
  "step-if",
  "step-with"
]
[2026-10-08 18:13:46Z INFO ActionManifestManager] Load schema file with definitions: [
  "null",
  "boolean",
  "number",
  "string",
  "sequence",
  "mapping",
  "any",
  "action-root",
  "inputs",
  "input",
  "outputs",
  "output-definition",
  "runs",
  "container-runs",
  "container-runs-args",
  "container-runs-env",
  "node-runs",
  "plugin-runs",
  "composite-runs",
  "composite-steps",
  "composite-step",
  "run-step",
  "uses-step",
  "container-runs-context",
  "output-value",
  "input-default-context",
  "non-empty-string",
  "string-steps-context",
  "boolean-steps-context",
  "step-env",
  "step-if",
  "step-with"
]
[2026-10-08 18:13:46Z INFO HostContext] Well known directory 'Bin': 'C:\Users\neo_o\Desktop\Github Practicas\Users\actions-runner\bin'
[2026-10-08 18:13:46Z INFO HostContext] Well known directory 'Root': 'C:\Users\neo_o\Desktop\Github Practicas\Users\actions-runner'
[2026-10-08 18:13:46Z INFO HostContext] Well known directory 'Work': 'C:\Users\neo_o\Desktop\Github Practicas\Users\actions-runner\_work'
[2026-10-08 18:13:46Z INFO HostContext] Well known directory 'Actions': 'C:\Users\neo_o\Desktop\Github Practicas\Users\actions-runner\_work\_actions'
[2026-10-08 18:13:46Z INFO ActionManifestManagerLegacy] Loaded action.yml file: {
  "name": "Checkout",
  "description": "Checkout a Git repository at a particular version",
  "inputs": {
    "type": 2,
    "map": [
      {
        "key": {
          "type": 0,
          "file": 2,
          "line": 4,
          "col": 3,
          "lit": "repository"
        },
        "value": {
          "type": 3,
          "file": 2,
          "line": 6,
          "col": 14,
          "expr": "github.repository"
        }
      },
      {
        "key": {
          "type": 0,
          "file": 2,
          "line": 7,
          "col": 3,
          "lit": "ref"
        },
        "value": ""
      },
      {
        "key": {
          "type": 0,
          "file": 2,
          "line": 12,
          "col": 3,
          "lit": "token"
        },
        "value": {
          "type": 3,
          "file": 2,
          "line": 24,
          "col": 14,
          "expr": "github.token"
        }
      },
      {
        "key": {
          "type": 0,
          "file": 2,
          "line": 25,
          "col": 3,
          "lit": "ssh-key"
        },
        "value": ""
      },
      {
        "key": {
          "type": 0,
          "file": 2,
          "line": 37,
          "col": 3,
          "lit": "ssh-known-hosts"
        },
        "value": ""
      },
      {
        "key": {
          "type": 0,
          "file": 2,
          "line": 42,
          "col": 3,
          "lit": "ssh-strict"
        },
        "value": {
          "type": 0,
          "file": 2,
          "line": 47,
          "col": 14,
          "lit": "true"
        }
      },
      {
        "key": {
          "type": 0,
          "file": 2,
          "line": 48,
          "col": 3,
          "lit": "ssh-user"
        },
        "value": {
          "type": 0,
          "file": 2,
          "line": 51,
          "col": 14,
          "lit": "git"
        }
      },
      {
        "key": {
          "type": 0,
          "file": 2,
          "line": 52,
          "col": 3,
          "lit": "persist-credentials"
        },
        "value": {
          "type": 0,
          "file": 2,
          "line": 54,
          "col": 14,
          "lit": "true"
        }
      },
      {
        "key": {
          "type": 0,
          "file": 2,
          "line": 55,
          "col": 3,
          "lit": "path"
        },
        "value": ""
      },
      {
        "key": {
          "type": 0,
          "file": 2,
          "line": 57,
          "col": 3,
          "lit": "clean"
        },
        "value": {
          "type": 0,
          "file": 2,
          "line": 59,
          "col": 14,
          "lit": "true"
        }
      },
      {
        "key": {
          "type": 0,
          "file": 2,
          "line": 60,
          "col": 3,
          "lit": "filter"
        },
        "value": {
          "type": 0,
          "file": 2,
          "line": 64,
          "col": 14,
          "lit": ""
        }
      },
      {
        "key": {
          "type": 0,
          "file": 2,
          "line": 65,
          "col": 3,
          "lit": "sparse-checkout"
        },
        "value": {
          "type": 0,
          "file": 2,
          "line": 69,
          "col": 14,
          "lit": ""
        }
      },
      {
        "key": {
          "type": 0,
          "file": 2,
          "line": 70,
          "col": 3,
          "lit": "sparse-checkout-cone-mode"
        },
        "value": {
          "type": 0,
          "file": 2,
          "line": 73,
          "col": 14,
          "lit": "true"
        }
      },
      {
        "key": {
          "type": 0,
          "file": 2,
          "line": 74,
          "col": 3,
          "lit": "fetch-depth"
        },
        "value": {
          "type": 0,
          "file": 2,
          "line": 76,
          "col": 14,
          "lit": "1"
        }
      },
      {
        "key": {
          "type": 0,
          "file": 2,
          "line": 77,
          "col": 3,
          "lit": "fetch-tags"
        },
        "value": {
          "type": 0,
          "file": 2,
          "line": 79,
          "col": 14,
          "lit": "false"
        }
      },
      {
        "key": {
          "type": 0,
          "file": 2,
          "line": 80,
          "col": 3,
          "lit": "show-progress"
        },
        "value": {
          "type": 0,
          "file": 2,
          "line": 82,
          "col": 14,
          "lit": "true"
        }
      },
      {
        "key": {
          "type": 0,
          "file": 2,
          "line": 83,
          "col": 3,
          "lit": "lfs"
        },
        "value": {
          "type": 0,
          "file": 2,
          "line": 85,
          "col": 14,
          "lit": "false"
        }
      },
      {
        "key": {
          "type": 0,
          "file": 2,
          "line": 86,
          "col": 3,
          "lit": "submodules"
        },
        "value": {
          "type": 0,
          "file": 2,
          "line": 94,
          "col": 14,
          "lit": "false"
        }
      },
      {
        "key": {
          "type": 0,
          "file": 2,
          "line": 95,
          "col": 3,
          "lit": "set-safe-directory"
        },
        "value": {
          "type": 0,
          "file": 2,
          "line": 97,
          "col": 14,
          "lit": "true"
        }
      },
      {
        "key": {
          "type": 0,
          "file": 2,
          "line": 98,
          "col": 3,
          "lit": "github-server-url"
        },
        "value": ""
      },
      {
        "key": {
          "type": 0,
          "file": 2,
          "line": 101,
          "col": 3,
          "lit": "allow-unsafe-pr-checkout"
        },
        "value": {
          "type": 0,
          "file": 2,
          "line": 109,
          "col": 14,
          "lit": "false"
        }
      }
    ]
  },
  "execution": {
    "executionType": "nodeJS",
    "hasPre": false,
    "hasPost": true,
    "script": "dist/index.js",
    "pre": null,
    "post": "dist/index.js",
    "nodeVersion": "node20",
    "cleanupCondition": "always()",
    "initCondition": "always()"
  },
  "deprecated": null
}
[2026-10-08 18:13:46Z INFO ActionManager] Action node.js file: dist/index.js, no more preparation.
[2026-10-08 18:13:46Z INFO HostContext] Well known directory 'Bin': 'C:\Users\neo_o\Desktop\Github Practicas\Users\actions-runner\bin'
[2026-10-08 18:13:46Z INFO HostContext] Well known directory 'Root': 'C:\Users\neo_o\Desktop\Github Practicas\Users\actions-runner'
[2026-10-08 18:13:46Z INFO HostContext] Well known directory 'Work': 'C:\Users\neo_o\Desktop\Github Practicas\Users\actions-runner\_work'
[2026-10-08 18:13:46Z INFO HostContext] Well known directory 'Actions': 'C:\Users\neo_o\Desktop\Github Practicas\Users\actions-runner\_work\_actions'
[2026-10-08 18:13:46Z INFO ActionManager] Load action that reference repository from 'C:\Users\neo_o\Desktop\Github Practicas\Users\actions-runner\_work\_actions\actions\checkout\v4'
[2026-10-08 18:13:46Z INFO HostContext] Well known directory 'Bin': 'C:\Users\neo_o\Desktop\Github Practicas\Users\actions-runner\bin'
[2026-10-08 18:13:46Z INFO HostContext] Well known directory 'Root': 'C:\Users\neo_o\Desktop\Github Practicas\Users\actions-runner'
[2026-10-08 18:13:46Z INFO HostContext] Well known directory 'Work': 'C:\Users\neo_o\Desktop\Github Practicas\Users\actions-runner\_work'
[2026-10-08 18:13:46Z INFO HostContext] Well known directory 'Actions': 'C:\Users\neo_o\Desktop\Github Practicas\Users\actions-runner\_work\_actions'
[2026-10-08 18:13:46Z INFO ActionManifestManagerLegacy] Loaded action.yml file: {
  "name": "Checkout",
  "description": "Checkout a Git repository at a particular version",
  "inputs": {
    "type": 2,
    "map": [
      {
        "key": {
          "type": 0,
          "file": 2,
          "line": 4,
          "col": 3,
          "lit": "repository"
        },
        "value": {
          "type": 3,
          "file": 2,
          "line": 6,
          "col": 14,
          "expr": "github.repository"
        }
      },
      {
        "key": {
          "type": 0,
          "file": 2,
          "line": 7,
          "col": 3,
          "lit": "ref"
        },
        "value": ""
      },
      {
        "key": {
          "type": 0,
          "file": 2,
          "line": 12,
          "col": 3,
          "lit": "token"
        },
        "value": {
          "type": 3,
          "file": 2,
          "line": 24,
          "col": 14,
          "expr": "github.token"
        }
      },
      {
        "key": {
          "type": 0,
          "file": 2,
          "line": 25,
          "col": 3,
          "lit": "ssh-key"
        },
        "value": ""
      },
      {
        "key": {
          "type": 0,
          "file": 2,
          "line": 37,
          "col": 3,
          "lit": "ssh-known-hosts"
        },
        "value": ""
      },
      {
        "key": {
          "type": 0,
          "file": 2,
          "line": 42,
          "col": 3,
          "lit": "ssh-strict"
        },
        "value": {
          "type": 0,
          "file": 2,
          "line": 47,
          "col": 14,
          "lit": "true"
        }
      },
      {
        "key": {
          "type": 0,
          "file": 2,
          "line": 48,
          "col": 3,
          "lit": "ssh-user"
        },
        "value": {
          "type": 0,
          "file": 2,
          "line": 51,
          "col": 14,
          "lit": "git"
        }
      },
      {
        "key": {
          "type": 0,
          "file": 2,
          "line": 52,
          "col": 3,
          "lit": "persist-credentials"
        },
        "value": {
          "type": 0,
          "file": 2,
          "line": 54,
          "col": 14,
          "lit": "true"
        }
      },
      {
        "key": {
          "type": 0,
          "file": 2,
          "line": 55,
          "col": 3,
          "lit": "path"
        },
        "value": ""
      },
      {
        "key": {
          "type": 0,
          "file": 2,
          "line": 57,
          "col": 3,
          "lit": "clean"
        },
        "value": {
          "type": 0,
          "file": 2,
          "line": 59,
          "col": 14,
          "lit": "true"
        }
      },
      {
        "key": {
          "type": 0,
          "file": 2,
          "line": 60,
          "col": 3,
          "lit": "filter"
        },
        "value": {
          "type": 0,
          "file": 2,
          "line": 64,
          "col": 14,
          "lit": ""
        }
      },
      {
        "key": {
          "type": 0,
          "file": 2,
          "line": 65,
          "col": 3,
          "lit": "sparse-checkout"
        },
        "value": {
          "type": 0,
          "file": 2,
          "line": 69,
          "col": 14,
          "lit": ""
        }
      },
      {
        "key": {
          "type": 0,
          "file": 2,
          "line": 70,
          "col": 3,
          "lit": "sparse-checkout-cone-mode"
        },
        "value": {
          "type": 0,
          "file": 2,
          "line": 73,
          "col": 14,
          "lit": "true"
        }
      },
      {
        "key": {
          "type": 0,
          "file": 2,
          "line": 74,
          "col": 3,
          "lit": "fetch-depth"
        },
        "value": {
          "type": 0,
          "file": 2,
          "line": 76,
          "col": 14,
          "lit": "1"
        }
      },
      {
        "key": {
          "type": 0,
          "file": 2,
          "line": 77,
          "col": 3,
          "lit": "fetch-tags"
        },
        "value": {
          "type": 0,
          "file": 2,
          "line": 79,
          "col": 14,
          "lit": "false"
        }
      },
      {
        "key": {
          "type": 0,
          "file": 2,
          "line": 80,
          "col": 3,
          "lit": "show-progress"
        },
        "value": {
          "type": 0,
          "file": 2,
          "line": 82,
          "col": 14,
          "lit": "true"
        }
      },
      {
        "key": {
          "type": 0,
          "file": 2,
          "line": 83,
          "col": 3,
          "lit": "lfs"
        },
        "value": {
          "type": 0,
          "file": 2,
          "line": 85,
          "col": 14,
          "lit": "false"
        }
      },
      {
        "key": {
          "type": 0,
          "file": 2,
          "line": 86,
          "col": 3,
          "lit": "submodules"
        },
        "value": {
          "type": 0,
          "file": 2,
          "line": 94,
          "col": 14,
          "lit": "false"
        }
      },
      {
        "key": {
          "type": 0,
          "file": 2,
          "line": 95,
          "col": 3,
          "lit": "set-safe-directory"
        },
        "value": {
          "type": 0,
          "file": 2,
          "line": 97,
          "col": 14,
          "lit": "true"
        }
      },
      {
        "key": {
          "type": 0,
          "file": 2,
          "line": 98,
          "col": 3,
          "lit": "github-server-url"
        },
        "value": ""
      },
      {
        "key": {
          "type": 0,
          "file": 2,
          "line": 101,
          "col": 3,
          "lit": "allow-unsafe-pr-checkout"
        },
        "value": {
          "type": 0,
          "file": 2,
          "line": 109,
          "col": 14,
          "lit": "false"
        }
      }
    ]
  },
  "execution": {
    "executionType": "nodeJS",
    "hasPre": false,
    "hasPost": true,
    "script": "dist/index.js",
    "pre": null,
    "post": "dist/index.js",
    "nodeVersion": "node20",
    "cleanupCondition": "always()",
    "initCondition": "always()"
  },
  "deprecated": null
}
[2026-10-08 18:13:46Z INFO ActionManager] Action pre node.js file: N/A.
[2026-10-08 18:13:46Z INFO ActionManager] Action node.js file: dist/index.js.
[2026-10-08 18:13:46Z INFO ActionManager] Action post node.js file: dist/index.js.
[2026-10-08 18:13:46Z INFO JobExtension] Adding .
[2026-10-08 18:13:46Z INFO JobExtension] Adding .
[2026-10-08 18:13:46Z INFO HostContext] Well known directory 'Bin': 'C:\Users\neo_o\Desktop\Github Practicas\Users\actions-runner\bin'
[2026-10-08 18:13:46Z INFO HostContext] Well known directory 'Root': 'C:\Users\neo_o\Desktop\Github Practicas\Users\actions-runner'
[2026-10-08 18:13:46Z INFO HostContext] Well known directory 'Diag': 'C:\Users\neo_o\Desktop\Github Practicas\Users\actions-runner\_diag'
[2026-10-08 18:13:46Z INFO HostContext] Well known directory 'Bin': 'C:\Users\neo_o\Desktop\Github Practicas\Users\actions-runner\bin'
[2026-10-08 18:13:46Z INFO HostContext] Well known directory 'Root': 'C:\Users\neo_o\Desktop\Github Practicas\Users\actions-runner'
[2026-10-08 18:13:46Z INFO HostContext] Well known directory 'Diag': 'C:\Users\neo_o\Desktop\Github Practicas\Users\actions-runner\_diag'
[2026-10-08 18:13:46Z INFO HostContext] Well known directory 'Bin': 'C:\Users\neo_o\Desktop\Github Practicas\Users\actions-runner\bin'
[2026-10-08 18:13:46Z INFO HostContext] Well known directory 'Root': 'C:\Users\neo_o\Desktop\Github Practicas\Users\actions-runner'
[2026-10-08 18:13:46Z INFO HostContext] Well known directory 'Diag': 'C:\Users\neo_o\Desktop\Github Practicas\Users\actions-runner\_diag'
[2026-10-08 18:13:46Z INFO HostContext] Well known directory 'Bin': 'C:\Users\neo_o\Desktop\Github Practicas\Users\actions-runner\bin'
[2026-10-08 18:13:46Z INFO HostContext] Well known directory 'Root': 'C:\Users\neo_o\Desktop\Github Practicas\Users\actions-runner'
[2026-10-08 18:13:46Z INFO HostContext] Well known directory 'Diag': 'C:\Users\neo_o\Desktop\Github Practicas\Users\actions-runner\_diag'
[2026-10-08 18:13:46Z INFO JobExtension] Total accessible running process: 264.
[2026-10-08 18:13:47Z INFO HostContext] Well known directory 'Bin': 'C:\Users\neo_o\Desktop\Github Practicas\Users\actions-runner\bin'
[2026-10-08 18:13:47Z INFO HostContext] Well known directory 'Root': 'C:\Users\neo_o\Desktop\Github Practicas\Users\actions-runner'
[2026-10-08 18:13:47Z INFO HostContext] Well known directory 'Work': 'C:\Users\neo_o\Desktop\Github Practicas\Users\actions-runner\_work'
[2026-10-08 18:13:47Z INFO JobExtension] Start checking server connectivity.
[2026-10-08 18:13:47Z INFO JobExtension] Check server connectivity for https://broker.actions.githubusercontent.com/health.
[2026-10-08 18:13:47Z INFO JobExtension] Check server connectivity for https://token.actions.githubusercontent.com/ready.
[2026-10-08 18:13:47Z INFO JobExtension] Check server connectivity for https://run.actions.githubusercontent.com/health.
[2026-10-08 18:13:47Z INFO JobExtension] Start checking service connectivity in background.
[2026-10-08 18:13:47Z INFO ExecutionContext] Publish step telemetry for current step {
  "action": "setup_job",
  "type": "runner",
  "stage": "Pre",
  "stepId": "2bbf88d8-d3c9-48f1-95cf-776c319d33d7",
  "result": "succeeded",
  "errorMessages": [],
  "executionTimeInSeconds": 2,
  "startTime": "2026-10-08T18:13:45.2434967Z",
  "finishTime": "2026-10-08T18:13:47.0112231Z"
}.
[2026-10-08 18:13:47Z INFO JobRunner] Total job steps: 2.
[2026-10-08 18:13:47Z INFO JobRunner] Run all job steps.
[2026-10-08 18:13:47Z INFO DapDebugger] DapDebugger initialized
[2026-10-08 18:13:47Z INFO StepsRunner] Processing step: DisplayName='Run actions/checkout@v4'
[2026-10-08 18:13:47Z INFO StepsRunner] Evaluating: success()
[2026-10-08 18:13:47Z INFO StepsRunner] Result: true
[2026-10-08 18:13:47Z INFO StepsRunner] Starting the step.
[2026-10-08 18:13:47Z INFO HostContext] Well known directory 'Bin': 'C:\Users\neo_o\Desktop\Github Practicas\Users\actions-runner\bin'
[2026-10-08 18:13:47Z INFO HostContext] Well known directory 'Root': 'C:\Users\neo_o\Desktop\Github Practicas\Users\actions-runner'
[2026-10-08 18:13:47Z INFO HostContext] Well known directory 'Work': 'C:\Users\neo_o\Desktop\Github Practicas\Users\actions-runner\_work'
[2026-10-08 18:13:47Z INFO StepsRunner] Which2: 'chcp'
[2026-10-08 18:13:47Z INFO StepsRunner] Location: 'C:\Windows\System32\chcp.COM'
[2026-10-08 18:13:47Z INFO ProcessInvokerWrapper] Starting process:
[2026-10-08 18:13:47Z INFO ProcessInvokerWrapper]   File name: 'C:\Windows\System32\chcp.COM'
[2026-10-08 18:13:47Z INFO ProcessInvokerWrapper]   Arguments: '65001'
[2026-10-08 18:13:47Z INFO ProcessInvokerWrapper]   Working directory: 'C:\Users\neo_o\Desktop\Github Practicas\Users\actions-runner\_work'
[2026-10-08 18:13:47Z INFO ProcessInvokerWrapper]   Require exit code zero: 'False'
[2026-10-08 18:13:47Z INFO ProcessInvokerWrapper]   Encoding web name:  ; code page: ''
[2026-10-08 18:13:47Z INFO ProcessInvokerWrapper]   Force kill process on cancellation: 'False'
[2026-10-08 18:13:47Z INFO ProcessInvokerWrapper]   Redirected STDIN: 'False'
[2026-10-08 18:13:47Z INFO ProcessInvokerWrapper]   Persist current code page: 'True'
[2026-10-08 18:13:47Z INFO ProcessInvokerWrapper]   Keep redirected STDIN open: 'False'
[2026-10-08 18:13:47Z INFO ProcessInvokerWrapper]   High priority process: 'False'
[2026-10-08 18:13:47Z INFO ProcessInvokerWrapper] Process started with process id 22432, waiting for process exit.
[2026-10-08 18:13:47Z INFO ProcessInvokerWrapper] STDOUT/STDERR stream read finished.
[2026-10-08 18:13:47Z INFO ProcessInvokerWrapper] STDOUT/STDERR stream read finished.
[2026-10-08 18:13:47Z INFO ProcessInvokerWrapper] Finished process 22432 with exit code 0, and elapsed time 00:00:00.0088889.
[2026-10-08 18:13:47Z INFO StepsRunner] Successfully returned to code page 65001 (UTF8)
[2026-10-08 18:13:47Z INFO HostContext] Well known directory 'Bin': 'C:\Users\neo_o\Desktop\Github Practicas\Users\actions-runner\bin'
[2026-10-08 18:13:47Z INFO HostContext] Well known directory 'Root': 'C:\Users\neo_o\Desktop\Github Practicas\Users\actions-runner'
[2026-10-08 18:13:47Z INFO HostContext] Well known directory 'Work': 'C:\Users\neo_o\Desktop\Github Practicas\Users\actions-runner\_work'
[2026-10-08 18:13:47Z INFO HostContext] Well known directory 'Actions': 'C:\Users\neo_o\Desktop\Github Practicas\Users\actions-runner\_work\_actions'
[2026-10-08 18:13:47Z INFO ActionManager] Load action that reference repository from 'C:\Users\neo_o\Desktop\Github Practicas\Users\actions-runner\_work\_actions\actions\checkout\v4'
[2026-10-08 18:13:47Z INFO HostContext] Well known directory 'Bin': 'C:\Users\neo_o\Desktop\Github Practicas\Users\actions-runner\bin'
[2026-10-08 18:13:47Z INFO HostContext] Well known directory 'Root': 'C:\Users\neo_o\Desktop\Github Practicas\Users\actions-runner'
[2026-10-08 18:13:47Z INFO HostContext] Well known directory 'Work': 'C:\Users\neo_o\Desktop\Github Practicas\Users\actions-runner\_work'
[2026-10-08 18:13:47Z INFO HostContext] Well known directory 'Actions': 'C:\Users\neo_o\Desktop\Github Practicas\Users\actions-runner\_work\_actions'
[2026-10-08 18:13:47Z INFO ActionManifestManagerLegacy] Loaded action.yml file: {
  "name": "Checkout",
  "description": "Checkout a Git repository at a particular version",
  "inputs": {
    "type": 2,
    "map": [
      {
        "key": {
          "type": 0,
          "file": 2,
          "line": 4,
          "col": 3,
          "lit": "repository"
        },
        "value": {
          "type": 3,
          "file": 2,
          "line": 6,
          "col": 14,
          "expr": "github.repository"
        }
      },
      {
        "key": {
          "type": 0,
          "file": 2,
          "line": 7,
          "col": 3,
          "lit": "ref"
        },
        "value": ""
      },
      {
        "key": {
          "type": 0,
          "file": 2,
          "line": 12,
          "col": 3,
          "lit": "token"
        },
        "value": {
          "type": 3,
          "file": 2,
          "line": 24,
          "col": 14,
          "expr": "github.token"
        }
      },
      {
        "key": {
          "type": 0,
          "file": 2,
          "line": 25,
          "col": 3,
          "lit": "ssh-key"
        },
        "value": ""
      },
      {
        "key": {
          "type": 0,
          "file": 2,
          "line": 37,
          "col": 3,
          "lit": "ssh-known-hosts"
        },
        "value": ""
      },
      {
        "key": {
          "type": 0,
          "file": 2,
          "line": 42,
          "col": 3,
          "lit": "ssh-strict"
        },
        "value": {
          "type": 0,
          "file": 2,
          "line": 47,
          "col": 14,
          "lit": "true"
        }
      },
      {
        "key": {
          "type": 0,
          "file": 2,
          "line": 48,
          "col": 3,
          "lit": "ssh-user"
        },
        "value": {
          "type": 0,
          "file": 2,
          "line": 51,
          "col": 14,
          "lit": "git"
        }
      },
      {
        "key": {
          "type": 0,
          "file": 2,
          "line": 52,
          "col": 3,
          "lit": "persist-credentials"
        },
        "value": {
          "type": 0,
          "file": 2,
          "line": 54,
          "col": 14,
          "lit": "true"
        }
      },
      {
        "key": {
          "type": 0,
          "file": 2,
          "line": 55,
          "col": 3,
          "lit": "path"
        },
        "value": ""
      },
      {
        "key": {
          "type": 0,
          "file": 2,
          "line": 57,
          "col": 3,
          "lit": "clean"
        },
        "value": {
          "type": 0,
          "file": 2,
          "line": 59,
          "col": 14,
          "lit": "true"
        }
      },
      {
        "key": {
          "type": 0,
          "file": 2,
          "line": 60,
          "col": 3,
          "lit": "filter"
        },
        "value": {
          "type": 0,
          "file": 2,
          "line": 64,
          "col": 14,
          "lit": ""
        }
      },
      {
        "key": {
          "type": 0,
          "file": 2,
          "line": 65,
          "col": 3,
          "lit": "sparse-checkout"
        },
        "value": {
          "type": 0,
          "file": 2,
          "line": 69,
          "col": 14,
          "lit": ""
        }
      },
      {
        "key": {
          "type": 0,
          "file": 2,
          "line": 70,
          "col": 3,
          "lit": "sparse-checkout-cone-mode"
        },
        "value": {
          "type": 0,
          "file": 2,
          "line": 73,
          "col": 14,
          "lit": "true"
        }
      },
      {
        "key": {
          "type": 0,
          "file": 2,
          "line": 74,
          "col": 3,
          "lit": "fetch-depth"
        },
        "value": {
          "type": 0,
          "file": 2,
          "line": 76,
          "col": 14,
          "lit": "1"
        }
      },
      {
        "key": {
          "type": 0,
          "file": 2,
          "line": 77,
          "col": 3,
          "lit": "fetch-tags"
        },
        "value": {
          "type": 0,
          "file": 2,
          "line": 79,
          "col": 14,
          "lit": "false"
        }
      },
      {
        "key": {
          "type": 0,
          "file": 2,
          "line": 80,
          "col": 3,
          "lit": "show-progress"
        },
        "value": {
          "type": 0,
          "file": 2,
          "line": 82,
          "col": 14,
          "lit": "true"
        }
      },
      {
        "key": {
          "type": 0,
          "file": 2,
          "line": 83,
          "col": 3,
          "lit": "lfs"
        },
        "value": {
          "type": 0,
          "file": 2,
          "line": 85,
          "col": 14,
          "lit": "false"
        }
      },
      {
        "key": {
          "type": 0,
          "file": 2,
          "line": 86,
          "col": 3,
          "lit": "submodules"
        },
        "value": {
          "type": 0,
          "file": 2,
          "line": 94,
          "col": 14,
          "lit": "false"
        }
      },
      {
        "key": {
          "type": 0,
          "file": 2,
          "line": 95,
          "col": 3,
          "lit": "set-safe-directory"
        },
        "value": {
          "type": 0,
          "file": 2,
          "line": 97,
          "col": 14,
          "lit": "true"
        }
      },
      {
        "key": {
          "type": 0,
          "file": 2,
          "line": 98,
          "col": 3,
          "lit": "github-server-url"
        },
        "value": ""
      },
      {
        "key": {
          "type": 0,
          "file": 2,
          "line": 101,
          "col": 3,
          "lit": "allow-unsafe-pr-checkout"
        },
        "value": {
          "type": 0,
          "file": 2,
          "line": 109,
          "col": 14,
          "lit": "false"
        }
      }
    ]
  },
  "execution": {
    "executionType": "nodeJS",
    "hasPre": false,
    "hasPost": true,
    "script": "dist/index.js",
    "pre": null,
    "post": "dist/index.js",
    "nodeVersion": "node20",
    "cleanupCondition": "always()",
    "initCondition": "always()"
  },
  "deprecated": null
}
[2026-10-08 18:13:47Z INFO ActionManager] Action pre node.js file: N/A.
[2026-10-08 18:13:47Z INFO ActionManager] Action node.js file: dist/index.js.
[2026-10-08 18:13:47Z INFO ActionManager] Action post node.js file: dist/index.js.
[2026-10-08 18:13:47Z INFO ExecutionContext] Reserve record order 4 to 6 for post job actions.
[2026-10-08 18:13:47Z INFO HostContext] Well known directory 'Bin': 'C:\Users\neo_o\Desktop\Github Practicas\Users\actions-runner\bin'
[2026-10-08 18:13:47Z INFO HostContext] Well known directory 'Root': 'C:\Users\neo_o\Desktop\Github Practicas\Users\actions-runner'
[2026-10-08 18:13:47Z INFO HostContext] Well known directory 'Diag': 'C:\Users\neo_o\Desktop\Github Practicas\Users\actions-runner\_diag'
[2026-10-08 18:13:47Z INFO HostContext] Well known directory 'Bin': 'C:\Users\neo_o\Desktop\Github Practicas\Users\actions-runner\bin'
[2026-10-08 18:13:47Z INFO HostContext] Well known directory 'Root': 'C:\Users\neo_o\Desktop\Github Practicas\Users\actions-runner'
[2026-10-08 18:13:47Z INFO HostContext] Well known directory 'Diag': 'C:\Users\neo_o\Desktop\Github Practicas\Users\actions-runner\_diag'
[2026-10-08 18:13:47Z INFO HostContext] Well known directory 'Bin': 'C:\Users\neo_o\Desktop\Github Practicas\Users\actions-runner\bin'
[2026-10-08 18:13:47Z INFO HostContext] Well known directory 'Root': 'C:\Users\neo_o\Desktop\Github Practicas\Users\actions-runner'
[2026-10-08 18:13:47Z INFO HostContext] Well known directory 'Work': 'C:\Users\neo_o\Desktop\Github Practicas\Users\actions-runner\_work'
[2026-10-08 18:13:47Z INFO HostContext] Well known directory 'Temp': 'C:\Users\neo_o\Desktop\Github Practicas\Users\actions-runner\_work\_temp'
[2026-10-08 18:13:47Z INFO ExecutionContext] Write event payload to C:\Users\neo_o\Desktop\Github Practicas\Users\actions-runner\_work\_temp\_github_workflow\event.json
[2026-10-08 18:13:47Z INFO HostContext] Well known directory 'Bin': 'C:\Users\neo_o\Desktop\Github Practicas\Users\actions-runner\bin'
[2026-10-08 18:13:47Z INFO HostContext] Well known directory 'Root': 'C:\Users\neo_o\Desktop\Github Practicas\Users\actions-runner'
[2026-10-08 18:13:47Z INFO HostContext] Well known directory 'Work': 'C:\Users\neo_o\Desktop\Github Practicas\Users\actions-runner\_work'
[2026-10-08 18:13:47Z INFO HostContext] Well known directory 'Temp': 'C:\Users\neo_o\Desktop\Github Practicas\Users\actions-runner\_work\_temp'
[2026-10-08 18:13:47Z INFO ExtensionManager] Getting extensions for interface: 'GitHub.Runner.Worker.IFileCommandExtension'
[2026-10-08 18:13:47Z INFO ExtensionManager] Creating instance: GitHub.Runner.Worker.AddPathFileCommand, Runner.Worker
[2026-10-08 18:13:47Z INFO ExtensionManager] Creating instance: GitHub.Runner.Worker.SetEnvFileCommand, Runner.Worker
[2026-10-08 18:13:47Z INFO ExtensionManager] Creating instance: GitHub.Runner.Worker.CreateStepSummaryCommand, Runner.Worker
[2026-10-08 18:13:47Z INFO ExtensionManager] Creating instance: GitHub.Runner.Worker.SaveStateFileCommand, Runner.Worker
[2026-10-08 18:13:47Z INFO ExtensionManager] Creating instance: GitHub.Runner.Worker.SetOutputFileCommand, Runner.Worker
[2026-10-08 18:13:47Z INFO ExtensionManager] Creating instance: GitHub.Runner.Worker.CreateArtifactsFileCommand, Runner.Worker
[2026-10-08 18:13:47Z INFO ExtensionManager] Creating instance: GitHub.Runner.Worker.ArtifactsListFileCommand, Runner.Worker
[2026-10-08 18:13:47Z INFO ArtifactsListFileCommand] Wrote $GITHUB_ARTIFACTS_LIST with 0 subject(s) to 'C:\Users\neo_o\Desktop\Github Practicas\Users\actions-runner\_work\_temp\_runner_file_commands\artifacts_list_91bea405-cb96-4ef1-967d-70bffb8faf06'
[2026-10-08 18:13:47Z INFO ActionManifestManagerLegacy] Input 'repository': default value evaluate result: {
  "type": 0,
  "file": 2,
  "line": 6,
  "col": 14,
  "lit": "Alejfk/Colaborative"
}
[2026-10-08 18:13:47Z INFO ActionManifestManagerLegacy] Input 'ref': default value evaluate result: ""
[2026-10-08 18:13:47Z INFO ActionManifestManagerLegacy] Input 'token': default value evaluate result: {
  "type": 0,
  "file": 2,
  "line": 24,
  "col": 14,
  "lit": "***"
}
[2026-10-08 18:13:47Z INFO ActionManifestManagerLegacy] Input 'ssh-key': default value evaluate result: ""
[2026-10-08 18:13:47Z INFO ActionManifestManagerLegacy] Input 'ssh-known-hosts': default value evaluate result: ""
[2026-10-08 18:13:47Z INFO ActionManifestManagerLegacy] Input 'ssh-strict': default value evaluate result: {
  "type": 0,
  "file": 2,
  "line": 47,
  "col": 14,
  "lit": "true"
}
[2026-10-08 18:13:47Z INFO ActionManifestManagerLegacy] Input 'ssh-user': default value evaluate result: {
  "type": 0,
  "file": 2,
  "line": 51,
  "col": 14,
  "lit": "git"
}
[2026-10-08 18:13:47Z INFO ActionManifestManagerLegacy] Input 'persist-credentials': default value evaluate result: {
  "type": 0,
  "file": 2,
  "line": 54,
  "col": 14,
  "lit": "true"
}
[2026-10-08 18:13:47Z INFO ActionManifestManagerLegacy] Input 'path': default value evaluate result: ""
[2026-10-08 18:13:47Z INFO ActionManifestManagerLegacy] Input 'clean': default value evaluate result: {
  "type": 0,
  "file": 2,
  "line": 59,
  "col": 14,
  "lit": "true"
}
[2026-10-08 18:13:47Z INFO ActionManifestManagerLegacy] Input 'filter': default value evaluate result: {
  "type": 0,
  "file": 2,
  "line": 64,
  "col": 14,
  "lit": ""
}
[2026-10-08 18:13:47Z INFO ActionManifestManagerLegacy] Input 'sparse-checkout': default value evaluate result: {
  "type": 0,
  "file": 2,
  "line": 69,
  "col": 14,
  "lit": ""
}
[2026-10-08 18:13:47Z INFO ActionManifestManagerLegacy] Input 'sparse-checkout-cone-mode': default value evaluate result: {
  "type": 0,
  "file": 2,
  "line": 73,
  "col": 14,
  "lit": "true"
}
[2026-10-08 18:13:47Z INFO ActionManifestManagerLegacy] Input 'fetch-depth': default value evaluate result: {
  "type": 0,
  "file": 2,
  "line": 76,
  "col": 14,
  "lit": "1"
}
[2026-10-08 18:13:47Z INFO ActionManifestManagerLegacy] Input 'fetch-tags': default value evaluate result: {
  "type": 0,
  "file": 2,
  "line": 79,
  "col": 14,
  "lit": "false"
}
[2026-10-08 18:13:47Z INFO ActionManifestManagerLegacy] Input 'show-progress': default value evaluate result: {
  "type": 0,
  "file": 2,
  "line": 82,
  "col": 14,
  "lit": "true"
}
[2026-10-08 18:13:47Z INFO ActionManifestManagerLegacy] Input 'lfs': default value evaluate result: {
  "type": 0,
  "file": 2,
  "line": 85,
  "col": 14,
  "lit": "false"
}
[2026-10-08 18:13:47Z INFO ActionManifestManagerLegacy] Input 'submodules': default value evaluate result: {
  "type": 0,
  "file": 2,
  "line": 94,
  "col": 14,
  "lit": "false"
}
[2026-10-08 18:13:47Z INFO ActionManifestManagerLegacy] Input 'set-safe-directory': default value evaluate result: {
  "type": 0,
  "file": 2,
  "line": 97,
  "col": 14,
  "lit": "true"
}
[2026-10-08 18:13:47Z INFO ActionManifestManagerLegacy] Input 'github-server-url': default value evaluate result: ""
[2026-10-08 18:13:47Z INFO ActionManifestManagerLegacy] Input 'allow-unsafe-pr-checkout': default value evaluate result: {
  "type": 0,
  "file": 2,
  "line": 109,
  "col": 14,
  "lit": "false"
}
[2026-10-08 18:13:47Z INFO ExtensionManager] Getting extensions for interface: 'GitHub.Runner.Worker.IActionCommandExtension'
[2026-10-08 18:13:47Z INFO ExtensionManager] Creating instance: GitHub.Runner.Worker.InternalPluginSetRepoPathCommandExtension, Runner.Worker
[2026-10-08 18:13:47Z INFO ExtensionManager] Creating instance: GitHub.Runner.Worker.SetEnvCommandExtension, Runner.Worker
[2026-10-08 18:13:47Z INFO ExtensionManager] Creating instance: GitHub.Runner.Worker.SetOutputCommandExtension, Runner.Worker
[2026-10-08 18:13:47Z INFO ExtensionManager] Creating instance: GitHub.Runner.Worker.SaveStateCommandExtension, Runner.Worker
[2026-10-08 18:13:47Z INFO ExtensionManager] Creating instance: GitHub.Runner.Worker.AddPathCommandExtension, Runner.Worker
[2026-10-08 18:13:47Z INFO ExtensionManager] Creating instance: GitHub.Runner.Worker.AddMaskCommandExtension, Runner.Worker
[2026-10-08 18:13:47Z INFO ExtensionManager] Creating instance: GitHub.Runner.Worker.AddMatcherCommandExtension, Runner.Worker
[2026-10-08 18:13:47Z INFO ExtensionManager] Creating instance: GitHub.Runner.Worker.RemoveMatcherCommandExtension, Runner.Worker
[2026-10-08 18:13:47Z INFO ExtensionManager] Creating instance: GitHub.Runner.Worker.WarningCommandExtension, Runner.Worker
[2026-10-08 18:13:47Z INFO ExtensionManager] Creating instance: GitHub.Runner.Worker.ErrorCommandExtension, Runner.Worker
[2026-10-08 18:13:47Z INFO ExtensionManager] Creating instance: GitHub.Runner.Worker.NoticeCommandExtension, Runner.Worker
[2026-10-08 18:13:47Z INFO ExtensionManager] Creating instance: GitHub.Runner.Worker.DebugCommandExtension, Runner.Worker
[2026-10-08 18:13:47Z INFO ExtensionManager] Creating instance: GitHub.Runner.Worker.GroupCommandExtension, Runner.Worker
[2026-10-08 18:13:47Z INFO ExtensionManager] Creating instance: GitHub.Runner.Worker.EndGroupCommandExtension, Runner.Worker
[2026-10-08 18:13:47Z INFO ExtensionManager] Creating instance: GitHub.Runner.Worker.EchoCommandExtension, Runner.Worker
[2026-10-08 18:13:47Z INFO ActionCommandManager] Register action command extension for command internal-set-repo-path
[2026-10-08 18:13:47Z INFO ActionCommandManager] Register action command extension for command set-env
[2026-10-08 18:13:47Z INFO ActionCommandManager] Register action command extension for command set-output
[2026-10-08 18:13:47Z INFO ActionCommandManager] Register action command extension for command save-state
[2026-10-08 18:13:47Z INFO ActionCommandManager] Register action command extension for command add-path
[2026-10-08 18:13:47Z INFO ActionCommandManager] Register action command extension for command add-mask
[2026-10-08 18:13:47Z INFO ActionCommandManager] Register action command extension for command add-matcher
[2026-10-08 18:13:47Z INFO ActionCommandManager] Register action command extension for command remove-matcher
[2026-10-08 18:13:47Z INFO ActionCommandManager] Register action command extension for command warning
[2026-10-08 18:13:47Z INFO ActionCommandManager] Register action command extension for command error
[2026-10-08 18:13:47Z INFO ActionCommandManager] Register action command extension for command notice
[2026-10-08 18:13:47Z INFO ActionCommandManager] Register action command extension for command debug
[2026-10-08 18:13:47Z INFO ActionCommandManager] Register action command extension for command group
[2026-10-08 18:13:47Z INFO ActionCommandManager] Register action command extension for command endgroup
[2026-10-08 18:13:47Z INFO ActionCommandManager] Register action command extension for command echo
[2026-10-08 18:13:47Z INFO HostContext] Well known directory 'Bin': 'C:\Users\neo_o\Desktop\Github Practicas\Users\actions-runner\bin'
[2026-10-08 18:13:47Z INFO HostContext] Well known directory 'Root': 'C:\Users\neo_o\Desktop\Github Practicas\Users\actions-runner'
[2026-10-08 18:13:47Z INFO HostContext] Well known directory 'Externals': 'C:\Users\neo_o\Desktop\Github Practicas\Users\actions-runner\externals'
[2026-10-08 18:13:47Z INFO ProcessInvokerWrapper] Starting process:
[2026-10-08 18:13:47Z INFO ProcessInvokerWrapper]   File name: 'C:\Users\neo_o\Desktop\Github Practicas\Users\actions-runner\externals\node24\bin\node.exe'
[2026-10-08 18:13:47Z INFO ProcessInvokerWrapper]   Arguments: '"C:\Users\neo_o\Desktop\Github Practicas\Users\actions-runner\_work\_actions\actions\checkout\v4\dist/index.js"'
[2026-10-08 18:13:47Z INFO ProcessInvokerWrapper]   Working directory: 'C:\Users\neo_o\Desktop\Github Practicas\Users\actions-runner\_work\Colaborative\Colaborative'
[2026-10-08 18:13:47Z INFO ProcessInvokerWrapper]   Require exit code zero: 'False'
[2026-10-08 18:13:47Z INFO ProcessInvokerWrapper]   Encoding web name: utf-8 ; code page: '65001'
[2026-10-08 18:13:47Z INFO ProcessInvokerWrapper]   Force kill process on cancellation: 'False'
[2026-10-08 18:13:47Z INFO ProcessInvokerWrapper]   Redirected STDIN: 'False'
[2026-10-08 18:13:47Z INFO ProcessInvokerWrapper]   Persist current code page: 'True'
[2026-10-08 18:13:47Z INFO ProcessInvokerWrapper]   Keep redirected STDIN open: 'False'
[2026-10-08 18:13:47Z INFO ProcessInvokerWrapper]   High priority process: 'False'
[2026-10-08 18:13:47Z INFO ProcessInvokerWrapper] Process started with process id 14768, waiting for process exit.
[2026-10-08 18:13:47Z INFO JobServerQueue] Try to append 1 batches web console lines for record '2bbf88d8-d3c9-48f1-95cf-776c319d33d7', success rate: 1/1.
[2026-10-08 18:13:47Z INFO JobServerQueue] Try to append 1 batches web console lines for record 'befe7635-885e-4368-949e-468b85f74d44', success rate: 1/1.
[2026-10-08 18:13:47Z INFO JobServerQueue] Got a step log file to send to results service.
[2026-10-08 18:13:47Z INFO JobServerQueue] Starting upload of step log file to results service ResultsLog, C:\Users\neo_o\Desktop\Github Practicas\Users\actions-runner\_diag\blocks\0d689209-2db1-8cc6-83cb-b18a6c157829_2bbf88d8-d3c9-48f1-95cf-776c319d33d7.1
[2026-10-08 18:13:47Z INFO JobServerQueue] Try to upload 1 log files or attachments, success rate: 1/1.
[2026-10-08 18:13:47Z INFO JobServerQueue] Try to append 1 batches web console lines for record 'befe7635-885e-4368-949e-468b85f74d44', success rate: 1/1.
[2026-10-08 18:13:47Z INFO JobServerQueue] Try to append 1 batches web console lines for record 'befe7635-885e-4368-949e-468b85f74d44', success rate: 1/1.
[2026-10-08 18:13:48Z INFO JobServerQueue] Tried to upload 1 file(s) to results, success rate: 1/1.
[2026-10-08 18:13:57Z INFO HostContext] Well known directory 'Bin': 'C:\Users\neo_o\Desktop\Github Practicas\Users\actions-runner\bin'
[2026-10-08 18:13:57Z INFO HostContext] Well known directory 'Root': 'C:\Users\neo_o\Desktop\Github Practicas\Users\actions-runner'
[2026-10-08 18:13:57Z INFO HostContext] Well known directory 'Work': 'C:\Users\neo_o\Desktop\Github Practicas\Users\actions-runner\_work'
[2026-10-08 18:14:07Z INFO HostContext] Well known directory 'Bin': 'C:\Users\neo_o\Desktop\Github Practicas\Users\actions-runner\bin'
[2026-10-08 18:14:07Z INFO HostContext] Well known directory 'Root': 'C:\Users\neo_o\Desktop\Github Practicas\Users\actions-runner'
[2026-10-08 18:14:07Z INFO HostContext] Well known directory 'Work': 'C:\Users\neo_o\Desktop\Github Practicas\Users\actions-runner\_work'
[2026-10-08 18:14:11Z INFO JobServerQueue] Try to append 1 batches web console lines for record 'befe7635-885e-4368-949e-468b85f74d44', success rate: 1/1.
[2026-10-08 18:14:11Z INFO JobServerQueue] Try to append 1 batches web console lines for record 'befe7635-885e-4368-949e-468b85f74d44', success rate: 1/1.
[2026-10-08 18:14:17Z INFO HostContext] Well known directory 'Bin': 'C:\Users\neo_o\Desktop\Github Practicas\Users\actions-runner\bin'
[2026-10-08 18:14:17Z INFO HostContext] Well known directory 'Root': 'C:\Users\neo_o\Desktop\Github Practicas\Users\actions-runner'
[2026-10-08 18:14:17Z INFO HostContext] Well known directory 'Work': 'C:\Users\neo_o\Desktop\Github Practicas\Users\actions-runner\_work'
[2026-10-08 18:14:18Z INFO JobServerQueue] Try to append 1 batches web console lines for record 'befe7635-885e-4368-949e-468b85f74d44', success rate: 1/1.
[2026-10-08 18:14:19Z INFO ProcessInvokerWrapper] STDOUT/STDERR stream read finished.
[2026-10-08 18:14:19Z INFO ProcessInvokerWrapper] STDOUT/STDERR stream read finished.
[2026-10-08 18:14:19Z INFO ProcessInvokerWrapper] Finished process 14768 with exit code 0, and elapsed time 00:00:31.9131139.
[2026-10-08 18:14:19Z INFO CreateStepSummaryCommand] Step Summary file (C:\Users\neo_o\Desktop\Github Practicas\Users\actions-runner\_work\_temp\_runner_file_commands\step_summary_91bea405-cb96-4ef1-967d-70bffb8faf06) is empty; skipping attachment upload
[2026-10-08 18:14:19Z INFO CreateArtifactsFileCommand] Processing $GITHUB_ARTIFACTS file 'C:\Users\neo_o\Desktop\Github Practicas\Users\actions-runner\_work\_temp\_runner_file_commands\artifacts_91bea405-cb96-4ef1-967d-70bffb8faf06'
[2026-10-08 18:14:19Z INFO CreateArtifactsFileCommand] $GITHUB_ARTIFACTS file is empty; nothing to process.
[2026-10-08 18:14:19Z INFO StepsRunner] Step result: 
[2026-10-08 18:14:19Z INFO ExecutionContext] Publish step telemetry for current step {
  "action": "actions/checkout",
  "ref": "v4",
  "type": "node24",
  "stage": "Main",
  "stepId": "befe7635-885e-4368-949e-468b85f74d44",
  "stepContextName": "__actions_checkout",
  "hasPreStep": false,
  "hasPostStep": true,
  "result": "succeeded",
  "errorMessages": [],
  "executionTimeInSeconds": 32,
  "startTime": "2026-10-08T18:13:47.0224238Z",
  "finishTime": "2026-10-08T18:14:19.0155378Z"
}.
[2026-10-08 18:14:19Z INFO StepsRunner] No need for updating job result with current step result 'Succeeded'.
[2026-10-08 18:14:19Z INFO StepsRunner] Current state: job state = ''
[2026-10-08 18:14:19Z INFO StepsRunner] Processing step: DisplayName='Validar entorno de producción'
[2026-10-08 18:14:19Z INFO StepsRunner] Evaluating: success()
[2026-10-08 18:14:19Z INFO StepsRunner] Result: true
[2026-10-08 18:14:19Z INFO StepsRunner] Starting the step.
[2026-10-08 18:14:19Z INFO HostContext] Well known directory 'Bin': 'C:\Users\neo_o\Desktop\Github Practicas\Users\actions-runner\bin'
[2026-10-08 18:14:19Z INFO HostContext] Well known directory 'Root': 'C:\Users\neo_o\Desktop\Github Practicas\Users\actions-runner'
[2026-10-08 18:14:19Z INFO HostContext] Well known directory 'Work': 'C:\Users\neo_o\Desktop\Github Practicas\Users\actions-runner\_work'
[2026-10-08 18:14:19Z INFO StepsRunner] Which2: 'chcp'
[2026-10-08 18:14:19Z INFO StepsRunner] Location: 'C:\Windows\System32\chcp.COM'
[2026-10-08 18:14:19Z INFO ProcessInvokerWrapper] Starting process:
[2026-10-08 18:14:19Z INFO ProcessInvokerWrapper]   File name: 'C:\Windows\System32\chcp.COM'
[2026-10-08 18:14:19Z INFO ProcessInvokerWrapper]   Arguments: '65001'
[2026-10-08 18:14:19Z INFO ProcessInvokerWrapper]   Working directory: 'C:\Users\neo_o\Desktop\Github Practicas\Users\actions-runner\_work'
[2026-10-08 18:14:19Z INFO ProcessInvokerWrapper]   Require exit code zero: 'False'
[2026-10-08 18:14:19Z INFO ProcessInvokerWrapper]   Encoding web name:  ; code page: ''
[2026-10-08 18:14:19Z INFO ProcessInvokerWrapper]   Force kill process on cancellation: 'False'
[2026-10-08 18:14:19Z INFO ProcessInvokerWrapper]   Redirected STDIN: 'False'
[2026-10-08 18:14:19Z INFO ProcessInvokerWrapper]   Persist current code page: 'True'
[2026-10-08 18:14:19Z INFO ProcessInvokerWrapper]   Keep redirected STDIN open: 'False'
[2026-10-08 18:14:19Z INFO ProcessInvokerWrapper]   High priority process: 'False'
[2026-10-08 18:14:19Z INFO ProcessInvokerWrapper] Process started with process id 23604, waiting for process exit.
[2026-10-08 18:14:19Z INFO ProcessInvokerWrapper] STDOUT/STDERR stream read finished.
[2026-10-08 18:14:19Z INFO ProcessInvokerWrapper] STDOUT/STDERR stream read finished.
[2026-10-08 18:14:19Z INFO ProcessInvokerWrapper] Finished process 23604 with exit code 0, and elapsed time 00:00:00.0073288.
[2026-10-08 18:14:19Z INFO StepsRunner] Successfully returned to code page 65001 (UTF8)
[2026-10-08 18:14:19Z INFO HostContext] Well known directory 'Bin': 'C:\Users\neo_o\Desktop\Github Practicas\Users\actions-runner\bin'
[2026-10-08 18:14:19Z INFO HostContext] Well known directory 'Root': 'C:\Users\neo_o\Desktop\Github Practicas\Users\actions-runner'
[2026-10-08 18:14:19Z INFO HostContext] Well known directory 'Work': 'C:\Users\neo_o\Desktop\Github Practicas\Users\actions-runner\_work'
[2026-10-08 18:14:19Z INFO HostContext] Well known directory 'Temp': 'C:\Users\neo_o\Desktop\Github Practicas\Users\actions-runner\_work\_temp'
[2026-10-08 18:14:19Z INFO ExecutionContext] Write event payload to C:\Users\neo_o\Desktop\Github Practicas\Users\actions-runner\_work\_temp\_github_workflow\event.json
[2026-10-08 18:14:19Z INFO HostContext] Well known directory 'Bin': 'C:\Users\neo_o\Desktop\Github Practicas\Users\actions-runner\bin'
[2026-10-08 18:14:19Z INFO HostContext] Well known directory 'Root': 'C:\Users\neo_o\Desktop\Github Practicas\Users\actions-runner'
[2026-10-08 18:14:19Z INFO HostContext] Well known directory 'Work': 'C:\Users\neo_o\Desktop\Github Practicas\Users\actions-runner\_work'
[2026-10-08 18:14:19Z INFO HostContext] Well known directory 'Temp': 'C:\Users\neo_o\Desktop\Github Practicas\Users\actions-runner\_work\_temp'
[2026-10-08 18:14:19Z INFO ExtensionManager] Getting extensions for interface: 'GitHub.Runner.Worker.IFileCommandExtension'
[2026-10-08 18:14:19Z INFO ArtifactsListFileCommand] Wrote $GITHUB_ARTIFACTS_LIST with 0 subject(s) to 'C:\Users\neo_o\Desktop\Github Practicas\Users\actions-runner\_work\_temp\_runner_file_commands\artifacts_list_be2e9c9a-0b1e-4b77-b5f6-c820cceab9af'
[2026-10-08 18:14:19Z INFO ExtensionManager] Getting extensions for interface: 'GitHub.Runner.Worker.IActionCommandExtension'
[2026-10-08 18:14:19Z INFO ActionCommandManager] Register action command extension for command internal-set-repo-path
[2026-10-08 18:14:19Z INFO ActionCommandManager] Register action command extension for command set-env
[2026-10-08 18:14:19Z INFO ActionCommandManager] Register action command extension for command set-output
[2026-10-08 18:14:19Z INFO ActionCommandManager] Register action command extension for command save-state
[2026-10-08 18:14:19Z INFO ActionCommandManager] Register action command extension for command add-path
[2026-10-08 18:14:19Z INFO ActionCommandManager] Register action command extension for command add-mask
[2026-10-08 18:14:19Z INFO ActionCommandManager] Register action command extension for command add-matcher
[2026-10-08 18:14:19Z INFO ActionCommandManager] Register action command extension for command remove-matcher
[2026-10-08 18:14:19Z INFO ActionCommandManager] Register action command extension for command warning
[2026-10-08 18:14:19Z INFO ActionCommandManager] Register action command extension for command error
[2026-10-08 18:14:19Z INFO ActionCommandManager] Register action command extension for command notice
[2026-10-08 18:14:19Z INFO ActionCommandManager] Register action command extension for command debug
[2026-10-08 18:14:19Z INFO ActionCommandManager] Register action command extension for command group
[2026-10-08 18:14:19Z INFO ActionCommandManager] Register action command extension for command endgroup
[2026-10-08 18:14:19Z INFO ActionCommandManager] Register action command extension for command echo
[2026-10-08 18:14:19Z INFO ScriptHandler] Which2: 'powershell'
[2026-10-08 18:14:19Z INFO ScriptHandler] Location: 'C:\Windows\System32\WindowsPowerShell\v1.0\powershell.EXE'
[2026-10-08 18:14:19Z INFO HostContext] Well known directory 'Bin': 'C:\Users\neo_o\Desktop\Github Practicas\Users\actions-runner\bin'
[2026-10-08 18:14:19Z INFO HostContext] Well known directory 'Root': 'C:\Users\neo_o\Desktop\Github Practicas\Users\actions-runner'
[2026-10-08 18:14:19Z INFO HostContext] Well known directory 'Work': 'C:\Users\neo_o\Desktop\Github Practicas\Users\actions-runner\_work'
[2026-10-08 18:14:19Z INFO HostContext] Well known directory 'Temp': 'C:\Users\neo_o\Desktop\Github Practicas\Users\actions-runner\_work\_temp'
[2026-10-08 18:14:19Z INFO ScriptHandler] Which2: 'powershell'
[2026-10-08 18:14:19Z INFO ScriptHandler] Location: 'C:\Windows\System32\WindowsPowerShell\v1.0\powershell.EXE'
[2026-10-08 18:14:19Z INFO ProcessInvokerWrapper] Starting process:
[2026-10-08 18:14:19Z INFO ProcessInvokerWrapper]   File name: 'C:\Windows\System32\WindowsPowerShell\v1.0\powershell.EXE'
[2026-10-08 18:14:19Z INFO ProcessInvokerWrapper]   Arguments: '-command ". 'C:\Users\neo_o\Desktop\Github Practicas\Users\actions-runner\_work\_temp\6f5af481-814c-4c13-8cd1-05c2a205d304.ps1'"'
[2026-10-08 18:14:19Z INFO ProcessInvokerWrapper]   Working directory: 'C:\Users\neo_o\Desktop\Github Practicas\Users\actions-runner\_work\Colaborative\Colaborative'
[2026-10-08 18:14:19Z INFO ProcessInvokerWrapper]   Require exit code zero: 'False'
[2026-10-08 18:14:19Z INFO ProcessInvokerWrapper]   Encoding web name:  ; code page: ''
[2026-10-08 18:14:19Z INFO ProcessInvokerWrapper]   Force kill process on cancellation: 'False'
[2026-10-08 18:14:19Z INFO ProcessInvokerWrapper]   Redirected STDIN: 'False'
[2026-10-08 18:14:19Z INFO ProcessInvokerWrapper]   Persist current code page: 'True'
[2026-10-08 18:14:19Z INFO ProcessInvokerWrapper]   Keep redirected STDIN open: 'False'
[2026-10-08 18:14:19Z INFO ProcessInvokerWrapper]   High priority process: 'False'
[2026-10-08 18:14:19Z INFO JobServerQueue] Try to append 1 batches web console lines for record 'd1135902-79c0-4cca-ab38-41aca2d60b1c', success rate: 1/1.
[2026-10-08 18:14:19Z INFO ProcessInvokerWrapper] Process started with process id 22780, waiting for process exit.
[2026-10-08 18:14:19Z INFO ProcessInvokerWrapper] STDOUT/STDERR stream read finished.
[2026-10-08 18:14:19Z INFO ProcessInvokerWrapper] STDOUT/STDERR stream read finished.
[2026-10-08 18:14:19Z INFO ProcessInvokerWrapper] Finished process 22780 with exit code 0, and elapsed time 00:00:00.2239548.
[2026-10-08 18:14:19Z INFO CreateStepSummaryCommand] Step Summary file (C:\Users\neo_o\Desktop\Github Practicas\Users\actions-runner\_work\_temp\_runner_file_commands\step_summary_be2e9c9a-0b1e-4b77-b5f6-c820cceab9af) is empty; skipping attachment upload
[2026-10-08 18:14:19Z INFO CreateArtifactsFileCommand] Processing $GITHUB_ARTIFACTS file 'C:\Users\neo_o\Desktop\Github Practicas\Users\actions-runner\_work\_temp\_runner_file_commands\artifacts_be2e9c9a-0b1e-4b77-b5f6-c820cceab9af'
[2026-10-08 18:14:19Z INFO CreateArtifactsFileCommand] $GITHUB_ARTIFACTS file is empty; nothing to process.
[2026-10-08 18:14:19Z INFO StepsRunner] Step result: 
[2026-10-08 18:14:19Z INFO ExecutionContext] Publish step telemetry for current step {
  "action": "powershell",
  "type": "run",
  "stage": "Main",
  "stepId": "d1135902-79c0-4cca-ab38-41aca2d60b1c",
  "stepContextName": "__run",
  "result": "succeeded",
  "errorMessages": [],
  "executionTimeInSeconds": 1,
  "startTime": "2026-10-08T18:14:19.0166718Z",
  "finishTime": "2026-10-08T18:14:19.2667729Z"
}.
[2026-10-08 18:14:19Z INFO StepsRunner] No need for updating job result with current step result 'Succeeded'.
[2026-10-08 18:14:19Z INFO StepsRunner] Current state: job state = ''
[2026-10-08 18:14:19Z INFO StepsRunner] Processing step: DisplayName='Post Run actions/checkout@v4'
[2026-10-08 18:14:19Z INFO StepsRunner] Evaluating: always()
[2026-10-08 18:14:19Z INFO StepsRunner] Result: true
[2026-10-08 18:14:19Z INFO StepsRunner] Starting the step.
[2026-10-08 18:14:19Z INFO HostContext] Well known directory 'Bin': 'C:\Users\neo_o\Desktop\Github Practicas\Users\actions-runner\bin'
[2026-10-08 18:14:19Z INFO HostContext] Well known directory 'Root': 'C:\Users\neo_o\Desktop\Github Practicas\Users\actions-runner'
[2026-10-08 18:14:19Z INFO HostContext] Well known directory 'Work': 'C:\Users\neo_o\Desktop\Github Practicas\Users\actions-runner\_work'
[2026-10-08 18:14:19Z INFO StepsRunner] Which2: 'chcp'
[2026-10-08 18:14:19Z INFO StepsRunner] Location: 'C:\Windows\System32\chcp.COM'
[2026-10-08 18:14:19Z INFO ProcessInvokerWrapper] Starting process:
[2026-10-08 18:14:19Z INFO ProcessInvokerWrapper]   File name: 'C:\Windows\System32\chcp.COM'
[2026-10-08 18:14:19Z INFO ProcessInvokerWrapper]   Arguments: '65001'
[2026-10-08 18:14:19Z INFO ProcessInvokerWrapper]   Working directory: 'C:\Users\neo_o\Desktop\Github Practicas\Users\actions-runner\_work'
[2026-10-08 18:14:19Z INFO ProcessInvokerWrapper]   Require exit code zero: 'False'
[2026-10-08 18:14:19Z INFO ProcessInvokerWrapper]   Encoding web name:  ; code page: ''
[2026-10-08 18:14:19Z INFO ProcessInvokerWrapper]   Force kill process on cancellation: 'False'
[2026-10-08 18:14:19Z INFO ProcessInvokerWrapper]   Redirected STDIN: 'False'
[2026-10-08 18:14:19Z INFO ProcessInvokerWrapper]   Persist current code page: 'True'
[2026-10-08 18:14:19Z INFO ProcessInvokerWrapper]   Keep redirected STDIN open: 'False'
[2026-10-08 18:14:19Z INFO ProcessInvokerWrapper]   High priority process: 'False'
[2026-10-08 18:14:19Z INFO ProcessInvokerWrapper] Process started with process id 10484, waiting for process exit.
[2026-10-08 18:14:19Z INFO ProcessInvokerWrapper] STDOUT/STDERR stream read finished.
[2026-10-08 18:14:19Z INFO ProcessInvokerWrapper] STDOUT/STDERR stream read finished.
[2026-10-08 18:14:19Z INFO ProcessInvokerWrapper] Finished process 10484 with exit code 0, and elapsed time 00:00:00.0059989.
[2026-10-08 18:14:19Z INFO StepsRunner] Successfully returned to code page 65001 (UTF8)
[2026-10-08 18:14:19Z INFO HostContext] Well known directory 'Bin': 'C:\Users\neo_o\Desktop\Github Practicas\Users\actions-runner\bin'
[2026-10-08 18:14:19Z INFO HostContext] Well known directory 'Root': 'C:\Users\neo_o\Desktop\Github Practicas\Users\actions-runner'
[2026-10-08 18:14:19Z INFO HostContext] Well known directory 'Work': 'C:\Users\neo_o\Desktop\Github Practicas\Users\actions-runner\_work'
[2026-10-08 18:14:19Z INFO HostContext] Well known directory 'Actions': 'C:\Users\neo_o\Desktop\Github Practicas\Users\actions-runner\_work\_actions'
[2026-10-08 18:14:19Z INFO ActionManager] Load action that reference repository from 'C:\Users\neo_o\Desktop\Github Practicas\Users\actions-runner\_work\_actions\actions\checkout\v4'
[2026-10-08 18:14:19Z INFO HostContext] Well known directory 'Bin': 'C:\Users\neo_o\Desktop\Github Practicas\Users\actions-runner\bin'
[2026-10-08 18:14:19Z INFO HostContext] Well known directory 'Root': 'C:\Users\neo_o\Desktop\Github Practicas\Users\actions-runner'
[2026-10-08 18:14:19Z INFO HostContext] Well known directory 'Work': 'C:\Users\neo_o\Desktop\Github Practicas\Users\actions-runner\_work'
[2026-10-08 18:14:19Z INFO HostContext] Well known directory 'Actions': 'C:\Users\neo_o\Desktop\Github Practicas\Users\actions-runner\_work\_actions'
[2026-10-08 18:14:19Z INFO ActionManifestManagerLegacy] Loaded action.yml file: {
  "name": "Checkout",
  "description": "Checkout a Git repository at a particular version",
  "inputs": {
    "type": 2,
    "map": [
      {
        "key": {
          "type": 0,
          "file": 2,
          "line": 4,
          "col": 3,
          "lit": "repository"
        },
        "value": {
          "type": 3,
          "file": 2,
          "line": 6,
          "col": 14,
          "expr": "github.repository"
        }
      },
      {
        "key": {
          "type": 0,
          "file": 2,
          "line": 7,
          "col": 3,
          "lit": "ref"
        },
        "value": ""
      },
      {
        "key": {
          "type": 0,
          "file": 2,
          "line": 12,
          "col": 3,
          "lit": "token"
        },
        "value": {
          "type": 3,
          "file": 2,
          "line": 24,
          "col": 14,
          "expr": "github.token"
        }
      },
      {
        "key": {
          "type": 0,
          "file": 2,
          "line": 25,
          "col": 3,
          "lit": "ssh-key"
        },
        "value": ""
      },
      {
        "key": {
          "type": 0,
          "file": 2,
          "line": 37,
          "col": 3,
          "lit": "ssh-known-hosts"
        },
        "value": ""
      },
      {
        "key": {
          "type": 0,
          "file": 2,
          "line": 42,
          "col": 3,
          "lit": "ssh-strict"
        },
        "value": {
          "type": 0,
          "file": 2,
          "line": 47,
          "col": 14,
          "lit": "true"
        }
      },
      {
        "key": {
          "type": 0,
          "file": 2,
          "line": 48,
          "col": 3,
          "lit": "ssh-user"
        },
        "value": {
          "type": 0,
          "file": 2,
          "line": 51,
          "col": 14,
          "lit": "git"
        }
      },
      {
        "key": {
          "type": 0,
          "file": 2,
          "line": 52,
          "col": 3,
          "lit": "persist-credentials"
        },
        "value": {
          "type": 0,
          "file": 2,
          "line": 54,
          "col": 14,
          "lit": "true"
        }
      },
      {
        "key": {
          "type": 0,
          "file": 2,
          "line": 55,
          "col": 3,
          "lit": "path"
        },
        "value": ""
      },
      {
        "key": {
          "type": 0,
          "file": 2,
          "line": 57,
          "col": 3,
          "lit": "clean"
        },
        "value": {
          "type": 0,
          "file": 2,
          "line": 59,
          "col": 14,
          "lit": "true"
        }
      },
      {
        "key": {
          "type": 0,
          "file": 2,
          "line": 60,
          "col": 3,
          "lit": "filter"
        },
        "value": {
          "type": 0,
          "file": 2,
          "line": 64,
          "col": 14,
          "lit": ""
        }
      },
      {
        "key": {
          "type": 0,
          "file": 2,
          "line": 65,
          "col": 3,
          "lit": "sparse-checkout"
        },
        "value": {
          "type": 0,
          "file": 2,
          "line": 69,
          "col": 14,
          "lit": ""
        }
      },
      {
        "key": {
          "type": 0,
          "file": 2,
          "line": 70,
          "col": 3,
          "lit": "sparse-checkout-cone-mode"
        },
        "value": {
          "type": 0,
          "file": 2,
          "line": 73,
          "col": 14,
          "lit": "true"
        }
      },
      {
        "key": {
          "type": 0,
          "file": 2,
          "line": 74,
          "col": 3,
          "lit": "fetch-depth"
        },
        "value": {
          "type": 0,
          "file": 2,
          "line": 76,
          "col": 14,
          "lit": "1"
        }
      },
      {
        "key": {
          "type": 0,
          "file": 2,
          "line": 77,
          "col": 3,
          "lit": "fetch-tags"
        },
        "value": {
          "type": 0,
          "file": 2,
          "line": 79,
          "col": 14,
          "lit": "false"
        }
      },
      {
        "key": {
          "type": 0,
          "file": 2,
          "line": 80,
          "col": 3,
          "lit": "show-progress"
        },
        "value": {
          "type": 0,
          "file": 2,
          "line": 82,
          "col": 14,
          "lit": "true"
        }
      },
      {
        "key": {
          "type": 0,
          "file": 2,
          "line": 83,
          "col": 3,
          "lit": "lfs"
        },
        "value": {
          "type": 0,
          "file": 2,
          "line": 85,
          "col": 14,
          "lit": "false"
        }
      },
      {
        "key": {
          "type": 0,
          "file": 2,
          "line": 86,
          "col": 3,
          "lit": "submodules"
        },
        "value": {
          "type": 0,
          "file": 2,
          "line": 94,
          "col": 14,
          "lit": "false"
        }
      },
      {
        "key": {
          "type": 0,
          "file": 2,
          "line": 95,
          "col": 3,
          "lit": "set-safe-directory"
        },
        "value": {
          "type": 0,
          "file": 2,
          "line": 97,
          "col": 14,
          "lit": "true"
        }
      },
      {
        "key": {
          "type": 0,
          "file": 2,
          "line": 98,
          "col": 3,
          "lit": "github-server-url"
        },
        "value": ""
      },
      {
        "key": {
          "type": 0,
          "file": 2,
          "line": 101,
          "col": 3,
          "lit": "allow-unsafe-pr-checkout"
        },
        "value": {
          "type": 0,
          "file": 2,
          "line": 109,
          "col": 14,
          "lit": "false"
        }
      }
    ]
  },
  "execution": {
    "executionType": "nodeJS",
    "hasPre": false,
    "hasPost": true,
    "script": "dist/index.js",
    "pre": null,
    "post": "dist/index.js",
    "nodeVersion": "node20",
    "cleanupCondition": "always()",
    "initCondition": "always()"
  },
  "deprecated": null
}
[2026-10-08 18:14:19Z INFO ActionManager] Action pre node.js file: N/A.
[2026-10-08 18:14:19Z INFO ActionManager] Action node.js file: dist/index.js.
[2026-10-08 18:14:19Z INFO ActionManager] Action post node.js file: dist/index.js.
[2026-10-08 18:14:19Z INFO HostContext] Well known directory 'Bin': 'C:\Users\neo_o\Desktop\Github Practicas\Users\actions-runner\bin'
[2026-10-08 18:14:19Z INFO HostContext] Well known directory 'Root': 'C:\Users\neo_o\Desktop\Github Practicas\Users\actions-runner'
[2026-10-08 18:14:19Z INFO HostContext] Well known directory 'Work': 'C:\Users\neo_o\Desktop\Github Practicas\Users\actions-runner\_work'
[2026-10-08 18:14:19Z INFO HostContext] Well known directory 'Temp': 'C:\Users\neo_o\Desktop\Github Practicas\Users\actions-runner\_work\_temp'
[2026-10-08 18:14:19Z INFO ExecutionContext] Write event payload to C:\Users\neo_o\Desktop\Github Practicas\Users\actions-runner\_work\_temp\_github_workflow\event.json
[2026-10-08 18:14:19Z INFO HostContext] Well known directory 'Bin': 'C:\Users\neo_o\Desktop\Github Practicas\Users\actions-runner\bin'
[2026-10-08 18:14:19Z INFO HostContext] Well known directory 'Root': 'C:\Users\neo_o\Desktop\Github Practicas\Users\actions-runner'
[2026-10-08 18:14:19Z INFO HostContext] Well known directory 'Work': 'C:\Users\neo_o\Desktop\Github Practicas\Users\actions-runner\_work'
[2026-10-08 18:14:19Z INFO HostContext] Well known directory 'Temp': 'C:\Users\neo_o\Desktop\Github Practicas\Users\actions-runner\_work\_temp'
[2026-10-08 18:14:19Z INFO ExtensionManager] Getting extensions for interface: 'GitHub.Runner.Worker.IFileCommandExtension'
[2026-10-08 18:14:19Z INFO ArtifactsListFileCommand] Wrote $GITHUB_ARTIFACTS_LIST with 0 subject(s) to 'C:\Users\neo_o\Desktop\Github Practicas\Users\actions-runner\_work\_temp\_runner_file_commands\artifacts_list_c585044b-cf2b-4bc4-9d65-b93c7ab149ad'
[2026-10-08 18:14:19Z INFO ActionManifestManagerLegacy] Input 'repository': default value evaluate result: {
  "type": 0,
  "file": 2,
  "line": 6,
  "col": 14,
  "lit": "Alejfk/Colaborative"
}
[2026-10-08 18:14:19Z INFO ActionManifestManagerLegacy] Input 'ref': default value evaluate result: ""
[2026-10-08 18:14:19Z INFO ActionManifestManagerLegacy] Input 'token': default value evaluate result: {
  "type": 0,
  "file": 2,
  "line": 24,
  "col": 14,
  "lit": "***"
}
[2026-10-08 18:14:19Z INFO ActionManifestManagerLegacy] Input 'ssh-key': default value evaluate result: ""
[2026-10-08 18:14:19Z INFO ActionManifestManagerLegacy] Input 'ssh-known-hosts': default value evaluate result: ""
[2026-10-08 18:14:19Z INFO ActionManifestManagerLegacy] Input 'ssh-strict': default value evaluate result: {
  "type": 0,
  "file": 2,
  "line": 47,
  "col": 14,
  "lit": "true"
}
[2026-10-08 18:14:19Z INFO ActionManifestManagerLegacy] Input 'ssh-user': default value evaluate result: {
  "type": 0,
  "file": 2,
  "line": 51,
  "col": 14,
  "lit": "git"
}
[2026-10-08 18:14:19Z INFO ActionManifestManagerLegacy] Input 'persist-credentials': default value evaluate result: {
  "type": 0,
  "file": 2,
  "line": 54,
  "col": 14,
  "lit": "true"
}
[2026-10-08 18:14:19Z INFO ActionManifestManagerLegacy] Input 'path': default value evaluate result: ""
[2026-10-08 18:14:19Z INFO ActionManifestManagerLegacy] Input 'clean': default value evaluate result: {
  "type": 0,
  "file": 2,
  "line": 59,
  "col": 14,
  "lit": "true"
}
[2026-10-08 18:14:19Z INFO ActionManifestManagerLegacy] Input 'filter': default value evaluate result: {
  "type": 0,
  "file": 2,
  "line": 64,
  "col": 14,
  "lit": ""
}
[2026-10-08 18:14:19Z INFO ActionManifestManagerLegacy] Input 'sparse-checkout': default value evaluate result: {
  "type": 0,
  "file": 2,
  "line": 69,
  "col": 14,
  "lit": ""
}
[2026-10-08 18:14:19Z INFO ActionManifestManagerLegacy] Input 'sparse-checkout-cone-mode': default value evaluate result: {
  "type": 0,
  "file": 2,
  "line": 73,
  "col": 14,
  "lit": "true"
}
[2026-10-08 18:14:19Z INFO ActionManifestManagerLegacy] Input 'fetch-depth': default value evaluate result: {
  "type": 0,
  "file": 2,
  "line": 76,
  "col": 14,
  "lit": "1"
}
[2026-10-08 18:14:19Z INFO ActionManifestManagerLegacy] Input 'fetch-tags': default value evaluate result: {
  "type": 0,
  "file": 2,
  "line": 79,
  "col": 14,
  "lit": "false"
}
[2026-10-08 18:14:19Z INFO ActionManifestManagerLegacy] Input 'show-progress': default value evaluate result: {
  "type": 0,
  "file": 2,
  "line": 82,
  "col": 14,
  "lit": "true"
}
[2026-10-08 18:14:19Z INFO ActionManifestManagerLegacy] Input 'lfs': default value evaluate result: {
  "type": 0,
  "file": 2,
  "line": 85,
  "col": 14,
  "lit": "false"
}
[2026-10-08 18:14:19Z INFO ActionManifestManagerLegacy] Input 'submodules': default value evaluate result: {
  "type": 0,
  "file": 2,
  "line": 94,
  "col": 14,
  "lit": "false"
}
[2026-10-08 18:14:19Z INFO ActionManifestManagerLegacy] Input 'set-safe-directory': default value evaluate result: {
  "type": 0,
  "file": 2,
  "line": 97,
  "col": 14,
  "lit": "true"
}
[2026-10-08 18:14:19Z INFO ActionManifestManagerLegacy] Input 'github-server-url': default value evaluate result: ""
[2026-10-08 18:14:19Z INFO ActionManifestManagerLegacy] Input 'allow-unsafe-pr-checkout': default value evaluate result: {
  "type": 0,
  "file": 2,
  "line": 109,
  "col": 14,
  "lit": "false"
}
[2026-10-08 18:14:19Z INFO ExtensionManager] Getting extensions for interface: 'GitHub.Runner.Worker.IActionCommandExtension'
[2026-10-08 18:14:19Z INFO ActionCommandManager] Register action command extension for command internal-set-repo-path
[2026-10-08 18:14:19Z INFO ActionCommandManager] Register action command extension for command set-env
[2026-10-08 18:14:19Z INFO ActionCommandManager] Register action command extension for command set-output
[2026-10-08 18:14:19Z INFO ActionCommandManager] Register action command extension for command save-state
[2026-10-08 18:14:19Z INFO ActionCommandManager] Register action command extension for command add-path
[2026-10-08 18:14:19Z INFO ActionCommandManager] Register action command extension for command add-mask
[2026-10-08 18:14:19Z INFO ActionCommandManager] Register action command extension for command add-matcher
[2026-10-08 18:14:19Z INFO ActionCommandManager] Register action command extension for command remove-matcher
[2026-10-08 18:14:19Z INFO ActionCommandManager] Register action command extension for command warning
[2026-10-08 18:14:19Z INFO ActionCommandManager] Register action command extension for command error
[2026-10-08 18:14:19Z INFO ActionCommandManager] Register action command extension for command notice
[2026-10-08 18:14:19Z INFO ActionCommandManager] Register action command extension for command debug
[2026-10-08 18:14:19Z INFO ActionCommandManager] Register action command extension for command group
[2026-10-08 18:14:19Z INFO ActionCommandManager] Register action command extension for command endgroup
[2026-10-08 18:14:19Z INFO ActionCommandManager] Register action command extension for command echo
[2026-10-08 18:14:19Z INFO HostContext] Well known directory 'Bin': 'C:\Users\neo_o\Desktop\Github Practicas\Users\actions-runner\bin'
[2026-10-08 18:14:19Z INFO HostContext] Well known directory 'Root': 'C:\Users\neo_o\Desktop\Github Practicas\Users\actions-runner'
[2026-10-08 18:14:19Z INFO HostContext] Well known directory 'Externals': 'C:\Users\neo_o\Desktop\Github Practicas\Users\actions-runner\externals'
[2026-10-08 18:14:19Z INFO ProcessInvokerWrapper] Starting process:
[2026-10-08 18:14:19Z INFO ProcessInvokerWrapper]   File name: 'C:\Users\neo_o\Desktop\Github Practicas\Users\actions-runner\externals\node24\bin\node.exe'
[2026-10-08 18:14:19Z INFO ProcessInvokerWrapper]   Arguments: '"C:\Users\neo_o\Desktop\Github Practicas\Users\actions-runner\_work\_actions\actions\checkout\v4\dist/index.js"'
[2026-10-08 18:14:19Z INFO ProcessInvokerWrapper]   Working directory: 'C:\Users\neo_o\Desktop\Github Practicas\Users\actions-runner\_work\Colaborative\Colaborative'
[2026-10-08 18:14:19Z INFO ProcessInvokerWrapper]   Require exit code zero: 'False'
[2026-10-08 18:14:19Z INFO ProcessInvokerWrapper]   Encoding web name: utf-8 ; code page: '65001'
[2026-10-08 18:14:19Z INFO ProcessInvokerWrapper]   Force kill process on cancellation: 'False'
[2026-10-08 18:14:19Z INFO ProcessInvokerWrapper]   Redirected STDIN: 'False'
[2026-10-08 18:14:19Z INFO ProcessInvokerWrapper]   Persist current code page: 'True'
[2026-10-08 18:14:19Z INFO ProcessInvokerWrapper]   Keep redirected STDIN open: 'False'
[2026-10-08 18:14:19Z INFO ProcessInvokerWrapper]   High priority process: 'False'
[2026-10-08 18:14:19Z INFO ProcessInvokerWrapper] Process started with process id 9204, waiting for process exit.
[2026-10-08 18:14:19Z INFO JobServerQueue] Try to append 1 batches web console lines for record 'd1135902-79c0-4cca-ab38-41aca2d60b1c', success rate: 1/1.
[2026-10-08 18:14:19Z INFO JobServerQueue] Try to append 1 batches web console lines for record '7818dcb8-5758-4832-a225-48dfff298f85', success rate: 1/1.
[2026-10-08 18:14:19Z INFO JobServerQueue] Got a step log file to send to results service.
[2026-10-08 18:14:19Z INFO JobServerQueue] Starting upload of step log file to results service ResultsLog, C:\Users\neo_o\Desktop\Github Practicas\Users\actions-runner\_diag\blocks\0d689209-2db1-8cc6-83cb-b18a6c157829_befe7635-885e-4368-949e-468b85f74d44.1
[2026-10-08 18:14:19Z INFO ProcessInvokerWrapper] STDOUT/STDERR stream read finished.
[2026-10-08 18:14:19Z INFO ProcessInvokerWrapper] STDOUT/STDERR stream read finished.
[2026-10-08 18:14:19Z INFO ProcessInvokerWrapper] Finished process 9204 with exit code 0, and elapsed time 00:00:00.0937553.
[2026-10-08 18:14:19Z INFO CreateStepSummaryCommand] Step Summary file (C:\Users\neo_o\Desktop\Github Practicas\Users\actions-runner\_work\_temp\_runner_file_commands\step_summary_c585044b-cf2b-4bc4-9d65-b93c7ab149ad) is empty; skipping attachment upload
[2026-10-08 18:14:19Z INFO CreateArtifactsFileCommand] Processing $GITHUB_ARTIFACTS file 'C:\Users\neo_o\Desktop\Github Practicas\Users\actions-runner\_work\_temp\_runner_file_commands\artifacts_c585044b-cf2b-4bc4-9d65-b93c7ab149ad'
[2026-10-08 18:14:19Z INFO CreateArtifactsFileCommand] $GITHUB_ARTIFACTS file is empty; nothing to process.
[2026-10-08 18:14:19Z INFO StepsRunner] Step result: 
[2026-10-08 18:14:19Z INFO ExecutionContext] Publish step telemetry for current step {
  "action": "actions/checkout",
  "ref": "v4",
  "type": "node24",
  "stage": "Post",
  "stepId": "7818dcb8-5758-4832-a225-48dfff298f85",
  "result": "succeeded",
  "errorMessages": [],
  "executionTimeInSeconds": 1,
  "startTime": "2026-10-08T18:14:19.2693Z",
  "finishTime": "2026-10-08T18:14:19.3835132Z"
}.
[2026-10-08 18:14:19Z INFO StepsRunner] No need for updating job result with current step result 'Succeeded'.
[2026-10-08 18:14:19Z INFO StepsRunner] Current state: job state = ''
[2026-10-08 18:14:19Z INFO JobRunner] Finalize job.
[2026-10-08 18:14:19Z INFO HostContext] Well known directory 'Bin': 'C:\Users\neo_o\Desktop\Github Practicas\Users\actions-runner\bin'
[2026-10-08 18:14:19Z INFO HostContext] Well known directory 'Root': 'C:\Users\neo_o\Desktop\Github Practicas\Users\actions-runner'
[2026-10-08 18:14:19Z INFO HostContext] Well known directory 'Diag': 'C:\Users\neo_o\Desktop\Github Practicas\Users\actions-runner\_diag'
[2026-10-08 18:14:19Z INFO HostContext] Well known directory 'Bin': 'C:\Users\neo_o\Desktop\Github Practicas\Users\actions-runner\bin'
[2026-10-08 18:14:19Z INFO HostContext] Well known directory 'Root': 'C:\Users\neo_o\Desktop\Github Practicas\Users\actions-runner'
[2026-10-08 18:14:19Z INFO HostContext] Well known directory 'Diag': 'C:\Users\neo_o\Desktop\Github Practicas\Users\actions-runner\_diag'
[2026-10-08 18:14:19Z INFO JobExtension] Initialize Env context
[2026-10-08 18:14:19Z INFO JobExtension] Initialize steps context
[2026-10-08 18:14:19Z INFO JobExtension] Total accessible running process: 264.
[2026-10-08 18:14:19Z INFO JobExtension] Inspecting process environment variables. PID: 17860 (dllhost)
[2026-10-08 18:14:19Z INFO JobExtension] Wait for all connectivity checks to finish.
[2026-10-08 18:14:19Z INFO JobExtension] Connectivity check result: {
  "endpointUrl": "https://broker.actions.githubusercontent.com/health",
  "endpointIPs": null,
  "startTime": "2026-10-08T18:13:47.0029672Z",
  "statusCode": "http_OK",
  "requestId": "F45A:0282:2BDF51E:2CD8902:6AC7DD56",
  "httpRequestDurationInMs": 343,
  "dnsResolutionDurationInMs": 0,
  "dnsError": null
}
[2026-10-08 18:14:19Z INFO JobExtension] Connectivity check result: {
  "endpointUrl": "https://token.actions.githubusercontent.com/ready",
  "endpointIPs": null,
  "startTime": "2026-10-08T18:13:47.0036675Z",
  "statusCode": "http_NoContent",
  "requestId": "F45C:62102:69F51F:7967F4:6AC7DD56",
  "httpRequestDurationInMs": 388,
  "dnsResolutionDurationInMs": 0,
  "dnsError": null
}
[2026-10-08 18:14:19Z INFO JobExtension] Connectivity check result: {
  "endpointUrl": "https://run.actions.githubusercontent.com/health",
  "endpointIPs": null,
  "startTime": "2026-10-08T18:13:47.0038265Z",
  "statusCode": "http_OK",
  "requestId": "F45B:1B01BD:2F4838F:3042223:6AC7DD56",
  "httpRequestDurationInMs": 325,
  "dnsResolutionDurationInMs": 0,
  "dnsError": null
}
[2026-10-08 18:14:19Z INFO ExecutionContext] Publish step telemetry for current step {
  "action": "complete_job",
  "type": "runner",
  "stage": "Post",
  "stepId": "5891cd7e-9803-4af9-991f-b6ad0e04091c",
  "result": "succeeded",
  "errorMessages": [
    "Node.js 20 is deprecated. The following actions target Node.js 20 but are being forced to run on Node.js 24: actions/checkout@v4. For more information see: https://github.blog/changelog/2025-09-19-deprecation-of-node-20-on-github-actions-runners/"
  ],
  "executionTimeInSeconds": 1,
  "startTime": "2026-10-08T18:14:19.3883471Z",
  "finishTime": "2026-10-08T18:14:19.4128732Z"
}.
[2026-10-08 18:14:19Z INFO JobRunner] Job result after all job steps finish: Succeeded
[2026-10-08 18:14:19Z INFO JobRunner] Completing the job execution context.
[2026-10-08 18:14:19Z INFO JobRunner] Shutting down the job server queue.
[2026-10-08 18:14:19Z INFO JobServerQueue] Fire signal to shutdown all queues.
[2026-10-08 18:14:19Z INFO JobServerQueue] Got a step log file to send to results service.
[2026-10-08 18:14:19Z INFO JobServerQueue] Starting upload of step log file to results service ResultsLog, C:\Users\neo_o\Desktop\Github Practicas\Users\actions-runner\_diag\blocks\0d689209-2db1-8cc6-83cb-b18a6c157829_d1135902-79c0-4cca-ab38-41aca2d60b1c.1
[2026-10-08 18:14:20Z INFO JobServerQueue] Tried to upload 2 file(s) to results, success rate: 2/2.
[2026-10-08 18:14:21Z INFO JobServerQueue] All queue process task stopped.
[2026-10-08 18:14:21Z INFO JobServerQueue] Try to append 1 batches web console lines for record '5891cd7e-9803-4af9-991f-b6ad0e04091c', success rate: 1/1.
[2026-10-08 18:14:21Z INFO JobServerQueue] Web console line queue drained.
[2026-10-08 18:14:21Z INFO JobServerQueue] Uploading 5 files in one shot.
[2026-10-08 18:14:21Z INFO JobServerQueue] Try to upload 5 log files or attachments, success rate: 5/5.
[2026-10-08 18:14:21Z INFO JobServerQueue] File upload queue drained.
[2026-10-08 18:14:21Z INFO JobServerQueue] Starting results-based upload queue...
[2026-10-08 18:14:21Z INFO JobServerQueue] Uploading 3 file(s) in one shot through results service.
[2026-10-08 18:14:21Z INFO JobServerQueue] Got a step log file to send to results service.
[2026-10-08 18:14:21Z INFO JobServerQueue] Starting upload of step log file to results service ResultsLog, C:\Users\neo_o\Desktop\Github Practicas\Users\actions-runner\_diag\blocks\0d689209-2db1-8cc6-83cb-b18a6c157829_7818dcb8-5758-4832-a225-48dfff298f85.1
[2026-10-08 18:14:27Z INFO JobServerQueue] Got a step log file to send to results service.
[2026-10-08 18:14:27Z INFO JobServerQueue] Starting upload of step log file to results service ResultsLog, C:\Users\neo_o\Desktop\Github Practicas\Users\actions-runner\_diag\blocks\0d689209-2db1-8cc6-83cb-b18a6c157829_5891cd7e-9803-4af9-991f-b6ad0e04091c.1
[2026-10-08 18:14:28Z INFO JobServerQueue] Got a job log file to send to results service.
[2026-10-08 18:14:28Z INFO JobServerQueue] Starting upload of job log file to results service ResultsLog, C:\Users\neo_o\Desktop\Github Practicas\Users\actions-runner\_diag\blocks\0d689209-2db1-8cc6-83cb-b18a6c157829_51854e63-4002-54d2-a119-f79eb57b2157.1
[2026-10-08 18:14:28Z INFO JobServerQueue] Tried to upload 3 file(s) to results, success rate: 3/3.
[2026-10-08 18:14:28Z INFO JobServerQueue] Results upload queue drained.
[2026-10-08 18:14:28Z INFO JobServerQueue] Timeline update queue drained.
[2026-10-08 18:14:28Z INFO JobServerQueue] Disposing job server ...
[2026-10-08 18:14:28Z INFO JobServerQueue] Disposing results server ...
[2026-10-08 18:14:28Z INFO JobServerQueue] All queue process tasks have been stopped, and all queues are drained.
[2026-10-08 18:14:28Z INFO TempDirectoryManager] Cleaning runner temp folder: C:\Users\neo_o\Desktop\Github Practicas\Users\actions-runner\_work\_temp
[2026-10-08 18:14:28Z INFO HostContext] Well known directory 'Bin': 'C:\Users\neo_o\Desktop\Github Practicas\Users\actions-runner\bin'
[2026-10-08 18:14:28Z INFO HostContext] Well known directory 'Root': 'C:\Users\neo_o\Desktop\Github Practicas\Users\actions-runner'
[2026-10-08 18:14:28Z INFO HostContext] Well known directory 'Diag': 'C:\Users\neo_o\Desktop\Github Practicas\Users\actions-runner\_diag'
[2026-10-08 18:14:28Z INFO HostContext] Well known config file 'Telemetry': 'C:\Users\neo_o\Desktop\Github Practicas\Users\actions-runner\_diag\.telemetry'
[2026-10-08 18:14:28Z INFO JobRunner] Raising job completed against run service
[2026-10-08 18:14:29Z INFO Worker] Job completed.
