[2026-10-08 17:06:20Z INFO HostContext] No proxy settings were found based on environmental variables (http_proxy/https_proxy/HTTP_PROXY/HTTPS_PROXY)
[2026-10-08 17:06:20Z INFO HostContext] Well known directory 'Bin': 'C:\Users\neo_o\Desktop\Github Practicas\Users\actions-runner\bin'
[2026-10-08 17:06:20Z INFO HostContext] Well known directory 'Root': 'C:\Users\neo_o\Desktop\Github Practicas\Users\actions-runner'
[2026-10-08 17:06:20Z INFO HostContext] Well known config file 'Credentials': 'C:\Users\neo_o\Desktop\Github Practicas\Users\actions-runner\.credentials'
[2026-10-08 17:06:20Z INFO HostContext] Well known directory 'Bin': 'C:\Users\neo_o\Desktop\Github Practicas\Users\actions-runner\bin'
[2026-10-08 17:06:20Z INFO HostContext] Well known directory 'Root': 'C:\Users\neo_o\Desktop\Github Practicas\Users\actions-runner'
[2026-10-08 17:06:20Z INFO HostContext] Well known config file 'Runner': 'C:\Users\neo_o\Desktop\Github Practicas\Users\actions-runner\.runner'
[2026-10-08 17:06:20Z INFO Worker] Version: 2.337.0
[2026-10-08 17:06:20Z INFO Worker] Commit: 397b032cbf865e9c3ddfab89d533ec19325e1273
[2026-10-08 17:06:20Z INFO Worker] Culture: es-ES
[2026-10-08 17:06:20Z INFO Worker] UI Culture: es-ES
[2026-10-08 17:06:20Z INFO Worker] Waiting to receive the job message from the channel.
[2026-10-08 17:06:21Z INFO ProcessChannel] Receiving message of length 23450, with hash '6fc9b62884c909a2fcae27857a91f3733f12ec7f71294973cbfc2e43b22608f8'
[2026-10-08 17:06:21Z INFO Worker] Message received.
[2026-10-08 17:06:21Z INFO Worker] Job message:
 {
  "fileTable": [
    ".github/workflows/CD.yaml"
  ],
  "mask": [
    {
      "type": "regex",
      "value": "***"
    },
    {
      "type": "regex",
      "value": "***"
    },
    {
      "type": "regex",
      "value": "***"
    },
    {
      "type": "regex",
      "value": "***"
    },
    {
      "type": "regex",
      "value": "***"
    },
    {
      "type": "regex",
      "value": "***"
    },
    {
      "type": "regex",
      "value": "***"
    },
    {
      "type": "regex",
      "value": "***"
    },
    {
      "type": "regex",
      "value": "***"
    },
    {
      "type": "regex",
      "value": "***"
    },
    {
      "type": "regex",
      "value": "***"
    },
    {
      "type": "regex",
      "value": "***"
    },
    {
      "type": "regex",
      "value": "***"
    },
    {
      "type": "regex",
      "value": "***"
    },
    {
      "type": "regex",
      "value": "***"
    },
    {
      "type": "regex",
      "value": "***"
    },
    {
      "type": "regex",
      "value": "***"
    },
    {
      "type": "regex",
      "value": "***"
    },
    {
      "type": "regex",
      "value": "***"
    },
    {
      "type": "regex",
      "value": "***"
    },
    {
      "type": "regex",
      "value": "***"
    },
    {
      "type": "regex",
      "value": "***"
    },
    {
      "type": "regex",
      "value": "***"
    },
    {
      "type": "regex",
      "value": "***"
    }
  ],
  "steps": [
    {
      "type": "action",
      "reference": {
        "type": "repository",
        "name": "actions/checkout",
        "ref": "v4",
        "repositoryType": "GitHub"
      },
      "contextName": "__actions_checkout",
      "condition": "success()",
      "id": "a55ea9be-7e6a-48ff-a880-0563163999b3",
      "name": "__actions_checkout"
    },
    {
      "type": "action",
      "reference": {
        "type": "script"
      },
      "displayNameToken": {
        "type": 0,
        "file": 1,
        "line": 45,
        "col": 15,
        "lit": "Validar entorno de producción"
      },
      "contextName": "__run",
      "environment": {
        "type": 2,
        "file": 1,
        "line": 47,
        "col": 11,
        "map": [
          {
            "key": {
              "type": 0,
              "file": 1,
              "line": 47,
              "col": 11,
              "lit": "TOKEN"
            },
            "value": {
              "type": 3,
              "file": 1,
              "line": 47,
              "col": 18,
              "expr": "secrets.PROD_TOKEN"
            }
          }
        ]
      },
      "inputs": {
        "type": 2,
        "map": [
          {
            "key": "script",
            "value": {
              "type": 0,
              "file": 1,
              "line": 48,
              "col": 14,
              "lit": "if ($env:TOKEN -eq $env:LOCAL_PROD_TOKEN) {\n  Write-Host \"CD: validación de producción correcta ✅ — listo para desplegar\"\n} else {\n  Write-Host \"CD: validación fallida ❌\"\n  exit 1\n}"
            }
          }
        ]
      },
      "condition": "success()",
      "id": "0097ef38-04a7-4c5e-a266-6a0252ec5897",
      "name": "__run"
    }
  ],
  "variables": {
    "Actions.EnableHttpRedirects": {
      "value": "true"
    },
    "DistributedTask.AddWarningToNode12Action": {
      "value": "true"
    },
    "DistributedTask.AddWarningToNode16Action": {
      "value": "true"
    },
    "DistributedTask.AllowRunnerContainerHooks": {
      "value": "true"
    },
    "DistributedTask.DeprecateStepOutputCommands": {
      "value": "true"
    },
    "DistributedTask.DetailUntarFailure": {
      "value": "true"
    },
    "DistributedTask.EnableCompositeActions": {
      "value": "true"
    },
    "DistributedTask.EnableJobServerQueueTelemetry": {
      "value": "true"
    },
    "DistributedTask.EnhancedAnnotations": {
      "value": "true"
    },
    "DistributedTask.ForceGithubJavascriptActionsToNode16": {
      "value": "true"
    },
    "DistributedTask.ForceGithubJavascriptActionsToNode20": {
      "value": "true"
    },
    "DistributedTask.LogTemplateErrorsAsDebugMessages": {
      "value": "true"
    },
    "DistributedTask.MarkJobAsFailedOnWorkerCrash": {
      "value": "true"
    },
    "DistributedTask.NewActionMetadata": {
      "value": "true"
    },
    "DistributedTask.UploadStepSummary": {
      "value": "true"
    },
    "DistributedTask.UseActionArchiveCache": {
      "value": "true"
    },
    "DistributedTask.UseWhich2": {
      "value": "true"
    },
    "PROD_TOKEN": {
      "value": "***",
      "isSecret": true
    },
    "RunService.FixEmbeddedIssues": {
      "value": "true"
    },
    "actions.runner.requirenode24": {
      "value": "true"
    },
    "actions.runner.usenode24bydefault": {
      "value": "true"
    },
    "actions.runner.warnonnode20": {
      "value": "true"
    },
    "actions_add_check_run_id_to_job_context": {
      "value": "true"
    },
    "actions_batch_action_resolution": {
      "value": "false"
    },
    "actions_cache_mode": {
      "value": "write"
    },
    "actions_container_action_runner_temp": {
      "value": "true"
    },
    "actions_display_helpful_actions_download_errors": {
      "value": "true"
    },
    "actions_runner_allow_artifacts_file": {
      "value": "true"
    },
    "actions_runner_compare_workflow_parser": {
      "value": "false"
    },
    "actions_runner_deprecate_linux_arm32": {
      "value": "true"
    },
    "actions_runner_emit_composite_markers": {
      "value": "true"
    },
    "actions_runner_kill_linux_arm32": {
      "value": "true"
    },
    "actions_runner_node20_removal_date": {
      "value": "September 23rd, 2026"
    },
    "actions_runner_node24_default_date": {
      "value": "June 16th, 2026"
    },
    "actions_self_repository": {
      "value": "true"
    },
    "actions_service_container_command": {
      "value": "true"
    },
    "actions_set_orchestration_id_env_for_actions": {
      "value": "true"
    },
    "actions_skip_retry_complete_job_upon_known_errors": {
      "value": "true"
    },
    "actions_snapshot_preflight_hosted_runner_check": {
      "value": "false"
    },
    "actions_snapshot_preflight_image_gen_pool_check": {
      "value": "false"
    },
    "actions_use_bearer_token_for_codeload": {
      "value": "false"
    },
    "actions_uses_cache_service_v2": {
      "value": "true"
    },
    "github_token": {
      "value": "***",
      "isSecret": true
    },
    "system.from_run_service": {
      "value": "true"
    },
    "system.github.job": {
      "value": "validate-prod"
    },
    "system.github.launch_endpoint": {
      "value": "https://launch.actions.githubusercontent.com"
    },
    "system.github.results_endpoint": {
      "value": "https://results-receiver.actions.githubusercontent.com/"
    },
    "system.github.results_upload_with_sdk": {
      "value": "true"
    },
    "system.github.token": {
      "value": "***",
      "isSecret": true
    },
    "system.github.token.permissions": {
      "value": "{\"Contents\":\"write\",\"Metadata\":\"read\"}"
    },
    "system.orchestrationId": {
      "value": "6fee89c1-a9a9-86d8-b4c9-c27c25434ddc.validate-prod.__default"
    },
    "system.phaseDisplayName": {
      "value": "validate-prod"
    },
    "system.runner.lowdiskspacethreshold": {
      "value": "100"
    },
    "system.runnerEnvironment": {
      "value": "self-hosted"
    },
    "system.runnerGroupName": {
      "value": "Default"
    }
  },
  "messageType": "RunnerJobRequest",
  "plan": {
    "scopeIdentifier": "00000000-0000-0000-0000-000000000000",
    "planType": "actions",
    "version": 0,
    "planId": "6fee89c1-a9a9-86d8-b4c9-c27c25434ddc",
    "planGroup": null,
    "artifactUri": null,
    "artifactLocation": null,
    "definition": null,
    "owner": null
  },
  "timeline": {
    "id": "6fee89c1-a9a9-86d8-b4c9-c27c25434ddc",
    "changeId": 0,
    "location": null
  },
  "jobId": "dea87777-21a5-58b7-8ded-09e6fefbb4e3",
  "jobDisplayName": "validate-prod",
  "jobName": "__default",
  "requestId": 0,
  "lockedUntil": "0001-01-01T00:00:00",
  "resources": {
    "endpoints": [
      {
        "data": {
          "ServerId": "",
          "ServerName": "",
          "CacheServerUrl": "https://artifactcache.actions.githubusercontent.com/lRIrfmhBQOQOisN18JBIOeSYw7t1EHpkUDnQoMLIBXODqc7uyt/",
          "FeedStreamUrl": "wss://results-receiver.actions.githubusercontent.com/_ws/ingest.sock",
          "ResultsServiceUrl": "https://results-receiver.actions.githubusercontent.com/",
          "PipelinesServiceUrl": "https://pipelinesghubeus3.actions.githubusercontent.com/lRIrfmhBQOQOisN18JBIOeSYw7t1EHpkUDnQoMLIBXODqc7uyt/",
          "GenerateIdTokenUrl": "",
          "ConnectivityChecks": "[\"https://broker.actions.githubusercontent.com/health\",\"https://token.actions.githubusercontent.com/ready\",\"https://run.actions.githubusercontent.com/health\"]",
          "ConnectivityAndDNSChecks": ""
        },
        "name": "SystemVssConnection",
        "url": "https://run-actions-3-azure-eastus.actions.githubusercontent.com/4/",
        "authorization": {
          "parameters": {
            "AccessToken": "***"
          },
          "scheme": "OAuth"
        },
        "isShared": false,
        "isReady": true
      }
    ]
  },
  "contextData": {
    "github": {
      "t": 2,
      "d": [
        {
          "k": "ref",
          "v": "refs/heads/main"
        },
        {
          "k": "sha",
          "v": "7820d89860fb5214d7ad3f920f3f52f7cbe6e073"
        },
        {
          "k": "repository",
          "v": "Alejfk/Colaborative"
        },
        {
          "k": "repository_owner",
          "v": "Alejfk"
        },
        {
          "k": "repository_owner_id",
          "v": "337092217"
        },
        {
          "k": "repositoryUrl",
          "v": "git://github.com/Alejfk/Colaborative.git"
        },
        {
          "k": "run_id",
          "v": "37813865682"
        },
        {
          "k": "run_number",
          "v": "5"
        },
        {
          "k": "retention_days",
          "v": "90"
        },
        {
          "k": "run_attempt",
          "v": "1"
        },
        {
          "k": "artifact_cache_size_limit",
          "v": "10"
        },
        {
          "k": "repository_visibility",
          "v": "public"
        },
        {
          "k": "actor_id",
          "v": "337092217"
        },
        {
          "k": "actor",
          "v": "Alejfk"
        },
        {
          "k": "workflow",
          "v": "CD"
        },
        {
          "k": "head_ref",
          "v": ""
        },
        {
          "k": "base_ref",
          "v": ""
        },
        {
          "k": "event_name",
          "v": "push"
        },
        {
          "k": "server_url",
          "v": "https://github.com"
        },
        {
          "k": "api_url",
          "v": "https://api.github.com"
        },
        {
          "k": "graphql_url",
          "v": "https://api.github.com/graphql"
        },
        {
          "k": "ref_name",
          "v": "main"
        },
        {
          "k": "ref_protected",
          "v": true
        },
        {
          "k": "ref_type",
          "v": "branch"
        },
        {
          "k": "secret_source",
          "v": "Actions"
        },
        {
          "k": "event",
          "v": {
            "t": 2,
            "d": [
              {
                "k": "after",
                "v": "7820d89860fb5214d7ad3f920f3f52f7cbe6e073"
              },
              {
                "k": "base_ref",
                "v": null
              },
              {
                "k": "before",
                "v": "aa6bd845417a554868035b0ad85ec75d39ac3fb3"
              },
              {
                "k": "commits",
                "v": {
                  "t": 1,
                  "a": [
                    {
                      "t": 2,
                      "d": [
                        {
                          "k": "author",
                          "v": {
                            "t": 2,
                            "d": [
                              {
                                "k": "email",
                                "v": "alej.fk7@gmail.com"
                              },
                              {
                                "k": "name",
                                "v": "AlejdevOps"
                              },
                              {
                                "k": "username",
                                "v": "Alejdev1"
                              }
                            ]
                          }
                        },
                        {
                          "k": "committer",
                          "v": {
                            "t": 2,
                            "d": [
                              {
                                "k": "email",
                                "v": "noreply@github.com"
                              },
                              {
                                "k": "name",
                                "v": "GitHub"
                              },
                              {
                                "k": "username",
                                "v": "web-flow"
                              }
                            ]
                          }
                        },
                        {
                          "k": "distinct",
                          "v": false
                        },
                        {
                          "k": "id",
                          "v": "cba332da28671df9216c8db94464412b91216446"
                        },
                        {
                          "k": "message",
                          "v": "Add new line to Nueva_feature"
                        },
                        {
                          "k": "timestamp",
                          "v": "2026-10-08T18:45:57+02:00"
                        },
                        {
                          "k": "tree_id",
                          "v": "2ae7d39951671eabbee93329736d16806a5e9258"
                        },
                        {
                          "k": "url",
                          "v": "https://github.com/Alejfk/Colaborative/commit/cba332da28671df9216c8db94464412b91216446"
                        }
                      ]
                    },
                    {
                      "t": 2,
                      "d": [
                        {
                          "k": "author",
                          "v": {
                            "t": 2,
                            "d": [
                              {
                                "k": "email",
                                "v": "alejandro.s378329@cesurformacion.com"
                              },
                              {
                                "k": "name",
                                "v": "Alejfk"
                              },
                              {
                                "k": "username",
                                "v": "Alejfk"
                              }
                            ]
                          }
                        },
                        {
                          "k": "committer",
                          "v": {
                            "t": 2,
                            "d": [
                              {
                                "k": "email",
                                "v": "noreply@github.com"
                              },
                              {
                                "k": "name",
                                "v": "GitHub"
                              },
                              {
                                "k": "username",
                                "v": "web-flow"
                              }
                            ]
                          }
                        },
                        {
                          "k": "distinct",
                          "v": false
                        },
                        {
                          "k": "id",
                          "v": "944a816db9f23714d50e5b0558890f9c8e038598"
                        },
                        {
                          "k": "message",
                          "v": "Merge pull request #6 from Alejfk/feature/mi-feature\n\nAdd new line to Nueva_feature"
                        },
                        {
                          "k": "timestamp",
                          "v": "2026-10-08T18:47:38+02:00"
                        },
                        {
                          "k": "tree_id",
                          "v": "2ae7d39951671eabbee93329736d16806a5e9258"
                        },
                        {
                          "k": "url",
                          "v": "https://github.com/Alejfk/Colaborative/commit/944a816db9f23714d50e5b0558890f9c8e038598"
                        }
                      ]
                    },
                    {
                      "t": 2,
                      "d": [
                        {
                          "k": "author",
                          "v": {
                            "t": 2,
                            "d": [
                              {
                                "k": "email",
                                "v": "alejandro.s378329@cesurformacion.com"
                              },
                              {
                                "k": "name",
                                "v": "Alejfk"
                              },
                              {
                                "k": "username",
                                "v": "Alejfk"
                              }
                            ]
                          }
                        },
                        {
                          "k": "committer",
                          "v": {
                            "t": 2,
                            "d": [
                              {
                                "k": "email",
                                "v": "noreply@github.com"
                              },
                              {
                                "k": "name",
                                "v": "GitHub"
                              },
                              {
                                "k": "username",
                                "v": "web-flow"
                              }
                            ]
                          }
                        },
                        {
                          "k": "distinct",
                          "v": true
                        },
                        {
                          "k": "id",
                          "v": "7820d89860fb5214d7ad3f920f3f52f7cbe6e073"
                        },
                        {
                          "k": "message",
                          "v": "Merge pull request #7 from Alejfk/develop\n\nDevelop"
                        },
                        {
                          "k": "timestamp",
                          "v": "2026-10-08T19:05:26+02:00"
                        },
                        {
                          "k": "tree_id",
                          "v": "b1169e10d8572f4f6c2cd1c085eeac5873472921"
                        },
                        {
                          "k": "url",
                          "v": "https://github.com/Alejfk/Colaborative/commit/7820d89860fb5214d7ad3f920f3f52f7cbe6e073"
                        }
                      ]
                    }
                  ]
                }
              },
              {
                "k": "compare",
                "v": "https://github.com/Alejfk/Colaborative/compare/aa6bd845417a...7820d89860fb"
              },
              {
                "k": "created",
                "v": false
              },
              {
                "k": "deleted",
                "v": false
              },
              {
                "k": "forced",
                "v": false
              },
              {
                "k": "head_commit",
                "v": {
                  "t": 2,
                  "d": [
                    {
                      "k": "author",
                      "v": {
                        "t": 2,
                        "d": [
                          {
                            "k": "email",
                            "v": "alejandro.s378329@cesurformacion.com"
                          },
                          {
                            "k": "name",
                            "v": "Alejfk"
                          },
                          {
                            "k": "username",
                            "v": "Alejfk"
                          }
                        ]
                      }
                    },
                    {
                      "k": "committer",
                      "v": {
                        "t": 2,
                        "d": [
                          {
                            "k": "email",
                            "v": "noreply@github.com"
                          },
                          {
                            "k": "name",
                            "v": "GitHub"
                          },
                          {
                            "k": "username",
                            "v": "web-flow"
                          }
                        ]
                      }
                    },
                    {
                      "k": "distinct",
                      "v": true
                    },
                    {
                      "k": "id",
                      "v": "7820d89860fb5214d7ad3f920f3f52f7cbe6e073"
                    },
                    {
                      "k": "message",
                      "v": "Merge pull request #7 from Alejfk/develop\n\nDevelop"
                    },
                    {
                      "k": "timestamp",
                      "v": "2026-10-08T19:05:26+02:00"
                    },
                    {
                      "k": "tree_id",
                      "v": "b1169e10d8572f4f6c2cd1c085eeac5873472921"
                    },
                    {
                      "k": "url",
                      "v": "https://github.com/Alejfk/Colaborative/commit/7820d89860fb5214d7ad3f920f3f52f7cbe6e073"
                    }
                  ]
                }
              },
              {
                "k": "pusher",
                "v": {
                  "t": 2,
                  "d": [
                    {
                      "k": "email",
                      "v": "alejandro.s378329@cesurformacion.com"
                    },
                    {
                      "k": "name",
                      "v": "Alejfk"
                    }
                  ]
                }
              },
              {
                "k": "ref",
                "v": "refs/heads/main"
              },
              {
                "k": "repository",
                "v": {
                  "t": 2,
                  "d": [
                    {
                      "k": "allow_forking",
                      "v": true
                    },
                    {
                      "k": "archive_url",
                      "v": "https://api.github.com/repos/Alejfk/Colaborative/{archive_format}{/ref}"
                    },
                    {
                      "k": "archived",
                      "v": false
                    },
                    {
                      "k": "assignees_url",
                      "v": "https://api.github.com/repos/Alejfk/Colaborative/assignees{/user}"
                    },
                    {
                      "k": "blobs_url",
                      "v": "https://api.github.com/repos/Alejfk/Colaborative/git/blobs{/sha}"
                    },
                    {
                      "k": "branches_url",
                      "v": "https://api.github.com/repos/Alejfk/Colaborative/branches{/branch}"
                    },
                    {
                      "k": "clone_url",
                      "v": "https://github.com/Alejfk/Colaborative.git"
                    },
                    {
                      "k": "collaborators_url",
                      "v": "https://api.github.com/repos/Alejfk/Colaborative/collaborators{/collaborator}"
                    },
                    {
                      "k": "comments_url",
                      "v": "https://api.github.com/repos/Alejfk/Colaborative/comments{/number}"
                    },
                    {
                      "k": "commits_url",
                      "v": "https://api.github.com/repos/Alejfk/Colaborative/commits{/sha}"
                    },
                    {
                      "k": "compare_url",
                      "v": "https://api.github.com/repos/Alejfk/Colaborative/compare/{base}...{head}"
                    },
                    {
                      "k": "contents_url",
                      "v": "https://api.github.com/repos/Alejfk/Colaborative/contents/{+path}"
                    },
                    {
                      "k": "contributors_url",
                      "v": "https://api.github.com/repos/Alejfk/Colaborative/contributors"
                    },
                    {
                      "k": "created_at",
                      "v": 1791272639.0
                    },
                    {
                      "k": "default_branch",
                      "v": "main"
                    },
                    {
                      "k": "deployments_url",
                      "v": "https://api.github.com/repos/Alejfk/Colaborative/deployments"
                    },
                    {
                      "k": "description",
                      "v": null
                    },
                    {
                      "k": "disabled",
                      "v": false
                    },
                    {
                      "k": "downloads_url",
                      "v": "https://api.github.com/repos/Alejfk/Colaborative/downloads"
                    },
                    {
                      "k": "events_url",
                      "v": "https://api.github.com/repos/Alejfk/Colaborative/events"
                    },
                    {
                      "k": "fork",
                      "v": false
                    },
                    {
                      "k": "forks",
                      "v": 0.0
                    },
                    {
                      "k": "forks_count",
                      "v": 0.0
                    },
                    {
                      "k": "forks_url",
                      "v": "https://api.github.com/repos/Alejfk/Colaborative/forks"
                    },
                    {
                      "k": "full_name",
                      "v": "Alejfk/Colaborative"
                    },
                    {
                      "k": "git_commits_url",
                      "v": "https://api.github.com/repos/Alejfk/Colaborative/git/commits{/sha}"
                    },
                    {
                      "k": "git_refs_url",
                      "v": "https://api.github.com/repos/Alejfk/Colaborative/git/refs{/sha}"
                    },
                    {
                      "k": "git_tags_url",
                      "v": "https://api.github.com/repos/Alejfk/Colaborative/git/tags{/sha}"
                    },
                    {
                      "k": "git_url",
                      "v": "git://github.com/Alejfk/Colaborative.git"
                    },
                    {
                      "k": "has_discussions",
                      "v": false
                    },
                    {
                      "k": "has_downloads",
                      "v": true
                    },
                    {
                      "k": "has_issues",
                      "v": true
                    },
                    {
                      "k": "has_pages",
                      "v": false
                    },
                    {
                      "k": "has_projects",
                      "v": true
                    },
                    {
                      "k": "has_pull_requests",
                      "v": true
                    },
                    {
                      "k": "has_wiki",
                      "v": true
                    },
                    {
                      "k": "homepage",
                      "v": null
                    },
                    {
                      "k": "hooks_url",
                      "v": "https://api.github.com/repos/Alejfk/Colaborative/hooks"
                    },
                    {
                      "k": "html_url",
                      "v": "https://github.com/Alejfk/Colaborative"
                    },
                    {
                      "k": "id",
                      "v": 1406905728.0
                    },
                    {
                      "k": "is_template",
                      "v": false
                    },
                    {
                      "k": "issue_comment_url",
                      "v": "https://api.github.com/repos/Alejfk/Colaborative/issues/comments{/number}"
                    },
                    {
                      "k": "issue_events_url",
                      "v": "https://api.github.com/repos/Alejfk/Colaborative/issues/events{/number}"
                    },
                    {
                      "k": "issues_url",
                      "v": "https://api.github.com/repos/Alejfk/Colaborative/issues{/number}"
                    },
                    {
                      "k": "keys_url",
                      "v": "https://api.github.com/repos/Alejfk/Colaborative/keys{/key_id}"
                    },
                    {
                      "k": "labels_url",
                      "v": "https://api.github.com/repos/Alejfk/Colaborative/labels{/name}"
                    },
                    {
                      "k": "language",
                      "v": "JavaScript"
                    },
                    {
                      "k": "languages_url",
                      "v": "https://api.github.com/repos/Alejfk/Colaborative/languages"
                    },
                    {
                      "k": "license",
                      "v": null
                    },
                    {
                      "k": "master_branch",
                      "v": "main"
                    },
                    {
                      "k": "merges_url",
                      "v": "https://api.github.com/repos/Alejfk/Colaborative/merges"
                    },
                    {
                      "k": "milestones_url",
                      "v": "https://api.github.com/repos/Alejfk/Colaborative/milestones{/number}"
                    },
                    {
                      "k": "mirror_url",
                      "v": null
                    },
                    {
                      "k": "name",
                      "v": "Colaborative"
                    },
                    {
                      "k": "node_id",
                      "v": "R_kgDOU9utgA"
                    },
                    {
                      "k": "notifications_url",
                      "v": "https://api.github.com/repos/Alejfk/Colaborative/notifications{?since,all,participating}"
                    },
                    {
                      "k": "open_issues",
                      "v": 0.0
                    },
                    {
                      "k": "open_issues_count",
                      "v": 0.0
                    },
                    {
                      "k": "owner",
                      "v": {
                        "t": 2,
                        "d": [
                          {
                            "k": "avatar_url",
                            "v": "https://avatars.githubusercontent.com/u/337092217?v=4"
                          },
                          {
                            "k": "email",
                            "v": "alejandro.s378329@cesurformacion.com"
                          },
                          {
                            "k": "events_url",
                            "v": "https://api.github.com/users/Alejfk/events{/privacy}"
                          },
                          {
                            "k": "followers_url",
                            "v": "https://api.github.com/users/Alejfk/followers"
                          },
                          {
                            "k": "following_url",
                            "v": "https://api.github.com/users/Alejfk/following{/other_user}"
                          },
                          {
                            "k": "gists_url",
                            "v": "https://api.github.com/users/Alejfk/gists{/gist_id}"
                          },
                          {
                            "k": "gravatar_id",
                            "v": ""
                          },
                          {
                            "k": "html_url",
                            "v": "https://github.com/Alejfk"
                          },
                          {
                            "k": "id",
                            "v": 337092217.0
                          },
                          {
                            "k": "login",
                            "v": "Alejfk"
                          },
                          {
                            "k": "name",
                            "v": "Alejfk"
                          },
                          {
                            "k": "node_id",
                            "v": "U_kgDOFBeeeQ"
                          },
                          {
                            "k": "organizations_url",
                            "v": "https://api.github.com/users/Alejfk/orgs"
                          },
                          {
                            "k": "received_events_url",
                            "v": "https://api.github.com/users/Alejfk/received_events"
                          },
                          {
                            "k": "repos_url",
                            "v": "https://api.github.com/users/Alejfk/repos"
                          },
                          {
                            "k": "site_***",
                            "v": false
                          },
                          {
                            "k": "starred_url",
                            "v": "https://api.github.com/users/Alejfk/starred{/owner}{/repo}"
                          },
                          {
                            "k": "subscriptions_url",
                            "v": "https://api.github.com/users/Alejfk/subscriptions"
                          },
                          {
                            "k": "type",
                            "v": "User"
                          },
                          {
                            "k": "url",
                            "v": "https://api.github.com/users/Alejfk"
                          },
                          {
                            "k": "user_view_type",
                            "v": "public"
                          }
                        ]
                      }
                    },
                    {
                      "k": "private",
                      "v": false
                    },
                    {
                      "k": "pull_request_creation_policy",
                      "v": "all"
                    },
                    {
                      "k": "pulls_url",
                      "v": "https://api.github.com/repos/Alejfk/Colaborative/pulls{/number}"
                    },
                    {
                      "k": "pushed_at",
                      "v": 1791479126.0
                    },
                    {
                      "k": "releases_url",
                      "v": "https://api.github.com/repos/Alejfk/Colaborative/releases{/id}"
                    },
                    {
                      "k": "size",
                      "v": 275433.0
                    },
                    {
                      "k": "ssh_url",
                      "v": "git@github.com:Alejfk/Colaborative.git"
                    },
                    {
                      "k": "stargazers",
                      "v": 0.0
                    },
                    {
                      "k": "stargazers_count",
                      "v": 0.0
                    },
                    {
                      "k": "stargazers_url",
                      "v": "https://api.github.com/repos/Alejfk/Colaborative/stargazers"
                    },
                    {
                      "k": "statuses_url",
                      "v": "https://api.github.com/repos/Alejfk/Colaborative/statuses/{sha}"
                    },
                    {
                      "k": "subscribers_url",
                      "v": "https://api.github.com/repos/Alejfk/Colaborative/subscribers"
                    },
                    {
                      "k": "subscription_url",
                      "v": "https://api.github.com/repos/Alejfk/Colaborative/subscription"
                    },
                    {
                      "k": "svn_url",
                      "v": "https://github.com/Alejfk/Colaborative"
                    },
                    {
                      "k": "tags_url",
                      "v": "https://api.github.com/repos/Alejfk/Colaborative/tags"
                    },
                    {
                      "k": "teams_url",
                      "v": "https://api.github.com/repos/Alejfk/Colaborative/teams"
                    },
                    {
                      "k": "topics",
                      "v": {
                        "t": 1
                      }
                    },
                    {
                      "k": "trees_url",
                      "v": "https://api.github.com/repos/Alejfk/Colaborative/git/trees{/sha}"
                    },
                    {
                      "k": "updated_at",
                      "v": "2026-10-08T16:55:33Z"
                    },
                    {
                      "k": "url",
                      "v": "https://api.github.com/repos/Alejfk/Colaborative"
                    },
                    {
                      "k": "visibility",
                      "v": "public"
                    },
                    {
                      "k": "watchers",
                      "v": 0.0
                    },
                    {
                      "k": "watchers_count",
                      "v": 0.0
                    },
                    {
                      "k": "web_commit_signoff_required",
                      "v": false
                    }
                  ]
                }
              },
              {
                "k": "sender",
                "v": {
                  "t": 2,
                  "d": [
                    {
                      "k": "avatar_url",
                      "v": "https://avatars.githubusercontent.com/u/337092217?v=4"
                    },
                    {
                      "k": "events_url",
                      "v": "https://api.github.com/users/Alejfk/events{/privacy}"
                    },
                    {
                      "k": "followers_url",
                      "v": "https://api.github.com/users/Alejfk/followers"
                    },
                    {
                      "k": "following_url",
                      "v": "https://api.github.com/users/Alejfk/following{/other_user}"
                    },
                    {
                      "k": "gists_url",
                      "v": "https://api.github.com/users/Alejfk/gists{/gist_id}"
                    },
                    {
                      "k": "gravatar_id",
                      "v": ""
                    },
                    {
                      "k": "html_url",
                      "v": "https://github.com/Alejfk"
                    },
                    {
                      "k": "id",
                      "v": 337092217.0
                    },
                    {
                      "k": "login",
                      "v": "Alejfk"
                    },
                    {
                      "k": "node_id",
                      "v": "U_kgDOFBeeeQ"
                    },
                    {
                      "k": "organizations_url",
                      "v": "https://api.github.com/users/Alejfk/orgs"
                    },
                    {
                      "k": "received_events_url",
                      "v": "https://api.github.com/users/Alejfk/received_events"
                    },
                    {
                      "k": "repos_url",
                      "v": "https://api.github.com/users/Alejfk/repos"
                    },
                    {
                      "k": "site_***",
                      "v": false
                    },
                    {
                      "k": "starred_url",
                      "v": "https://api.github.com/users/Alejfk/starred{/owner}{/repo}"
                    },
                    {
                      "k": "subscriptions_url",
                      "v": "https://api.github.com/users/Alejfk/subscriptions"
                    },
                    {
                      "k": "type",
                      "v": "User"
                    },
                    {
                      "k": "url",
                      "v": "https://api.github.com/users/Alejfk"
                    },
                    {
                      "k": "user_view_type",
                      "v": "public"
                    }
                  ]
                }
              }
            ]
          }
        },
        {
          "k": "workflow_ref",
          "v": "Alejfk/Colaborative/.github/workflows/CD.yaml@refs/heads/main"
        },
        {
          "k": "workflow_sha",
          "v": "7820d89860fb5214d7ad3f920f3f52f7cbe6e073"
        },
        {
          "k": "repository_id",
          "v": "1406905728"
        },
        {
          "k": "triggering_actor",
          "v": "Alejfk"
        }
      ]
    },
    "inputs": {
      "t": 2
    },
    "job": {
      "t": 2,
      "d": [
        {
          "k": "check_run_id",
          "v": 113437650534.0
        },
        {
          "k": "workflow_ref",
          "v": "Alejfk/Colaborative/.github/workflows/CD.yaml@refs/heads/main"
        },
        {
          "k": "workflow_sha",
          "v": "7820d89860fb5214d7ad3f920f3f52f7cbe6e073"
        },
        {
          "k": "workflow_repository",
          "v": "Alejfk/Colaborative"
        },
        {
          "k": "workflow_file_path",
          "v": ".github/workflows/CD.yaml"
        }
      ]
    },
    "matrix": null,
    "needs": {
      "t": 2,
      "d": [
        {
          "k": "bump-version",
          "v": {
            "t": 2,
            "d": [
              {
                "k": "result",
                "v": "success"
              },
              {
                "k": "outputs",
                "v": {
                  "t": 2
                }
              }
            ]
          }
        }
      ]
    },
    "strategy": {
      "t": 2,
      "d": [
        {
          "k": "fail-fast",
          "v": true
        },
        {
          "k": "job-index",
          "v": 0.0
        },
        {
          "k": "job-total",
          "v": 1.0
        },
        {
          "k": "max-parallel",
          "v": 1.0
        }
      ]
    },
    "vars": {
      "t": 2
    }
  },
  "billingOwnerId": "U_kgDOFBeeeQ"
}
[2026-10-08 17:06:21Z INFO JobRunner] Job ID dea87777-21a5-58b7-8ded-09e6fefbb4e3
[2026-10-08 17:06:21Z INFO ConfigurationStore] currentAssemblyLocation: C:\Users\neo_o\Desktop\Github Practicas\Users\actions-runner\bin\Runner.Worker.dll
[2026-10-08 17:06:21Z INFO HostContext] Well known directory 'Bin': 'C:\Users\neo_o\Desktop\Github Practicas\Users\actions-runner\bin'
[2026-10-08 17:06:21Z INFO ConfigurationStore] binPath: C:\Users\neo_o\Desktop\Github Practicas\Users\actions-runner\bin
[2026-10-08 17:06:21Z INFO HostContext] Well known directory 'Bin': 'C:\Users\neo_o\Desktop\Github Practicas\Users\actions-runner\bin'
[2026-10-08 17:06:21Z INFO HostContext] Well known directory 'Root': 'C:\Users\neo_o\Desktop\Github Practicas\Users\actions-runner'
[2026-10-08 17:06:21Z INFO ConfigurationStore] RootFolder: C:\Users\neo_o\Desktop\Github Practicas\Users\actions-runner
[2026-10-08 17:06:21Z INFO HostContext] Well known directory 'Bin': 'C:\Users\neo_o\Desktop\Github Practicas\Users\actions-runner\bin'
[2026-10-08 17:06:21Z INFO HostContext] Well known directory 'Root': 'C:\Users\neo_o\Desktop\Github Practicas\Users\actions-runner'
[2026-10-08 17:06:21Z INFO HostContext] Well known config file 'Runner': 'C:\Users\neo_o\Desktop\Github Practicas\Users\actions-runner\.runner'
[2026-10-08 17:06:21Z INFO ConfigurationStore] ConfigFilePath: C:\Users\neo_o\Desktop\Github Practicas\Users\actions-runner\.runner
[2026-10-08 17:06:21Z INFO HostContext] Well known directory 'Bin': 'C:\Users\neo_o\Desktop\Github Practicas\Users\actions-runner\bin'
[2026-10-08 17:06:21Z INFO HostContext] Well known directory 'Root': 'C:\Users\neo_o\Desktop\Github Practicas\Users\actions-runner'
[2026-10-08 17:06:21Z INFO HostContext] Well known config file 'MigratedRunner': 'C:\Users\neo_o\Desktop\Github Practicas\Users\actions-runner\.runner_migrated'
[2026-10-08 17:06:21Z INFO ConfigurationStore] MigratedConfigFilePath: C:\Users\neo_o\Desktop\Github Practicas\Users\actions-runner\.runner_migrated
[2026-10-08 17:06:21Z INFO HostContext] Well known directory 'Bin': 'C:\Users\neo_o\Desktop\Github Practicas\Users\actions-runner\bin'
[2026-10-08 17:06:21Z INFO HostContext] Well known directory 'Root': 'C:\Users\neo_o\Desktop\Github Practicas\Users\actions-runner'
[2026-10-08 17:06:21Z INFO HostContext] Well known config file 'Credentials': 'C:\Users\neo_o\Desktop\Github Practicas\Users\actions-runner\.credentials'
[2026-10-08 17:06:21Z INFO ConfigurationStore] CredFilePath: C:\Users\neo_o\Desktop\Github Practicas\Users\actions-runner\.credentials
[2026-10-08 17:06:21Z INFO HostContext] Well known directory 'Bin': 'C:\Users\neo_o\Desktop\Github Practicas\Users\actions-runner\bin'
[2026-10-08 17:06:21Z INFO HostContext] Well known directory 'Root': 'C:\Users\neo_o\Desktop\Github Practicas\Users\actions-runner'
[2026-10-08 17:06:21Z INFO HostContext] Well known config file 'MigratedCredentials': 'C:\Users\neo_o\Desktop\Github Practicas\Users\actions-runner\.credentials_migrated'
[2026-10-08 17:06:21Z INFO ConfigurationStore] MigratedCredFilePath: C:\Users\neo_o\Desktop\Github Practicas\Users\actions-runner\.credentials_migrated
[2026-10-08 17:06:21Z INFO HostContext] Well known directory 'Bin': 'C:\Users\neo_o\Desktop\Github Practicas\Users\actions-runner\bin'
[2026-10-08 17:06:21Z INFO HostContext] Well known directory 'Root': 'C:\Users\neo_o\Desktop\Github Practicas\Users\actions-runner'
[2026-10-08 17:06:21Z INFO HostContext] Well known config file 'Service': 'C:\Users\neo_o\Desktop\Github Practicas\Users\actions-runner\.service'
[2026-10-08 17:06:21Z INFO ConfigurationStore] ServiceConfigFilePath: C:\Users\neo_o\Desktop\Github Practicas\Users\actions-runner\.service
[2026-10-08 17:06:21Z INFO ConfigurationStore] Read setting file: 398 chars
[2026-10-08 17:06:21Z INFO JobRunner] Initializing launch client
[2026-10-08 17:06:21Z INFO JobServerQueue] Initializing results client
[2026-10-08 17:06:21Z INFO ResultServer] Creating websocket client ...wss://results-receiver.actions.githubusercontent.com/_ws/ingest.sock
[2026-10-08 17:06:21Z INFO ResultServer] Attempting to start websocket client with delay 00:00:00.
[2026-10-08 17:06:21Z INFO JobServerQueue] Start process web console line queue.
[2026-10-08 17:06:21Z INFO JobServerQueue] Start process file upload queue.
[2026-10-08 17:06:21Z INFO JobServerQueue] Start results file upload queue.
[2026-10-08 17:06:21Z INFO JobServerQueue] Starting results-based upload queue...
[2026-10-08 17:06:21Z INFO JobServerQueue] Start process timeline update queue.
[2026-10-08 17:06:21Z INFO ExecutionContext] Initializing Job context
[2026-10-08 17:06:21Z INFO ExecutionContext] Initialize GitHub context
[2026-10-08 17:06:21Z INFO ExecutionContext] Initialize Env context
[2026-10-08 17:06:21Z INFO HostContext] Well known directory 'Bin': 'C:\Users\neo_o\Desktop\Github Practicas\Users\actions-runner\bin'
[2026-10-08 17:06:21Z INFO HostContext] Well known directory 'Root': 'C:\Users\neo_o\Desktop\Github Practicas\Users\actions-runner'
[2026-10-08 17:06:21Z INFO HostContext] Well known directory 'Diag': 'C:\Users\neo_o\Desktop\Github Practicas\Users\actions-runner\_diag'
[2026-10-08 17:06:21Z INFO HostContext] Well known directory 'Bin': 'C:\Users\neo_o\Desktop\Github Practicas\Users\actions-runner\bin'
[2026-10-08 17:06:21Z INFO HostContext] Well known directory 'Root': 'C:\Users\neo_o\Desktop\Github Practicas\Users\actions-runner'
[2026-10-08 17:06:21Z INFO HostContext] Well known directory 'Diag': 'C:\Users\neo_o\Desktop\Github Practicas\Users\actions-runner\_diag'
[2026-10-08 17:06:21Z INFO JobRunner] Starting the job execution context.
[2026-10-08 17:06:21Z INFO HostContext] Well known directory 'Bin': 'C:\Users\neo_o\Desktop\Github Practicas\Users\actions-runner\bin'
[2026-10-08 17:06:21Z INFO HostContext] Well known directory 'Root': 'C:\Users\neo_o\Desktop\Github Practicas\Users\actions-runner'
[2026-10-08 17:06:21Z INFO HostContext] Well known directory 'Work': 'C:\Users\neo_o\Desktop\Github Practicas\Users\actions-runner\_work'
[2026-10-08 17:06:21Z INFO JobRunner] Validating directory permissions for: 'C:\Users\neo_o\Desktop\Github Practicas\Users\actions-runner\_work'
[2026-10-08 17:06:21Z INFO HostContext] Well known directory 'Bin': 'C:\Users\neo_o\Desktop\Github Practicas\Users\actions-runner\bin'
[2026-10-08 17:06:21Z INFO HostContext] Well known directory 'Root': 'C:\Users\neo_o\Desktop\Github Practicas\Users\actions-runner'
[2026-10-08 17:06:21Z INFO HostContext] Well known directory 'Work': 'C:\Users\neo_o\Desktop\Github Practicas\Users\actions-runner\_work'
[2026-10-08 17:06:21Z INFO HostContext] Well known directory 'Tools': 'C:\Users\neo_o\Desktop\Github Practicas\Users\actions-runner\_work\_tool'
[2026-10-08 17:06:21Z INFO HostContext] Well known directory 'Bin': 'C:\Users\neo_o\Desktop\Github Practicas\Users\actions-runner\bin'
[2026-10-08 17:06:21Z INFO HostContext] Well known directory 'Root': 'C:\Users\neo_o\Desktop\Github Practicas\Users\actions-runner'
[2026-10-08 17:06:21Z INFO HostContext] Well known directory 'Work': 'C:\Users\neo_o\Desktop\Github Practicas\Users\actions-runner\_work'
[2026-10-08 17:06:21Z INFO HostContext] Well known directory 'Temp': 'C:\Users\neo_o\Desktop\Github Practicas\Users\actions-runner\_work\_temp'
[2026-10-08 17:06:21Z INFO JobRunner] Getting job extension.
[2026-10-08 17:06:21Z INFO JobRunner] Initialize job. Getting all job steps.
[2026-10-08 17:06:21Z INFO HostContext] Well known directory 'Bin': 'C:\Users\neo_o\Desktop\Github Practicas\Users\actions-runner\bin'
[2026-10-08 17:06:21Z INFO HostContext] Well known directory 'Root': 'C:\Users\neo_o\Desktop\Github Practicas\Users\actions-runner'
[2026-10-08 17:06:21Z INFO HostContext] Well known directory 'Diag': 'C:\Users\neo_o\Desktop\Github Practicas\Users\actions-runner\_diag'
[2026-10-08 17:06:21Z INFO HostContext] Well known directory 'Bin': 'C:\Users\neo_o\Desktop\Github Practicas\Users\actions-runner\bin'
[2026-10-08 17:06:21Z INFO HostContext] Well known directory 'Root': 'C:\Users\neo_o\Desktop\Github Practicas\Users\actions-runner'
[2026-10-08 17:06:21Z INFO HostContext] Well known directory 'Diag': 'C:\Users\neo_o\Desktop\Github Practicas\Users\actions-runner\_diag'
[2026-10-08 17:06:21Z INFO HostContext] Well known directory 'Bin': 'C:\Users\neo_o\Desktop\Github Practicas\Users\actions-runner\bin'
[2026-10-08 17:06:21Z INFO HostContext] Well known directory 'Root': 'C:\Users\neo_o\Desktop\Github Practicas\Users\actions-runner'
[2026-10-08 17:06:21Z INFO HostContext] Well known config file 'Credentials': 'C:\Users\neo_o\Desktop\Github Practicas\Users\actions-runner\.credentials'
[2026-10-08 17:06:21Z INFO HostContext] Well known directory 'Bin': 'C:\Users\neo_o\Desktop\Github Practicas\Users\actions-runner\bin'
[2026-10-08 17:06:21Z INFO HostContext] Well known directory 'Root': 'C:\Users\neo_o\Desktop\Github Practicas\Users\actions-runner'
[2026-10-08 17:06:21Z INFO HostContext] Well known config file 'SetupInfo': 'C:\Users\neo_o\Desktop\Github Practicas\Users\actions-runner\.setup_info'
[2026-10-08 17:06:21Z INFO HostContext] Well known directory 'Bin': 'C:\Users\neo_o\Desktop\Github Practicas\Users\actions-runner\bin'
[2026-10-08 17:06:21Z INFO HostContext] Well known directory 'Root': 'C:\Users\neo_o\Desktop\Github Practicas\Users\actions-runner'
[2026-10-08 17:06:21Z INFO HostContext] Well known directory 'Work': 'C:\Users\neo_o\Desktop\Github Practicas\Users\actions-runner\_work'
[2026-10-08 17:06:21Z INFO PipelineDirectoryManager] Loading tracking config if exists: C:\Users\neo_o\Desktop\Github Practicas\Users\actions-runner\_work\_PipelineMapping\Alejfk/Colaborative\PipelineFolder.json
[2026-10-08 17:06:21Z INFO PipelineDirectoryManager] Updating job run properties.
[2026-10-08 17:06:21Z INFO HostContext] Well known directory 'Bin': 'C:\Users\neo_o\Desktop\Github Practicas\Users\actions-runner\bin'
[2026-10-08 17:06:21Z INFO HostContext] Well known directory 'Root': 'C:\Users\neo_o\Desktop\Github Practicas\Users\actions-runner'
[2026-10-08 17:06:21Z INFO HostContext] Well known directory 'Work': 'C:\Users\neo_o\Desktop\Github Practicas\Users\actions-runner\_work'
[2026-10-08 17:06:21Z INFO HostContext] Well known directory 'Bin': 'C:\Users\neo_o\Desktop\Github Practicas\Users\actions-runner\bin'
[2026-10-08 17:06:21Z INFO HostContext] Well known directory 'Root': 'C:\Users\neo_o\Desktop\Github Practicas\Users\actions-runner'
[2026-10-08 17:06:21Z INFO HostContext] Well known directory 'Work': 'C:\Users\neo_o\Desktop\Github Practicas\Users\actions-runner\_work'
[2026-10-08 17:06:21Z INFO HostContext] Well known directory 'Bin': 'C:\Users\neo_o\Desktop\Github Practicas\Users\actions-runner\bin'
[2026-10-08 17:06:21Z INFO HostContext] Well known directory 'Root': 'C:\Users\neo_o\Desktop\Github Practicas\Users\actions-runner'
[2026-10-08 17:06:21Z INFO HostContext] Well known directory 'Work': 'C:\Users\neo_o\Desktop\Github Practicas\Users\actions-runner\_work'
[2026-10-08 17:06:21Z INFO JobExtension] Downloading actions
[2026-10-08 17:06:21Z INFO HostContext] Well known directory 'Bin': 'C:\Users\neo_o\Desktop\Github Practicas\Users\actions-runner\bin'
[2026-10-08 17:06:21Z INFO HostContext] Well known directory 'Root': 'C:\Users\neo_o\Desktop\Github Practicas\Users\actions-runner'
[2026-10-08 17:06:21Z INFO HostContext] Well known directory 'Work': 'C:\Users\neo_o\Desktop\Github Practicas\Users\actions-runner\_work'
[2026-10-08 17:06:21Z INFO HostContext] Well known directory 'Actions': 'C:\Users\neo_o\Desktop\Github Practicas\Users\actions-runner\_work\_actions'
[2026-10-08 17:06:21Z INFO Worker] Listening for cancel message from the channel.
[2026-10-08 17:06:21Z INFO Worker] Waiting for the job to complete or for a cancel message from the channel.
[2026-10-08 17:06:21Z INFO ResultServer] Successfully started websocket client.
[2026-10-08 17:06:21Z INFO JobServerQueue] Try to append 1 batches web console lines for record '093cd97d-0899-449c-99bb-d82ebbc51f65', success rate: 1/1.
[2026-10-08 17:06:21Z INFO HostContext] Well known directory 'Bin': 'C:\Users\neo_o\Desktop\Github Practicas\Users\actions-runner\bin'
[2026-10-08 17:06:21Z INFO HostContext] Well known directory 'Root': 'C:\Users\neo_o\Desktop\Github Practicas\Users\actions-runner'
[2026-10-08 17:06:21Z INFO HostContext] Well known directory 'Work': 'C:\Users\neo_o\Desktop\Github Practicas\Users\actions-runner\_work'
[2026-10-08 17:06:21Z INFO HostContext] Well known directory 'Actions': 'C:\Users\neo_o\Desktop\Github Practicas\Users\actions-runner\_work\_actions'
[2026-10-08 17:06:21Z INFO HostContext] Well known directory 'Bin': 'C:\Users\neo_o\Desktop\Github Practicas\Users\actions-runner\bin'
[2026-10-08 17:06:21Z INFO HostContext] Well known directory 'Root': 'C:\Users\neo_o\Desktop\Github Practicas\Users\actions-runner'
[2026-10-08 17:06:21Z INFO HostContext] Well known directory 'Work': 'C:\Users\neo_o\Desktop\Github Practicas\Users\actions-runner\_work'
[2026-10-08 17:06:21Z INFO HostContext] Well known directory 'Actions': 'C:\Users\neo_o\Desktop\Github Practicas\Users\actions-runner\_work\_actions'
[2026-10-08 17:06:21Z INFO ActionManager] Save archive 'https://codeload.github.com/actions/checkout/zip/11d5960a326750d5838078e36cf38b85af677262' into C:\Users\neo_o\Desktop\Github Practicas\Users\actions-runner\_work\_actions\_temp_a8daaf7c-6d2a-4524-acb8-ea66ab6c1807\1af353a1-3c1e-497e-83cd-f5367e4660d6.zip.
[2026-10-08 17:06:21Z INFO ActionManager] Using Basic token for action archive download.
[2026-10-08 17:06:21Z INFO JobServerQueue] Try to append 1 batches web console lines for record '093cd97d-0899-449c-99bb-d82ebbc51f65', success rate: 1/1.
[2026-10-08 17:06:22Z INFO JobServerQueue] Job timeline record has been updated for the first time.
[2026-10-08 17:06:22Z INFO ActionManager] Request URL: https://codeload.github.com/actions/checkout/zip/11d5960a326750d5838078e36cf38b85af677262 X-GitHub-Request-Id: D967:370539:20EBC1:286B94:6AC7CD89 Http Status: OK
[2026-10-08 17:06:22Z INFO ActionManager] Finished getting action repository.
[2026-10-08 17:06:22Z INFO HostContext] Well known directory 'Bin': 'C:\Users\neo_o\Desktop\Github Practicas\Users\actions-runner\bin'
[2026-10-08 17:06:22Z INFO HostContext] Well known directory 'Root': 'C:\Users\neo_o\Desktop\Github Practicas\Users\actions-runner'
[2026-10-08 17:06:22Z INFO HostContext] Well known directory 'Work': 'C:\Users\neo_o\Desktop\Github Practicas\Users\actions-runner\_work'
[2026-10-08 17:06:22Z INFO HostContext] Well known directory 'Actions': 'C:\Users\neo_o\Desktop\Github Practicas\Users\actions-runner\_work\_actions'
[2026-10-08 17:06:22Z INFO ActionManifestManagerLegacy] Load schema file with definitions: [
  "null",
  "boolean",
  "number",
  "string",
  "sequence",
  "mapping",
  "any",
  "action-root",
  "inputs",
  "input",
  "outputs",
  "output-definition",
  "runs",
  "container-runs",
  "container-runs-args",
  "container-runs-env",
  "node-runs",
  "plugin-runs",
  "composite-runs",
  "composite-steps",
  "composite-step",
  "run-step",
  "uses-step",
  "container-runs-context",
  "output-value",
  "input-default-context",
  "non-empty-string",
  "string-steps-context",
  "boolean-steps-context",
  "step-env",
  "step-if",
  "step-with"
]
[2026-10-08 17:06:22Z INFO ActionManifestManager] Load schema file with definitions: [
  "null",
  "boolean",
  "number",
  "string",
  "sequence",
  "mapping",
  "any",
  "action-root",
  "inputs",
  "input",
  "outputs",
  "output-definition",
  "runs",
  "container-runs",
  "container-runs-args",
  "container-runs-env",
  "node-runs",
  "plugin-runs",
  "composite-runs",
  "composite-steps",
  "composite-step",
  "run-step",
  "uses-step",
  "container-runs-context",
  "output-value",
  "input-default-context",
  "non-empty-string",
  "string-steps-context",
  "boolean-steps-context",
  "step-env",
  "step-if",
  "step-with"
]
[2026-10-08 17:06:22Z INFO HostContext] Well known directory 'Bin': 'C:\Users\neo_o\Desktop\Github Practicas\Users\actions-runner\bin'
[2026-10-08 17:06:22Z INFO HostContext] Well known directory 'Root': 'C:\Users\neo_o\Desktop\Github Practicas\Users\actions-runner'
[2026-10-08 17:06:22Z INFO HostContext] Well known directory 'Work': 'C:\Users\neo_o\Desktop\Github Practicas\Users\actions-runner\_work'
[2026-10-08 17:06:22Z INFO HostContext] Well known directory 'Actions': 'C:\Users\neo_o\Desktop\Github Practicas\Users\actions-runner\_work\_actions'
[2026-10-08 17:06:22Z INFO ActionManifestManagerLegacy] Loaded action.yml file: {
  "name": "Checkout",
  "description": "Checkout a Git repository at a particular version",
  "inputs": {
    "type": 2,
    "map": [
      {
        "key": {
          "type": 0,
          "file": 2,
          "line": 4,
          "col": 3,
          "lit": "repository"
        },
        "value": {
          "type": 3,
          "file": 2,
          "line": 6,
          "col": 14,
          "expr": "github.repository"
        }
      },
      {
        "key": {
          "type": 0,
          "file": 2,
          "line": 7,
          "col": 3,
          "lit": "ref"
        },
        "value": ""
      },
      {
        "key": {
          "type": 0,
          "file": 2,
          "line": 12,
          "col": 3,
          "lit": "token"
        },
        "value": {
          "type": 3,
          "file": 2,
          "line": 24,
          "col": 14,
          "expr": "github.token"
        }
      },
      {
        "key": {
          "type": 0,
          "file": 2,
          "line": 25,
          "col": 3,
          "lit": "ssh-key"
        },
        "value": ""
      },
      {
        "key": {
          "type": 0,
          "file": 2,
          "line": 37,
          "col": 3,
          "lit": "ssh-known-hosts"
        },
        "value": ""
      },
      {
        "key": {
          "type": 0,
          "file": 2,
          "line": 42,
          "col": 3,
          "lit": "ssh-strict"
        },
        "value": {
          "type": 0,
          "file": 2,
          "line": 47,
          "col": 14,
          "lit": "true"
        }
      },
      {
        "key": {
          "type": 0,
          "file": 2,
          "line": 48,
          "col": 3,
          "lit": "ssh-user"
        },
        "value": {
          "type": 0,
          "file": 2,
          "line": 51,
          "col": 14,
          "lit": "git"
        }
      },
      {
        "key": {
          "type": 0,
          "file": 2,
          "line": 52,
          "col": 3,
          "lit": "persist-credentials"
        },
        "value": {
          "type": 0,
          "file": 2,
          "line": 54,
          "col": 14,
          "lit": "true"
        }
      },
      {
        "key": {
          "type": 0,
          "file": 2,
          "line": 55,
          "col": 3,
          "lit": "path"
        },
        "value": ""
      },
      {
        "key": {
          "type": 0,
          "file": 2,
          "line": 57,
          "col": 3,
          "lit": "clean"
        },
        "value": {
          "type": 0,
          "file": 2,
          "line": 59,
          "col": 14,
          "lit": "true"
        }
      },
      {
        "key": {
          "type": 0,
          "file": 2,
          "line": 60,
          "col": 3,
          "lit": "filter"
        },
        "value": {
          "type": 0,
          "file": 2,
          "line": 64,
          "col": 14,
          "lit": ""
        }
      },
      {
        "key": {
          "type": 0,
          "file": 2,
          "line": 65,
          "col": 3,
          "lit": "sparse-checkout"
        },
        "value": {
          "type": 0,
          "file": 2,
          "line": 69,
          "col": 14,
          "lit": ""
        }
      },
      {
        "key": {
          "type": 0,
          "file": 2,
          "line": 70,
          "col": 3,
          "lit": "sparse-checkout-cone-mode"
        },
        "value": {
          "type": 0,
          "file": 2,
          "line": 73,
          "col": 14,
          "lit": "true"
        }
      },
      {
        "key": {
          "type": 0,
          "file": 2,
          "line": 74,
          "col": 3,
          "lit": "fetch-depth"
        },
        "value": {
          "type": 0,
          "file": 2,
          "line": 76,
          "col": 14,
          "lit": "1"
        }
      },
      {
        "key": {
          "type": 0,
          "file": 2,
          "line": 77,
          "col": 3,
          "lit": "fetch-tags"
        },
        "value": {
          "type": 0,
          "file": 2,
          "line": 79,
          "col": 14,
          "lit": "false"
        }
      },
      {
        "key": {
          "type": 0,
          "file": 2,
          "line": 80,
          "col": 3,
          "lit": "show-progress"
        },
        "value": {
          "type": 0,
          "file": 2,
          "line": 82,
          "col": 14,
          "lit": "true"
        }
      },
      {
        "key": {
          "type": 0,
          "file": 2,
          "line": 83,
          "col": 3,
          "lit": "lfs"
        },
        "value": {
          "type": 0,
          "file": 2,
          "line": 85,
          "col": 14,
          "lit": "false"
        }
      },
      {
        "key": {
          "type": 0,
          "file": 2,
          "line": 86,
          "col": 3,
          "lit": "submodules"
        },
        "value": {
          "type": 0,
          "file": 2,
          "line": 94,
          "col": 14,
          "lit": "false"
        }
      },
      {
        "key": {
          "type": 0,
          "file": 2,
          "line": 95,
          "col": 3,
          "lit": "set-safe-directory"
        },
        "value": {
          "type": 0,
          "file": 2,
          "line": 97,
          "col": 14,
          "lit": "true"
        }
      },
      {
        "key": {
          "type": 0,
          "file": 2,
          "line": 98,
          "col": 3,
          "lit": "github-server-url"
        },
        "value": ""
      },
      {
        "key": {
          "type": 0,
          "file": 2,
          "line": 101,
          "col": 3,
          "lit": "allow-unsafe-pr-checkout"
        },
        "value": {
          "type": 0,
          "file": 2,
          "line": 109,
          "col": 14,
          "lit": "false"
        }
      }
    ]
  },
  "execution": {
    "executionType": "nodeJS",
    "hasPre": false,
    "hasPost": true,
    "script": "dist/index.js",
    "pre": null,
    "post": "dist/index.js",
    "nodeVersion": "node20",
    "cleanupCondition": "always()",
    "initCondition": "always()"
  },
  "deprecated": null
}
[2026-10-08 17:06:22Z INFO ActionManager] Action node.js file: dist/index.js, no more preparation.
[2026-10-08 17:06:22Z INFO HostContext] Well known directory 'Bin': 'C:\Users\neo_o\Desktop\Github Practicas\Users\actions-runner\bin'
[2026-10-08 17:06:22Z INFO HostContext] Well known directory 'Root': 'C:\Users\neo_o\Desktop\Github Practicas\Users\actions-runner'
[2026-10-08 17:06:22Z INFO HostContext] Well known directory 'Work': 'C:\Users\neo_o\Desktop\Github Practicas\Users\actions-runner\_work'
[2026-10-08 17:06:22Z INFO HostContext] Well known directory 'Actions': 'C:\Users\neo_o\Desktop\Github Practicas\Users\actions-runner\_work\_actions'
[2026-10-08 17:06:22Z INFO ActionManager] Load action that reference repository from 'C:\Users\neo_o\Desktop\Github Practicas\Users\actions-runner\_work\_actions\actions\checkout\v4'
[2026-10-08 17:06:22Z INFO HostContext] Well known directory 'Bin': 'C:\Users\neo_o\Desktop\Github Practicas\Users\actions-runner\bin'
[2026-10-08 17:06:22Z INFO HostContext] Well known directory 'Root': 'C:\Users\neo_o\Desktop\Github Practicas\Users\actions-runner'
[2026-10-08 17:06:22Z INFO HostContext] Well known directory 'Work': 'C:\Users\neo_o\Desktop\Github Practicas\Users\actions-runner\_work'
[2026-10-08 17:06:22Z INFO HostContext] Well known directory 'Actions': 'C:\Users\neo_o\Desktop\Github Practicas\Users\actions-runner\_work\_actions'
[2026-10-08 17:06:22Z INFO ActionManifestManagerLegacy] Loaded action.yml file: {
  "name": "Checkout",
  "description": "Checkout a Git repository at a particular version",
  "inputs": {
    "type": 2,
    "map": [
      {
        "key": {
          "type": 0,
          "file": 2,
          "line": 4,
          "col": 3,
          "lit": "repository"
        },
        "value": {
          "type": 3,
          "file": 2,
          "line": 6,
          "col": 14,
          "expr": "github.repository"
        }
      },
      {
        "key": {
          "type": 0,
          "file": 2,
          "line": 7,
          "col": 3,
          "lit": "ref"
        },
        "value": ""
      },
      {
        "key": {
          "type": 0,
          "file": 2,
          "line": 12,
          "col": 3,
          "lit": "token"
        },
        "value": {
          "type": 3,
          "file": 2,
          "line": 24,
          "col": 14,
          "expr": "github.token"
        }
      },
      {
        "key": {
          "type": 0,
          "file": 2,
          "line": 25,
          "col": 3,
          "lit": "ssh-key"
        },
        "value": ""
      },
      {
        "key": {
          "type": 0,
          "file": 2,
          "line": 37,
          "col": 3,
          "lit": "ssh-known-hosts"
        },
        "value": ""
      },
      {
        "key": {
          "type": 0,
          "file": 2,
          "line": 42,
          "col": 3,
          "lit": "ssh-strict"
        },
        "value": {
          "type": 0,
          "file": 2,
          "line": 47,
          "col": 14,
          "lit": "true"
        }
      },
      {
        "key": {
          "type": 0,
          "file": 2,
          "line": 48,
          "col": 3,
          "lit": "ssh-user"
        },
        "value": {
          "type": 0,
          "file": 2,
          "line": 51,
          "col": 14,
          "lit": "git"
        }
      },
      {
        "key": {
          "type": 0,
          "file": 2,
          "line": 52,
          "col": 3,
          "lit": "persist-credentials"
        },
        "value": {
          "type": 0,
          "file": 2,
          "line": 54,
          "col": 14,
          "lit": "true"
        }
      },
      {
        "key": {
          "type": 0,
          "file": 2,
          "line": 55,
          "col": 3,
          "lit": "path"
        },
        "value": ""
      },
      {
        "key": {
          "type": 0,
          "file": 2,
          "line": 57,
          "col": 3,
          "lit": "clean"
        },
        "value": {
          "type": 0,
          "file": 2,
          "line": 59,
          "col": 14,
          "lit": "true"
        }
      },
      {
        "key": {
          "type": 0,
          "file": 2,
          "line": 60,
          "col": 3,
          "lit": "filter"
        },
        "value": {
          "type": 0,
          "file": 2,
          "line": 64,
          "col": 14,
          "lit": ""
        }
      },
      {
        "key": {
          "type": 0,
          "file": 2,
          "line": 65,
          "col": 3,
          "lit": "sparse-checkout"
        },
        "value": {
          "type": 0,
          "file": 2,
          "line": 69,
          "col": 14,
          "lit": ""
        }
      },
      {
        "key": {
          "type": 0,
          "file": 2,
          "line": 70,
          "col": 3,
          "lit": "sparse-checkout-cone-mode"
        },
        "value": {
          "type": 0,
          "file": 2,
          "line": 73,
          "col": 14,
          "lit": "true"
        }
      },
      {
        "key": {
          "type": 0,
          "file": 2,
          "line": 74,
          "col": 3,
          "lit": "fetch-depth"
        },
        "value": {
          "type": 0,
          "file": 2,
          "line": 76,
          "col": 14,
          "lit": "1"
        }
      },
      {
        "key": {
          "type": 0,
          "file": 2,
          "line": 77,
          "col": 3,
          "lit": "fetch-tags"
        },
        "value": {
          "type": 0,
          "file": 2,
          "line": 79,
          "col": 14,
          "lit": "false"
        }
      },
      {
        "key": {
          "type": 0,
          "file": 2,
          "line": 80,
          "col": 3,
          "lit": "show-progress"
        },
        "value": {
          "type": 0,
          "file": 2,
          "line": 82,
          "col": 14,
          "lit": "true"
        }
      },
      {
        "key": {
          "type": 0,
          "file": 2,
          "line": 83,
          "col": 3,
          "lit": "lfs"
        },
        "value": {
          "type": 0,
          "file": 2,
          "line": 85,
          "col": 14,
          "lit": "false"
        }
      },
      {
        "key": {
          "type": 0,
          "file": 2,
          "line": 86,
          "col": 3,
          "lit": "submodules"
        },
        "value": {
          "type": 0,
          "file": 2,
          "line": 94,
          "col": 14,
          "lit": "false"
        }
      },
      {
        "key": {
          "type": 0,
          "file": 2,
          "line": 95,
          "col": 3,
          "lit": "set-safe-directory"
        },
        "value": {
          "type": 0,
          "file": 2,
          "line": 97,
          "col": 14,
          "lit": "true"
        }
      },
      {
        "key": {
          "type": 0,
          "file": 2,
          "line": 98,
          "col": 3,
          "lit": "github-server-url"
        },
        "value": ""
      },
      {
        "key": {
          "type": 0,
          "file": 2,
          "line": 101,
          "col": 3,
          "lit": "allow-unsafe-pr-checkout"
        },
        "value": {
          "type": 0,
          "file": 2,
          "line": 109,
          "col": 14,
          "lit": "false"
        }
      }
    ]
  },
  "execution": {
    "executionType": "nodeJS",
    "hasPre": false,
    "hasPost": true,
    "script": "dist/index.js",
    "pre": null,
    "post": "dist/index.js",
    "nodeVersion": "node20",
    "cleanupCondition": "always()",
    "initCondition": "always()"
  },
  "deprecated": null
}
[2026-10-08 17:06:22Z INFO ActionManager] Action pre node.js file: N/A.
[2026-10-08 17:06:22Z INFO ActionManager] Action node.js file: dist/index.js.
[2026-10-08 17:06:22Z INFO ActionManager] Action post node.js file: dist/index.js.
[2026-10-08 17:06:22Z INFO JobExtension] Adding .
[2026-10-08 17:06:22Z INFO JobExtension] Adding .
[2026-10-08 17:06:22Z INFO HostContext] Well known directory 'Bin': 'C:\Users\neo_o\Desktop\Github Practicas\Users\actions-runner\bin'
[2026-10-08 17:06:22Z INFO HostContext] Well known directory 'Root': 'C:\Users\neo_o\Desktop\Github Practicas\Users\actions-runner'
[2026-10-08 17:06:22Z INFO HostContext] Well known directory 'Diag': 'C:\Users\neo_o\Desktop\Github Practicas\Users\actions-runner\_diag'
[2026-10-08 17:06:22Z INFO HostContext] Well known directory 'Bin': 'C:\Users\neo_o\Desktop\Github Practicas\Users\actions-runner\bin'
[2026-10-08 17:06:22Z INFO HostContext] Well known directory 'Root': 'C:\Users\neo_o\Desktop\Github Practicas\Users\actions-runner'
[2026-10-08 17:06:22Z INFO HostContext] Well known directory 'Diag': 'C:\Users\neo_o\Desktop\Github Practicas\Users\actions-runner\_diag'
[2026-10-08 17:06:22Z INFO HostContext] Well known directory 'Bin': 'C:\Users\neo_o\Desktop\Github Practicas\Users\actions-runner\bin'
[2026-10-08 17:06:22Z INFO HostContext] Well known directory 'Root': 'C:\Users\neo_o\Desktop\Github Practicas\Users\actions-runner'
[2026-10-08 17:06:22Z INFO HostContext] Well known directory 'Diag': 'C:\Users\neo_o\Desktop\Github Practicas\Users\actions-runner\_diag'
[2026-10-08 17:06:22Z INFO HostContext] Well known directory 'Bin': 'C:\Users\neo_o\Desktop\Github Practicas\Users\actions-runner\bin'
[2026-10-08 17:06:22Z INFO HostContext] Well known directory 'Root': 'C:\Users\neo_o\Desktop\Github Practicas\Users\actions-runner'
[2026-10-08 17:06:22Z INFO HostContext] Well known directory 'Diag': 'C:\Users\neo_o\Desktop\Github Practicas\Users\actions-runner\_diag'
[2026-10-08 17:06:22Z INFO JobExtension] Total accessible running process: 256.
[2026-10-08 17:06:22Z INFO HostContext] Well known directory 'Bin': 'C:\Users\neo_o\Desktop\Github Practicas\Users\actions-runner\bin'
[2026-10-08 17:06:22Z INFO HostContext] Well known directory 'Root': 'C:\Users\neo_o\Desktop\Github Practicas\Users\actions-runner'
[2026-10-08 17:06:22Z INFO HostContext] Well known directory 'Work': 'C:\Users\neo_o\Desktop\Github Practicas\Users\actions-runner\_work'
[2026-10-08 17:06:22Z INFO JobExtension] Start checking server connectivity.
[2026-10-08 17:06:22Z INFO JobExtension] Check server connectivity for https://broker.actions.githubusercontent.com/health.
[2026-10-08 17:06:22Z INFO JobExtension] Check server connectivity for https://token.actions.githubusercontent.com/ready.
[2026-10-08 17:06:22Z INFO JobExtension] Check server connectivity for https://run.actions.githubusercontent.com/health.
[2026-10-08 17:06:22Z INFO JobExtension] Start checking service connectivity in background.
[2026-10-08 17:06:22Z INFO ExecutionContext] Publish step telemetry for current step {
  "action": "setup_job",
  "type": "runner",
  "stage": "Pre",
  "stepId": "093cd97d-0899-449c-99bb-d82ebbc51f65",
  "result": "succeeded",
  "errorMessages": [],
  "executionTimeInSeconds": 2,
  "startTime": "2026-10-08T17:06:21.2051744Z",
  "finishTime": "2026-10-08T17:06:22.9161369Z"
}.
[2026-10-08 17:06:22Z INFO JobRunner] Total job steps: 2.
[2026-10-08 17:06:22Z INFO JobRunner] Run all job steps.
[2026-10-08 17:06:22Z INFO DapDebugger] DapDebugger initialized
[2026-10-08 17:06:22Z INFO StepsRunner] Processing step: DisplayName='Run actions/checkout@v4'
[2026-10-08 17:06:22Z INFO StepsRunner] Evaluating: success()
[2026-10-08 17:06:22Z INFO StepsRunner] Result: true
[2026-10-08 17:06:22Z INFO StepsRunner] Starting the step.
[2026-10-08 17:06:22Z INFO HostContext] Well known directory 'Bin': 'C:\Users\neo_o\Desktop\Github Practicas\Users\actions-runner\bin'
[2026-10-08 17:06:22Z INFO HostContext] Well known directory 'Root': 'C:\Users\neo_o\Desktop\Github Practicas\Users\actions-runner'
[2026-10-08 17:06:22Z INFO HostContext] Well known directory 'Work': 'C:\Users\neo_o\Desktop\Github Practicas\Users\actions-runner\_work'
[2026-10-08 17:06:22Z INFO StepsRunner] Which2: 'chcp'
[2026-10-08 17:06:22Z INFO StepsRunner] Location: 'C:\Windows\System32\chcp.COM'
[2026-10-08 17:06:22Z INFO ProcessInvokerWrapper] Starting process:
[2026-10-08 17:06:22Z INFO ProcessInvokerWrapper]   File name: 'C:\Windows\System32\chcp.COM'
[2026-10-08 17:06:22Z INFO ProcessInvokerWrapper]   Arguments: '65001'
[2026-10-08 17:06:22Z INFO ProcessInvokerWrapper]   Working directory: 'C:\Users\neo_o\Desktop\Github Practicas\Users\actions-runner\_work'
[2026-10-08 17:06:22Z INFO ProcessInvokerWrapper]   Require exit code zero: 'False'
[2026-10-08 17:06:22Z INFO ProcessInvokerWrapper]   Encoding web name:  ; code page: ''
[2026-10-08 17:06:22Z INFO ProcessInvokerWrapper]   Force kill process on cancellation: 'False'
[2026-10-08 17:06:22Z INFO ProcessInvokerWrapper]   Redirected STDIN: 'False'
[2026-10-08 17:06:22Z INFO ProcessInvokerWrapper]   Persist current code page: 'True'
[2026-10-08 17:06:22Z INFO ProcessInvokerWrapper]   Keep redirected STDIN open: 'False'
[2026-10-08 17:06:22Z INFO ProcessInvokerWrapper]   High priority process: 'False'
[2026-10-08 17:06:22Z INFO ProcessInvokerWrapper] Process started with process id 25636, waiting for process exit.
[2026-10-08 17:06:22Z INFO ProcessInvokerWrapper] STDOUT/STDERR stream read finished.
[2026-10-08 17:06:22Z INFO ProcessInvokerWrapper] STDOUT/STDERR stream read finished.
[2026-10-08 17:06:22Z INFO ProcessInvokerWrapper] Finished process 25636 with exit code 0, and elapsed time 00:00:00.0088613.
[2026-10-08 17:06:22Z INFO StepsRunner] Successfully returned to code page 65001 (UTF8)
[2026-10-08 17:06:22Z INFO HostContext] Well known directory 'Bin': 'C:\Users\neo_o\Desktop\Github Practicas\Users\actions-runner\bin'
[2026-10-08 17:06:22Z INFO HostContext] Well known directory 'Root': 'C:\Users\neo_o\Desktop\Github Practicas\Users\actions-runner'
[2026-10-08 17:06:22Z INFO HostContext] Well known directory 'Work': 'C:\Users\neo_o\Desktop\Github Practicas\Users\actions-runner\_work'
[2026-10-08 17:06:22Z INFO HostContext] Well known directory 'Actions': 'C:\Users\neo_o\Desktop\Github Practicas\Users\actions-runner\_work\_actions'
[2026-10-08 17:06:22Z INFO ActionManager] Load action that reference repository from 'C:\Users\neo_o\Desktop\Github Practicas\Users\actions-runner\_work\_actions\actions\checkout\v4'
[2026-10-08 17:06:22Z INFO HostContext] Well known directory 'Bin': 'C:\Users\neo_o\Desktop\Github Practicas\Users\actions-runner\bin'
[2026-10-08 17:06:22Z INFO HostContext] Well known directory 'Root': 'C:\Users\neo_o\Desktop\Github Practicas\Users\actions-runner'
[2026-10-08 17:06:22Z INFO HostContext] Well known directory 'Work': 'C:\Users\neo_o\Desktop\Github Practicas\Users\actions-runner\_work'
[2026-10-08 17:06:22Z INFO HostContext] Well known directory 'Actions': 'C:\Users\neo_o\Desktop\Github Practicas\Users\actions-runner\_work\_actions'
[2026-10-08 17:06:22Z INFO ActionManifestManagerLegacy] Loaded action.yml file: {
  "name": "Checkout",
  "description": "Checkout a Git repository at a particular version",
  "inputs": {
    "type": 2,
    "map": [
      {
        "key": {
          "type": 0,
          "file": 2,
          "line": 4,
          "col": 3,
          "lit": "repository"
        },
        "value": {
          "type": 3,
          "file": 2,
          "line": 6,
          "col": 14,
          "expr": "github.repository"
        }
      },
      {
        "key": {
          "type": 0,
          "file": 2,
          "line": 7,
          "col": 3,
          "lit": "ref"
        },
        "value": ""
      },
      {
        "key": {
          "type": 0,
          "file": 2,
          "line": 12,
          "col": 3,
          "lit": "token"
        },
        "value": {
          "type": 3,
          "file": 2,
          "line": 24,
          "col": 14,
          "expr": "github.token"
        }
      },
      {
        "key": {
          "type": 0,
          "file": 2,
          "line": 25,
          "col": 3,
          "lit": "ssh-key"
        },
        "value": ""
      },
      {
        "key": {
          "type": 0,
          "file": 2,
          "line": 37,
          "col": 3,
          "lit": "ssh-known-hosts"
        },
        "value": ""
      },
      {
        "key": {
          "type": 0,
          "file": 2,
          "line": 42,
          "col": 3,
          "lit": "ssh-strict"
        },
        "value": {
          "type": 0,
          "file": 2,
          "line": 47,
          "col": 14,
          "lit": "true"
        }
      },
      {
        "key": {
          "type": 0,
          "file": 2,
          "line": 48,
          "col": 3,
          "lit": "ssh-user"
        },
        "value": {
          "type": 0,
          "file": 2,
          "line": 51,
          "col": 14,
          "lit": "git"
        }
      },
      {
        "key": {
          "type": 0,
          "file": 2,
          "line": 52,
          "col": 3,
          "lit": "persist-credentials"
        },
        "value": {
          "type": 0,
          "file": 2,
          "line": 54,
          "col": 14,
          "lit": "true"
        }
      },
      {
        "key": {
          "type": 0,
          "file": 2,
          "line": 55,
          "col": 3,
          "lit": "path"
        },
        "value": ""
      },
      {
        "key": {
          "type": 0,
          "file": 2,
          "line": 57,
          "col": 3,
          "lit": "clean"
        },
        "value": {
          "type": 0,
          "file": 2,
          "line": 59,
          "col": 14,
          "lit": "true"
        }
      },
      {
        "key": {
          "type": 0,
          "file": 2,
          "line": 60,
          "col": 3,
          "lit": "filter"
        },
        "value": {
          "type": 0,
          "file": 2,
          "line": 64,
          "col": 14,
          "lit": ""
        }
      },
      {
        "key": {
          "type": 0,
          "file": 2,
          "line": 65,
          "col": 3,
          "lit": "sparse-checkout"
        },
        "value": {
          "type": 0,
          "file": 2,
          "line": 69,
          "col": 14,
          "lit": ""
        }
      },
      {
        "key": {
          "type": 0,
          "file": 2,
          "line": 70,
          "col": 3,
          "lit": "sparse-checkout-cone-mode"
        },
        "value": {
          "type": 0,
          "file": 2,
          "line": 73,
          "col": 14,
          "lit": "true"
        }
      },
      {
        "key": {
          "type": 0,
          "file": 2,
          "line": 74,
          "col": 3,
          "lit": "fetch-depth"
        },
        "value": {
          "type": 0,
          "file": 2,
          "line": 76,
          "col": 14,
          "lit": "1"
        }
      },
      {
        "key": {
          "type": 0,
          "file": 2,
          "line": 77,
          "col": 3,
          "lit": "fetch-tags"
        },
        "value": {
          "type": 0,
          "file": 2,
          "line": 79,
          "col": 14,
          "lit": "false"
        }
      },
      {
        "key": {
          "type": 0,
          "file": 2,
          "line": 80,
          "col": 3,
          "lit": "show-progress"
        },
        "value": {
          "type": 0,
          "file": 2,
          "line": 82,
          "col": 14,
          "lit": "true"
        }
      },
      {
        "key": {
          "type": 0,
          "file": 2,
          "line": 83,
          "col": 3,
          "lit": "lfs"
        },
        "value": {
          "type": 0,
          "file": 2,
          "line": 85,
          "col": 14,
          "lit": "false"
        }
      },
      {
        "key": {
          "type": 0,
          "file": 2,
          "line": 86,
          "col": 3,
          "lit": "submodules"
        },
        "value": {
          "type": 0,
          "file": 2,
          "line": 94,
          "col": 14,
          "lit": "false"
        }
      },
      {
        "key": {
          "type": 0,
          "file": 2,
          "line": 95,
          "col": 3,
          "lit": "set-safe-directory"
        },
        "value": {
          "type": 0,
          "file": 2,
          "line": 97,
          "col": 14,
          "lit": "true"
        }
      },
      {
        "key": {
          "type": 0,
          "file": 2,
          "line": 98,
          "col": 3,
          "lit": "github-server-url"
        },
        "value": ""
      },
      {
        "key": {
          "type": 0,
          "file": 2,
          "line": 101,
          "col": 3,
          "lit": "allow-unsafe-pr-checkout"
        },
        "value": {
          "type": 0,
          "file": 2,
          "line": 109,
          "col": 14,
          "lit": "false"
        }
      }
    ]
  },
  "execution": {
    "executionType": "nodeJS",
    "hasPre": false,
    "hasPost": true,
    "script": "dist/index.js",
    "pre": null,
    "post": "dist/index.js",
    "nodeVersion": "node20",
    "cleanupCondition": "always()",
    "initCondition": "always()"
  },
  "deprecated": null
}
[2026-10-08 17:06:22Z INFO ActionManager] Action pre node.js file: N/A.
[2026-10-08 17:06:22Z INFO ActionManager] Action node.js file: dist/index.js.
[2026-10-08 17:06:22Z INFO ActionManager] Action post node.js file: dist/index.js.
[2026-10-08 17:06:22Z INFO ExecutionContext] Reserve record order 4 to 6 for post job actions.
[2026-10-08 17:06:22Z INFO HostContext] Well known directory 'Bin': 'C:\Users\neo_o\Desktop\Github Practicas\Users\actions-runner\bin'
[2026-10-08 17:06:22Z INFO HostContext] Well known directory 'Root': 'C:\Users\neo_o\Desktop\Github Practicas\Users\actions-runner'
[2026-10-08 17:06:22Z INFO HostContext] Well known directory 'Diag': 'C:\Users\neo_o\Desktop\Github Practicas\Users\actions-runner\_diag'
[2026-10-08 17:06:22Z INFO HostContext] Well known directory 'Bin': 'C:\Users\neo_o\Desktop\Github Practicas\Users\actions-runner\bin'
[2026-10-08 17:06:22Z INFO HostContext] Well known directory 'Root': 'C:\Users\neo_o\Desktop\Github Practicas\Users\actions-runner'
[2026-10-08 17:06:22Z INFO HostContext] Well known directory 'Diag': 'C:\Users\neo_o\Desktop\Github Practicas\Users\actions-runner\_diag'
[2026-10-08 17:06:22Z INFO HostContext] Well known directory 'Bin': 'C:\Users\neo_o\Desktop\Github Practicas\Users\actions-runner\bin'
[2026-10-08 17:06:22Z INFO HostContext] Well known directory 'Root': 'C:\Users\neo_o\Desktop\Github Practicas\Users\actions-runner'
[2026-10-08 17:06:22Z INFO HostContext] Well known directory 'Work': 'C:\Users\neo_o\Desktop\Github Practicas\Users\actions-runner\_work'
[2026-10-08 17:06:22Z INFO HostContext] Well known directory 'Temp': 'C:\Users\neo_o\Desktop\Github Practicas\Users\actions-runner\_work\_temp'
[2026-10-08 17:06:22Z INFO ExecutionContext] Write event payload to C:\Users\neo_o\Desktop\Github Practicas\Users\actions-runner\_work\_temp\_github_workflow\event.json
[2026-10-08 17:06:22Z INFO HostContext] Well known directory 'Bin': 'C:\Users\neo_o\Desktop\Github Practicas\Users\actions-runner\bin'
[2026-10-08 17:06:22Z INFO HostContext] Well known directory 'Root': 'C:\Users\neo_o\Desktop\Github Practicas\Users\actions-runner'
[2026-10-08 17:06:22Z INFO HostContext] Well known directory 'Work': 'C:\Users\neo_o\Desktop\Github Practicas\Users\actions-runner\_work'
[2026-10-08 17:06:22Z INFO HostContext] Well known directory 'Temp': 'C:\Users\neo_o\Desktop\Github Practicas\Users\actions-runner\_work\_temp'
[2026-10-08 17:06:22Z INFO ExtensionManager] Getting extensions for interface: 'GitHub.Runner.Worker.IFileCommandExtension'
[2026-10-08 17:06:22Z INFO ExtensionManager] Creating instance: GitHub.Runner.Worker.AddPathFileCommand, Runner.Worker
[2026-10-08 17:06:22Z INFO ExtensionManager] Creating instance: GitHub.Runner.Worker.SetEnvFileCommand, Runner.Worker
[2026-10-08 17:06:22Z INFO ExtensionManager] Creating instance: GitHub.Runner.Worker.CreateStepSummaryCommand, Runner.Worker
[2026-10-08 17:06:22Z INFO ExtensionManager] Creating instance: GitHub.Runner.Worker.SaveStateFileCommand, Runner.Worker
[2026-10-08 17:06:22Z INFO ExtensionManager] Creating instance: GitHub.Runner.Worker.SetOutputFileCommand, Runner.Worker
[2026-10-08 17:06:22Z INFO ExtensionManager] Creating instance: GitHub.Runner.Worker.CreateArtifactsFileCommand, Runner.Worker
[2026-10-08 17:06:22Z INFO ExtensionManager] Creating instance: GitHub.Runner.Worker.ArtifactsListFileCommand, Runner.Worker
[2026-10-08 17:06:22Z INFO ArtifactsListFileCommand] Wrote $GITHUB_ARTIFACTS_LIST with 0 subject(s) to 'C:\Users\neo_o\Desktop\Github Practicas\Users\actions-runner\_work\_temp\_runner_file_commands\artifacts_list_b3ed8a40-d6b1-4a25-8b8f-f4d0bff627ff'
[2026-10-08 17:06:22Z INFO ActionManifestManagerLegacy] Input 'repository': default value evaluate result: {
  "type": 0,
  "file": 2,
  "line": 6,
  "col": 14,
  "lit": "Alejfk/Colaborative"
}
[2026-10-08 17:06:22Z INFO ActionManifestManagerLegacy] Input 'ref': default value evaluate result: ""
[2026-10-08 17:06:22Z INFO ActionManifestManagerLegacy] Input 'token': default value evaluate result: {
  "type": 0,
  "file": 2,
  "line": 24,
  "col": 14,
  "lit": "***"
}
[2026-10-08 17:06:22Z INFO ActionManifestManagerLegacy] Input 'ssh-key': default value evaluate result: ""
[2026-10-08 17:06:22Z INFO ActionManifestManagerLegacy] Input 'ssh-known-hosts': default value evaluate result: ""
[2026-10-08 17:06:22Z INFO ActionManifestManagerLegacy] Input 'ssh-strict': default value evaluate result: {
  "type": 0,
  "file": 2,
  "line": 47,
  "col": 14,
  "lit": "true"
}
[2026-10-08 17:06:22Z INFO ActionManifestManagerLegacy] Input 'ssh-user': default value evaluate result: {
  "type": 0,
  "file": 2,
  "line": 51,
  "col": 14,
  "lit": "git"
}
[2026-10-08 17:06:22Z INFO ActionManifestManagerLegacy] Input 'persist-credentials': default value evaluate result: {
  "type": 0,
  "file": 2,
  "line": 54,
  "col": 14,
  "lit": "true"
}
[2026-10-08 17:06:22Z INFO ActionManifestManagerLegacy] Input 'path': default value evaluate result: ""
[2026-10-08 17:06:22Z INFO ActionManifestManagerLegacy] Input 'clean': default value evaluate result: {
  "type": 0,
  "file": 2,
  "line": 59,
  "col": 14,
  "lit": "true"
}
[2026-10-08 17:06:22Z INFO ActionManifestManagerLegacy] Input 'filter': default value evaluate result: {
  "type": 0,
  "file": 2,
  "line": 64,
  "col": 14,
  "lit": ""
}
[2026-10-08 17:06:22Z INFO ActionManifestManagerLegacy] Input 'sparse-checkout': default value evaluate result: {
  "type": 0,
  "file": 2,
  "line": 69,
  "col": 14,
  "lit": ""
}
[2026-10-08 17:06:22Z INFO ActionManifestManagerLegacy] Input 'sparse-checkout-cone-mode': default value evaluate result: {
  "type": 0,
  "file": 2,
  "line": 73,
  "col": 14,
  "lit": "true"
}
[2026-10-08 17:06:22Z INFO ActionManifestManagerLegacy] Input 'fetch-depth': default value evaluate result: {
  "type": 0,
  "file": 2,
  "line": 76,
  "col": 14,
  "lit": "1"
}
[2026-10-08 17:06:22Z INFO ActionManifestManagerLegacy] Input 'fetch-tags': default value evaluate result: {
  "type": 0,
  "file": 2,
  "line": 79,
  "col": 14,
  "lit": "false"
}
[2026-10-08 17:06:22Z INFO ActionManifestManagerLegacy] Input 'show-progress': default value evaluate result: {
  "type": 0,
  "file": 2,
  "line": 82,
  "col": 14,
  "lit": "true"
}
[2026-10-08 17:06:22Z INFO ActionManifestManagerLegacy] Input 'lfs': default value evaluate result: {
  "type": 0,
  "file": 2,
  "line": 85,
  "col": 14,
  "lit": "false"
}
[2026-10-08 17:06:22Z INFO ActionManifestManagerLegacy] Input 'submodules': default value evaluate result: {
  "type": 0,
  "file": 2,
  "line": 94,
  "col": 14,
  "lit": "false"
}
[2026-10-08 17:06:22Z INFO ActionManifestManagerLegacy] Input 'set-safe-directory': default value evaluate result: {
  "type": 0,
  "file": 2,
  "line": 97,
  "col": 14,
  "lit": "true"
}
[2026-10-08 17:06:22Z INFO ActionManifestManagerLegacy] Input 'github-server-url': default value evaluate result: ""
[2026-10-08 17:06:22Z INFO ActionManifestManagerLegacy] Input 'allow-unsafe-pr-checkout': default value evaluate result: {
  "type": 0,
  "file": 2,
  "line": 109,
  "col": 14,
  "lit": "false"
}
[2026-10-08 17:06:22Z INFO ExtensionManager] Getting extensions for interface: 'GitHub.Runner.Worker.IActionCommandExtension'
[2026-10-08 17:06:22Z INFO ExtensionManager] Creating instance: GitHub.Runner.Worker.InternalPluginSetRepoPathCommandExtension, Runner.Worker
[2026-10-08 17:06:22Z INFO ExtensionManager] Creating instance: GitHub.Runner.Worker.SetEnvCommandExtension, Runner.Worker
[2026-10-08 17:06:22Z INFO ExtensionManager] Creating instance: GitHub.Runner.Worker.SetOutputCommandExtension, Runner.Worker
[2026-10-08 17:06:22Z INFO ExtensionManager] Creating instance: GitHub.Runner.Worker.SaveStateCommandExtension, Runner.Worker
[2026-10-08 17:06:22Z INFO ExtensionManager] Creating instance: GitHub.Runner.Worker.AddPathCommandExtension, Runner.Worker
[2026-10-08 17:06:22Z INFO ExtensionManager] Creating instance: GitHub.Runner.Worker.AddMaskCommandExtension, Runner.Worker
[2026-10-08 17:06:22Z INFO ExtensionManager] Creating instance: GitHub.Runner.Worker.AddMatcherCommandExtension, Runner.Worker
[2026-10-08 17:06:22Z INFO ExtensionManager] Creating instance: GitHub.Runner.Worker.RemoveMatcherCommandExtension, Runner.Worker
[2026-10-08 17:06:22Z INFO ExtensionManager] Creating instance: GitHub.Runner.Worker.WarningCommandExtension, Runner.Worker
[2026-10-08 17:06:22Z INFO ExtensionManager] Creating instance: GitHub.Runner.Worker.ErrorCommandExtension, Runner.Worker
[2026-10-08 17:06:22Z INFO ExtensionManager] Creating instance: GitHub.Runner.Worker.NoticeCommandExtension, Runner.Worker
[2026-10-08 17:06:22Z INFO ExtensionManager] Creating instance: GitHub.Runner.Worker.DebugCommandExtension, Runner.Worker
[2026-10-08 17:06:22Z INFO ExtensionManager] Creating instance: GitHub.Runner.Worker.GroupCommandExtension, Runner.Worker
[2026-10-08 17:06:22Z INFO ExtensionManager] Creating instance: GitHub.Runner.Worker.EndGroupCommandExtension, Runner.Worker
[2026-10-08 17:06:22Z INFO ExtensionManager] Creating instance: GitHub.Runner.Worker.EchoCommandExtension, Runner.Worker
[2026-10-08 17:06:22Z INFO ActionCommandManager] Register action command extension for command internal-set-repo-path
[2026-10-08 17:06:22Z INFO ActionCommandManager] Register action command extension for command set-env
[2026-10-08 17:06:22Z INFO ActionCommandManager] Register action command extension for command set-output
[2026-10-08 17:06:22Z INFO ActionCommandManager] Register action command extension for command save-state
[2026-10-08 17:06:22Z INFO ActionCommandManager] Register action command extension for command add-path
[2026-10-08 17:06:22Z INFO ActionCommandManager] Register action command extension for command add-mask
[2026-10-08 17:06:22Z INFO ActionCommandManager] Register action command extension for command add-matcher
[2026-10-08 17:06:22Z INFO ActionCommandManager] Register action command extension for command remove-matcher
[2026-10-08 17:06:22Z INFO ActionCommandManager] Register action command extension for command warning
[2026-10-08 17:06:22Z INFO ActionCommandManager] Register action command extension for command error
[2026-10-08 17:06:22Z INFO ActionCommandManager] Register action command extension for command notice
[2026-10-08 17:06:22Z INFO ActionCommandManager] Register action command extension for command debug
[2026-10-08 17:06:22Z INFO ActionCommandManager] Register action command extension for command group
[2026-10-08 17:06:22Z INFO ActionCommandManager] Register action command extension for command endgroup
[2026-10-08 17:06:22Z INFO ActionCommandManager] Register action command extension for command echo
[2026-10-08 17:06:22Z INFO HostContext] Well known directory 'Bin': 'C:\Users\neo_o\Desktop\Github Practicas\Users\actions-runner\bin'
[2026-10-08 17:06:22Z INFO HostContext] Well known directory 'Root': 'C:\Users\neo_o\Desktop\Github Practicas\Users\actions-runner'
[2026-10-08 17:06:22Z INFO HostContext] Well known directory 'Externals': 'C:\Users\neo_o\Desktop\Github Practicas\Users\actions-runner\externals'
[2026-10-08 17:06:22Z INFO ProcessInvokerWrapper] Starting process:
[2026-10-08 17:06:22Z INFO ProcessInvokerWrapper]   File name: 'C:\Users\neo_o\Desktop\Github Practicas\Users\actions-runner\externals\node24\bin\node.exe'
[2026-10-08 17:06:22Z INFO ProcessInvokerWrapper]   Arguments: '"C:\Users\neo_o\Desktop\Github Practicas\Users\actions-runner\_work\_actions\actions\checkout\v4\dist/index.js"'
[2026-10-08 17:06:22Z INFO ProcessInvokerWrapper]   Working directory: 'C:\Users\neo_o\Desktop\Github Practicas\Users\actions-runner\_work\Colaborative\Colaborative'
[2026-10-08 17:06:22Z INFO ProcessInvokerWrapper]   Require exit code zero: 'False'
[2026-10-08 17:06:22Z INFO ProcessInvokerWrapper]   Encoding web name: utf-8 ; code page: '65001'
[2026-10-08 17:06:22Z INFO ProcessInvokerWrapper]   Force kill process on cancellation: 'False'
[2026-10-08 17:06:22Z INFO ProcessInvokerWrapper]   Redirected STDIN: 'False'
[2026-10-08 17:06:22Z INFO ProcessInvokerWrapper]   Persist current code page: 'True'
[2026-10-08 17:06:22Z INFO ProcessInvokerWrapper]   Keep redirected STDIN open: 'False'
[2026-10-08 17:06:22Z INFO ProcessInvokerWrapper]   High priority process: 'False'
[2026-10-08 17:06:22Z INFO ProcessInvokerWrapper] Process started with process id 23628, waiting for process exit.
[2026-10-08 17:06:23Z INFO JobServerQueue] Try to append 1 batches web console lines for record '093cd97d-0899-449c-99bb-d82ebbc51f65', success rate: 1/1.
[2026-10-08 17:06:23Z INFO JobServerQueue] Try to append 1 batches web console lines for record 'a55ea9be-7e6a-48ff-a880-0563163999b3', success rate: 1/1.
[2026-10-08 17:06:23Z INFO JobServerQueue] Try to upload 1 log files or attachments, success rate: 1/1.
[2026-10-08 17:06:23Z INFO JobServerQueue] Got a step log file to send to results service.
[2026-10-08 17:06:23Z INFO JobServerQueue] Starting upload of step log file to results service ResultsLog, C:\Users\neo_o\Desktop\Github Practicas\Users\actions-runner\_diag\blocks\6fee89c1-a9a9-86d8-b4c9-c27c25434ddc_093cd97d-0899-449c-99bb-d82ebbc51f65.1
[2026-10-08 17:06:23Z INFO JobServerQueue] Try to append 1 batches web console lines for record 'a55ea9be-7e6a-48ff-a880-0563163999b3', success rate: 1/1.
[2026-10-08 17:06:23Z INFO JobServerQueue] Try to append 1 batches web console lines for record 'a55ea9be-7e6a-48ff-a880-0563163999b3', success rate: 1/1.
[2026-10-08 17:06:24Z INFO JobServerQueue] Tried to upload 1 file(s) to results, success rate: 1/1.
[2026-10-08 17:06:32Z INFO HostContext] Well known directory 'Bin': 'C:\Users\neo_o\Desktop\Github Practicas\Users\actions-runner\bin'
[2026-10-08 17:06:32Z INFO HostContext] Well known directory 'Root': 'C:\Users\neo_o\Desktop\Github Practicas\Users\actions-runner'
[2026-10-08 17:06:32Z INFO HostContext] Well known directory 'Work': 'C:\Users\neo_o\Desktop\Github Practicas\Users\actions-runner\_work'
[2026-10-08 17:06:42Z INFO HostContext] Well known directory 'Bin': 'C:\Users\neo_o\Desktop\Github Practicas\Users\actions-runner\bin'
[2026-10-08 17:06:42Z INFO HostContext] Well known directory 'Root': 'C:\Users\neo_o\Desktop\Github Practicas\Users\actions-runner'
[2026-10-08 17:06:42Z INFO HostContext] Well known directory 'Work': 'C:\Users\neo_o\Desktop\Github Practicas\Users\actions-runner\_work'
[2026-10-08 17:06:50Z INFO JobServerQueue] Try to append 1 batches web console lines for record 'a55ea9be-7e6a-48ff-a880-0563163999b3', success rate: 1/1.
[2026-10-08 17:06:52Z INFO HostContext] Well known directory 'Bin': 'C:\Users\neo_o\Desktop\Github Practicas\Users\actions-runner\bin'
[2026-10-08 17:06:52Z INFO HostContext] Well known directory 'Root': 'C:\Users\neo_o\Desktop\Github Practicas\Users\actions-runner'
[2026-10-08 17:06:52Z INFO HostContext] Well known directory 'Work': 'C:\Users\neo_o\Desktop\Github Practicas\Users\actions-runner\_work'
[2026-10-08 17:06:57Z INFO JobServerQueue] Try to append 1 batches web console lines for record 'a55ea9be-7e6a-48ff-a880-0563163999b3', success rate: 1/1.
[2026-10-08 17:06:57Z INFO ProcessInvokerWrapper] STDOUT/STDERR stream read finished.
[2026-10-08 17:06:57Z INFO ProcessInvokerWrapper] STDOUT/STDERR stream read finished.
[2026-10-08 17:06:57Z INFO ProcessInvokerWrapper] Finished process 23628 with exit code 0, and elapsed time 00:00:34.8578002.
[2026-10-08 17:06:57Z INFO CreateStepSummaryCommand] Step Summary file (C:\Users\neo_o\Desktop\Github Practicas\Users\actions-runner\_work\_temp\_runner_file_commands\step_summary_b3ed8a40-d6b1-4a25-8b8f-f4d0bff627ff) is empty; skipping attachment upload
[2026-10-08 17:06:57Z INFO CreateArtifactsFileCommand] Processing $GITHUB_ARTIFACTS file 'C:\Users\neo_o\Desktop\Github Practicas\Users\actions-runner\_work\_temp\_runner_file_commands\artifacts_b3ed8a40-d6b1-4a25-8b8f-f4d0bff627ff'
[2026-10-08 17:06:57Z INFO CreateArtifactsFileCommand] $GITHUB_ARTIFACTS file is empty; nothing to process.
[2026-10-08 17:06:57Z INFO StepsRunner] Step result: 
[2026-10-08 17:06:57Z INFO ExecutionContext] Publish step telemetry for current step {
  "action": "actions/checkout",
  "ref": "v4",
  "type": "node24",
  "stage": "Main",
  "stepId": "a55ea9be-7e6a-48ff-a880-0563163999b3",
  "stepContextName": "__actions_checkout",
  "hasPreStep": false,
  "hasPostStep": true,
  "result": "succeeded",
  "errorMessages": [],
  "executionTimeInSeconds": 35,
  "startTime": "2026-10-08T17:06:22.9269875Z",
  "finishTime": "2026-10-08T17:06:57.8531743Z"
}.
[2026-10-08 17:06:57Z INFO StepsRunner] No need for updating job result with current step result 'Succeeded'.
[2026-10-08 17:06:57Z INFO StepsRunner] Current state: job state = ''
[2026-10-08 17:06:57Z INFO StepsRunner] Processing step: DisplayName='Validar entorno de producción'
[2026-10-08 17:06:57Z INFO StepsRunner] Evaluating: success()
[2026-10-08 17:06:57Z INFO StepsRunner] Result: true
[2026-10-08 17:06:57Z INFO StepsRunner] Starting the step.
[2026-10-08 17:06:57Z INFO HostContext] Well known directory 'Bin': 'C:\Users\neo_o\Desktop\Github Practicas\Users\actions-runner\bin'
[2026-10-08 17:06:57Z INFO HostContext] Well known directory 'Root': 'C:\Users\neo_o\Desktop\Github Practicas\Users\actions-runner'
[2026-10-08 17:06:57Z INFO HostContext] Well known directory 'Work': 'C:\Users\neo_o\Desktop\Github Practicas\Users\actions-runner\_work'
[2026-10-08 17:06:57Z INFO StepsRunner] Which2: 'chcp'
[2026-10-08 17:06:57Z INFO StepsRunner] Location: 'C:\Windows\System32\chcp.COM'
[2026-10-08 17:06:57Z INFO ProcessInvokerWrapper] Starting process:
[2026-10-08 17:06:57Z INFO ProcessInvokerWrapper]   File name: 'C:\Windows\System32\chcp.COM'
[2026-10-08 17:06:57Z INFO ProcessInvokerWrapper]   Arguments: '65001'
[2026-10-08 17:06:57Z INFO ProcessInvokerWrapper]   Working directory: 'C:\Users\neo_o\Desktop\Github Practicas\Users\actions-runner\_work'
[2026-10-08 17:06:57Z INFO ProcessInvokerWrapper]   Require exit code zero: 'False'
[2026-10-08 17:06:57Z INFO ProcessInvokerWrapper]   Encoding web name:  ; code page: ''
[2026-10-08 17:06:57Z INFO ProcessInvokerWrapper]   Force kill process on cancellation: 'False'
[2026-10-08 17:06:57Z INFO ProcessInvokerWrapper]   Redirected STDIN: 'False'
[2026-10-08 17:06:57Z INFO ProcessInvokerWrapper]   Persist current code page: 'True'
[2026-10-08 17:06:57Z INFO ProcessInvokerWrapper]   Keep redirected STDIN open: 'False'
[2026-10-08 17:06:57Z INFO ProcessInvokerWrapper]   High priority process: 'False'
[2026-10-08 17:06:57Z INFO ProcessInvokerWrapper] Process started with process id 23848, waiting for process exit.
[2026-10-08 17:06:57Z INFO ProcessInvokerWrapper] STDOUT/STDERR stream read finished.
[2026-10-08 17:06:57Z INFO ProcessInvokerWrapper] STDOUT/STDERR stream read finished.
[2026-10-08 17:06:57Z INFO ProcessInvokerWrapper] Finished process 23848 with exit code 0, and elapsed time 00:00:00.0059762.
[2026-10-08 17:06:57Z INFO StepsRunner] Successfully returned to code page 65001 (UTF8)
[2026-10-08 17:06:57Z INFO HostContext] Well known directory 'Bin': 'C:\Users\neo_o\Desktop\Github Practicas\Users\actions-runner\bin'
[2026-10-08 17:06:57Z INFO HostContext] Well known directory 'Root': 'C:\Users\neo_o\Desktop\Github Practicas\Users\actions-runner'
[2026-10-08 17:06:57Z INFO HostContext] Well known directory 'Work': 'C:\Users\neo_o\Desktop\Github Practicas\Users\actions-runner\_work'
[2026-10-08 17:06:57Z INFO HostContext] Well known directory 'Temp': 'C:\Users\neo_o\Desktop\Github Practicas\Users\actions-runner\_work\_temp'
[2026-10-08 17:06:57Z INFO ExecutionContext] Write event payload to C:\Users\neo_o\Desktop\Github Practicas\Users\actions-runner\_work\_temp\_github_workflow\event.json
[2026-10-08 17:06:57Z INFO HostContext] Well known directory 'Bin': 'C:\Users\neo_o\Desktop\Github Practicas\Users\actions-runner\bin'
[2026-10-08 17:06:57Z INFO HostContext] Well known directory 'Root': 'C:\Users\neo_o\Desktop\Github Practicas\Users\actions-runner'
[2026-10-08 17:06:57Z INFO HostContext] Well known directory 'Work': 'C:\Users\neo_o\Desktop\Github Practicas\Users\actions-runner\_work'
[2026-10-08 17:06:57Z INFO HostContext] Well known directory 'Temp': 'C:\Users\neo_o\Desktop\Github Practicas\Users\actions-runner\_work\_temp'
[2026-10-08 17:06:57Z INFO ExtensionManager] Getting extensions for interface: 'GitHub.Runner.Worker.IFileCommandExtension'
[2026-10-08 17:06:57Z INFO ArtifactsListFileCommand] Wrote $GITHUB_ARTIFACTS_LIST with 0 subject(s) to 'C:\Users\neo_o\Desktop\Github Practicas\Users\actions-runner\_work\_temp\_runner_file_commands\artifacts_list_deff71ee-54e9-41d3-8ad5-2424b2edfcd1'
[2026-10-08 17:06:57Z INFO ExtensionManager] Getting extensions for interface: 'GitHub.Runner.Worker.IActionCommandExtension'
[2026-10-08 17:06:57Z INFO ActionCommandManager] Register action command extension for command internal-set-repo-path
[2026-10-08 17:06:57Z INFO ActionCommandManager] Register action command extension for command set-env
[2026-10-08 17:06:57Z INFO ActionCommandManager] Register action command extension for command set-output
[2026-10-08 17:06:57Z INFO ActionCommandManager] Register action command extension for command save-state
[2026-10-08 17:06:57Z INFO ActionCommandManager] Register action command extension for command add-path
[2026-10-08 17:06:57Z INFO ActionCommandManager] Register action command extension for command add-mask
[2026-10-08 17:06:57Z INFO ActionCommandManager] Register action command extension for command add-matcher
[2026-10-08 17:06:57Z INFO ActionCommandManager] Register action command extension for command remove-matcher
[2026-10-08 17:06:57Z INFO ActionCommandManager] Register action command extension for command warning
[2026-10-08 17:06:57Z INFO ActionCommandManager] Register action command extension for command error
[2026-10-08 17:06:57Z INFO ActionCommandManager] Register action command extension for command notice
[2026-10-08 17:06:57Z INFO ActionCommandManager] Register action command extension for command debug
[2026-10-08 17:06:57Z INFO ActionCommandManager] Register action command extension for command group
[2026-10-08 17:06:57Z INFO ActionCommandManager] Register action command extension for command endgroup
[2026-10-08 17:06:57Z INFO ActionCommandManager] Register action command extension for command echo
[2026-10-08 17:06:57Z INFO ScriptHandler] Which2: 'pwsh'
[2026-10-08 17:06:57Z INFO ScriptHandler] pwsh: command not found. Make sure 'pwsh' is installed and its location included in the 'Path' environment variable.
[2026-10-08 17:06:57Z INFO ScriptHandler] Defaulting to powershell
[2026-10-08 17:06:57Z INFO ScriptHandler] Which2: 'powershell'
[2026-10-08 17:06:57Z INFO ScriptHandler] Location: 'C:\Windows\System32\WindowsPowerShell\v1.0\powershell.EXE'
[2026-10-08 17:06:57Z INFO HostContext] Well known directory 'Bin': 'C:\Users\neo_o\Desktop\Github Practicas\Users\actions-runner\bin'
[2026-10-08 17:06:57Z INFO HostContext] Well known directory 'Root': 'C:\Users\neo_o\Desktop\Github Practicas\Users\actions-runner'
[2026-10-08 17:06:57Z INFO HostContext] Well known directory 'Work': 'C:\Users\neo_o\Desktop\Github Practicas\Users\actions-runner\_work'
[2026-10-08 17:06:57Z INFO HostContext] Well known directory 'Temp': 'C:\Users\neo_o\Desktop\Github Practicas\Users\actions-runner\_work\_temp'
[2026-10-08 17:06:57Z INFO ScriptHandler] Which2: 'pwsh'
[2026-10-08 17:06:57Z INFO ScriptHandler] pwsh: command not found. Make sure 'pwsh' is installed and its location included in the 'Path' environment variable.
[2026-10-08 17:06:57Z INFO ScriptHandler] Defaulting to powershell
[2026-10-08 17:06:57Z INFO ScriptHandler] Which2: 'powershell'
[2026-10-08 17:06:57Z INFO ScriptHandler] Location: 'C:\Windows\System32\WindowsPowerShell\v1.0\powershell.EXE'
[2026-10-08 17:06:57Z INFO ProcessInvokerWrapper] Starting process:
[2026-10-08 17:06:57Z INFO ProcessInvokerWrapper]   File name: 'C:\Windows\System32\WindowsPowerShell\v1.0\powershell.EXE'
[2026-10-08 17:06:57Z INFO ProcessInvokerWrapper]   Arguments: '-command ". 'C:\Users\neo_o\Desktop\Github Practicas\Users\actions-runner\_work\_temp\15f76694-84b0-4a4a-8b37-4e32fd77978e.ps1'"'
[2026-10-08 17:06:57Z INFO ProcessInvokerWrapper]   Working directory: 'C:\Users\neo_o\Desktop\Github Practicas\Users\actions-runner\_work\Colaborative\Colaborative'
[2026-10-08 17:06:57Z INFO ProcessInvokerWrapper]   Require exit code zero: 'False'
[2026-10-08 17:06:57Z INFO ProcessInvokerWrapper]   Encoding web name:  ; code page: ''
[2026-10-08 17:06:57Z INFO ProcessInvokerWrapper]   Force kill process on cancellation: 'False'
[2026-10-08 17:06:57Z INFO ProcessInvokerWrapper]   Redirected STDIN: 'False'
[2026-10-08 17:06:57Z INFO ProcessInvokerWrapper]   Persist current code page: 'True'
[2026-10-08 17:06:57Z INFO ProcessInvokerWrapper]   Keep redirected STDIN open: 'False'
[2026-10-08 17:06:57Z INFO ProcessInvokerWrapper]   High priority process: 'False'
[2026-10-08 17:06:57Z INFO ProcessInvokerWrapper] Process started with process id 6844, waiting for process exit.
[2026-10-08 17:06:58Z INFO JobServerQueue] Try to append 1 batches web console lines for record '0097ef38-04a7-4c5e-a266-6a0252ec5897', success rate: 1/1.
[2026-10-08 17:06:58Z INFO ProcessInvokerWrapper] STDOUT/STDERR stream read finished.
[2026-10-08 17:06:58Z INFO ProcessInvokerWrapper] STDOUT/STDERR stream read finished.
[2026-10-08 17:06:58Z INFO ProcessInvokerWrapper] Finished process 6844 with exit code 1, and elapsed time 00:00:00.2051958.
[2026-10-08 17:06:58Z INFO CreateStepSummaryCommand] Step Summary file (C:\Users\neo_o\Desktop\Github Practicas\Users\actions-runner\_work\_temp\_runner_file_commands\step_summary_deff71ee-54e9-41d3-8ad5-2424b2edfcd1) is empty; skipping attachment upload
[2026-10-08 17:06:58Z INFO CreateArtifactsFileCommand] Processing $GITHUB_ARTIFACTS file 'C:\Users\neo_o\Desktop\Github Practicas\Users\actions-runner\_work\_temp\_runner_file_commands\artifacts_deff71ee-54e9-41d3-8ad5-2424b2edfcd1'
[2026-10-08 17:06:58Z INFO CreateArtifactsFileCommand] $GITHUB_ARTIFACTS file is empty; nothing to process.
[2026-10-08 17:06:58Z INFO StepsRunner] Step result: Failed
[2026-10-08 17:06:58Z INFO ExecutionContext] Publish step telemetry for current step {
  "action": "powershell",
  "type": "run",
  "stage": "Main",
  "stepId": "0097ef38-04a7-4c5e-a266-6a0252ec5897",
  "stepContextName": "__run",
  "result": "failed",
  "errorMessages": [
    "Process completed with exit code 1."
  ],
  "executionTimeInSeconds": 1,
  "startTime": "2026-10-08T17:06:57.854293Z",
  "finishTime": "2026-10-08T17:06:58.0883399Z"
}.
[2026-10-08 17:06:58Z INFO StepsRunner] Update job result with current step result 'Failed'.
[2026-10-08 17:06:58Z INFO StepsRunner] Current state: job state = 'Failed'
[2026-10-08 17:06:58Z INFO StepsRunner] Processing step: DisplayName='Post Run actions/checkout@v4'
[2026-10-08 17:06:58Z INFO StepsRunner] Evaluating: always()
[2026-10-08 17:06:58Z INFO StepsRunner] Result: true
[2026-10-08 17:06:58Z INFO StepsRunner] Starting the step.
[2026-10-08 17:06:58Z INFO HostContext] Well known directory 'Bin': 'C:\Users\neo_o\Desktop\Github Practicas\Users\actions-runner\bin'
[2026-10-08 17:06:58Z INFO HostContext] Well known directory 'Root': 'C:\Users\neo_o\Desktop\Github Practicas\Users\actions-runner'
[2026-10-08 17:06:58Z INFO HostContext] Well known directory 'Work': 'C:\Users\neo_o\Desktop\Github Practicas\Users\actions-runner\_work'
[2026-10-08 17:06:58Z INFO StepsRunner] Which2: 'chcp'
[2026-10-08 17:06:58Z INFO StepsRunner] Location: 'C:\Windows\System32\chcp.COM'
[2026-10-08 17:06:58Z INFO ProcessInvokerWrapper] Starting process:
[2026-10-08 17:06:58Z INFO ProcessInvokerWrapper]   File name: 'C:\Windows\System32\chcp.COM'
[2026-10-08 17:06:58Z INFO ProcessInvokerWrapper]   Arguments: '65001'
[2026-10-08 17:06:58Z INFO ProcessInvokerWrapper]   Working directory: 'C:\Users\neo_o\Desktop\Github Practicas\Users\actions-runner\_work'
[2026-10-08 17:06:58Z INFO ProcessInvokerWrapper]   Require exit code zero: 'False'
[2026-10-08 17:06:58Z INFO ProcessInvokerWrapper]   Encoding web name:  ; code page: ''
[2026-10-08 17:06:58Z INFO ProcessInvokerWrapper]   Force kill process on cancellation: 'False'
[2026-10-08 17:06:58Z INFO ProcessInvokerWrapper]   Redirected STDIN: 'False'
[2026-10-08 17:06:58Z INFO ProcessInvokerWrapper]   Persist current code page: 'True'
[2026-10-08 17:06:58Z INFO ProcessInvokerWrapper]   Keep redirected STDIN open: 'False'
[2026-10-08 17:06:58Z INFO ProcessInvokerWrapper]   High priority process: 'False'
[2026-10-08 17:06:58Z INFO ProcessInvokerWrapper] Process started with process id 14936, waiting for process exit.
[2026-10-08 17:06:58Z INFO ProcessInvokerWrapper] STDOUT/STDERR stream read finished.
[2026-10-08 17:06:58Z INFO ProcessInvokerWrapper] STDOUT/STDERR stream read finished.
[2026-10-08 17:06:58Z INFO ProcessInvokerWrapper] Finished process 14936 with exit code 0, and elapsed time 00:00:00.0061398.
[2026-10-08 17:06:58Z INFO StepsRunner] Successfully returned to code page 65001 (UTF8)
[2026-10-08 17:06:58Z INFO HostContext] Well known directory 'Bin': 'C:\Users\neo_o\Desktop\Github Practicas\Users\actions-runner\bin'
[2026-10-08 17:06:58Z INFO HostContext] Well known directory 'Root': 'C:\Users\neo_o\Desktop\Github Practicas\Users\actions-runner'
[2026-10-08 17:06:58Z INFO HostContext] Well known directory 'Work': 'C:\Users\neo_o\Desktop\Github Practicas\Users\actions-runner\_work'
[2026-10-08 17:06:58Z INFO HostContext] Well known directory 'Actions': 'C:\Users\neo_o\Desktop\Github Practicas\Users\actions-runner\_work\_actions'
[2026-10-08 17:06:58Z INFO ActionManager] Load action that reference repository from 'C:\Users\neo_o\Desktop\Github Practicas\Users\actions-runner\_work\_actions\actions\checkout\v4'
[2026-10-08 17:06:58Z INFO HostContext] Well known directory 'Bin': 'C:\Users\neo_o\Desktop\Github Practicas\Users\actions-runner\bin'
[2026-10-08 17:06:58Z INFO HostContext] Well known directory 'Root': 'C:\Users\neo_o\Desktop\Github Practicas\Users\actions-runner'
[2026-10-08 17:06:58Z INFO HostContext] Well known directory 'Work': 'C:\Users\neo_o\Desktop\Github Practicas\Users\actions-runner\_work'
[2026-10-08 17:06:58Z INFO HostContext] Well known directory 'Actions': 'C:\Users\neo_o\Desktop\Github Practicas\Users\actions-runner\_work\_actions'
[2026-10-08 17:06:58Z INFO ActionManifestManagerLegacy] Loaded action.yml file: {
  "name": "Checkout",
  "description": "Checkout a Git repository at a particular version",
  "inputs": {
    "type": 2,
    "map": [
      {
        "key": {
          "type": 0,
          "file": 2,
          "line": 4,
          "col": 3,
          "lit": "repository"
        },
        "value": {
          "type": 3,
          "file": 2,
          "line": 6,
          "col": 14,
          "expr": "github.repository"
        }
      },
      {
        "key": {
          "type": 0,
          "file": 2,
          "line": 7,
          "col": 3,
          "lit": "ref"
        },
        "value": ""
      },
      {
        "key": {
          "type": 0,
          "file": 2,
          "line": 12,
          "col": 3,
          "lit": "token"
        },
        "value": {
          "type": 3,
          "file": 2,
          "line": 24,
          "col": 14,
          "expr": "github.token"
        }
      },
      {
        "key": {
          "type": 0,
          "file": 2,
          "line": 25,
          "col": 3,
          "lit": "ssh-key"
        },
        "value": ""
      },
      {
        "key": {
          "type": 0,
          "file": 2,
          "line": 37,
          "col": 3,
          "lit": "ssh-known-hosts"
        },
        "value": ""
      },
      {
        "key": {
          "type": 0,
          "file": 2,
          "line": 42,
          "col": 3,
          "lit": "ssh-strict"
        },
        "value": {
          "type": 0,
          "file": 2,
          "line": 47,
          "col": 14,
          "lit": "true"
        }
      },
      {
        "key": {
          "type": 0,
          "file": 2,
          "line": 48,
          "col": 3,
          "lit": "ssh-user"
        },
        "value": {
          "type": 0,
          "file": 2,
          "line": 51,
          "col": 14,
          "lit": "git"
        }
      },
      {
        "key": {
          "type": 0,
          "file": 2,
          "line": 52,
          "col": 3,
          "lit": "persist-credentials"
        },
        "value": {
          "type": 0,
          "file": 2,
          "line": 54,
          "col": 14,
          "lit": "true"
        }
      },
      {
        "key": {
          "type": 0,
          "file": 2,
          "line": 55,
          "col": 3,
          "lit": "path"
        },
        "value": ""
      },
      {
        "key": {
          "type": 0,
          "file": 2,
          "line": 57,
          "col": 3,
          "lit": "clean"
        },
        "value": {
          "type": 0,
          "file": 2,
          "line": 59,
          "col": 14,
          "lit": "true"
        }
      },
      {
        "key": {
          "type": 0,
          "file": 2,
          "line": 60,
          "col": 3,
          "lit": "filter"
        },
        "value": {
          "type": 0,
          "file": 2,
          "line": 64,
          "col": 14,
          "lit": ""
        }
      },
      {
        "key": {
          "type": 0,
          "file": 2,
          "line": 65,
          "col": 3,
          "lit": "sparse-checkout"
        },
        "value": {
          "type": 0,
          "file": 2,
          "line": 69,
          "col": 14,
          "lit": ""
        }
      },
      {
        "key": {
          "type": 0,
          "file": 2,
          "line": 70,
          "col": 3,
          "lit": "sparse-checkout-cone-mode"
        },
        "value": {
          "type": 0,
          "file": 2,
          "line": 73,
          "col": 14,
          "lit": "true"
        }
      },
      {
        "key": {
          "type": 0,
          "file": 2,
          "line": 74,
          "col": 3,
          "lit": "fetch-depth"
        },
        "value": {
          "type": 0,
          "file": 2,
          "line": 76,
          "col": 14,
          "lit": "1"
        }
      },
      {
        "key": {
          "type": 0,
          "file": 2,
          "line": 77,
          "col": 3,
          "lit": "fetch-tags"
        },
        "value": {
          "type": 0,
          "file": 2,
          "line": 79,
          "col": 14,
          "lit": "false"
        }
      },
      {
        "key": {
          "type": 0,
          "file": 2,
          "line": 80,
          "col": 3,
          "lit": "show-progress"
        },
        "value": {
          "type": 0,
          "file": 2,
          "line": 82,
          "col": 14,
          "lit": "true"
        }
      },
      {
        "key": {
          "type": 0,
          "file": 2,
          "line": 83,
          "col": 3,
          "lit": "lfs"
        },
        "value": {
          "type": 0,
          "file": 2,
          "line": 85,
          "col": 14,
          "lit": "false"
        }
      },
      {
        "key": {
          "type": 0,
          "file": 2,
          "line": 86,
          "col": 3,
          "lit": "submodules"
        },
        "value": {
          "type": 0,
          "file": 2,
          "line": 94,
          "col": 14,
          "lit": "false"
        }
      },
      {
        "key": {
          "type": 0,
          "file": 2,
          "line": 95,
          "col": 3,
          "lit": "set-safe-directory"
        },
        "value": {
          "type": 0,
          "file": 2,
          "line": 97,
          "col": 14,
          "lit": "true"
        }
      },
      {
        "key": {
          "type": 0,
          "file": 2,
          "line": 98,
          "col": 3,
          "lit": "github-server-url"
        },
        "value": ""
      },
      {
        "key": {
          "type": 0,
          "file": 2,
          "line": 101,
          "col": 3,
          "lit": "allow-unsafe-pr-checkout"
        },
        "value": {
          "type": 0,
          "file": 2,
          "line": 109,
          "col": 14,
          "lit": "false"
        }
      }
    ]
  },
  "execution": {
    "executionType": "nodeJS",
    "hasPre": false,
    "hasPost": true,
    "script": "dist/index.js",
    "pre": null,
    "post": "dist/index.js",
    "nodeVersion": "node20",
    "cleanupCondition": "always()",
    "initCondition": "always()"
  },
  "deprecated": null
}
[2026-10-08 17:06:58Z INFO ActionManager] Action pre node.js file: N/A.
[2026-10-08 17:06:58Z INFO ActionManager] Action node.js file: dist/index.js.
[2026-10-08 17:06:58Z INFO ActionManager] Action post node.js file: dist/index.js.
[2026-10-08 17:06:58Z INFO HostContext] Well known directory 'Bin': 'C:\Users\neo_o\Desktop\Github Practicas\Users\actions-runner\bin'
[2026-10-08 17:06:58Z INFO HostContext] Well known directory 'Root': 'C:\Users\neo_o\Desktop\Github Practicas\Users\actions-runner'
[2026-10-08 17:06:58Z INFO HostContext] Well known directory 'Work': 'C:\Users\neo_o\Desktop\Github Practicas\Users\actions-runner\_work'
[2026-10-08 17:06:58Z INFO HostContext] Well known directory 'Temp': 'C:\Users\neo_o\Desktop\Github Practicas\Users\actions-runner\_work\_temp'
[2026-10-08 17:06:58Z INFO ExecutionContext] Write event payload to C:\Users\neo_o\Desktop\Github Practicas\Users\actions-runner\_work\_temp\_github_workflow\event.json
[2026-10-08 17:06:58Z INFO HostContext] Well known directory 'Bin': 'C:\Users\neo_o\Desktop\Github Practicas\Users\actions-runner\bin'
[2026-10-08 17:06:58Z INFO HostContext] Well known directory 'Root': 'C:\Users\neo_o\Desktop\Github Practicas\Users\actions-runner'
[2026-10-08 17:06:58Z INFO HostContext] Well known directory 'Work': 'C:\Users\neo_o\Desktop\Github Practicas\Users\actions-runner\_work'
[2026-10-08 17:06:58Z INFO HostContext] Well known directory 'Temp': 'C:\Users\neo_o\Desktop\Github Practicas\Users\actions-runner\_work\_temp'
[2026-10-08 17:06:58Z INFO ExtensionManager] Getting extensions for interface: 'GitHub.Runner.Worker.IFileCommandExtension'
[2026-10-08 17:06:58Z INFO ArtifactsListFileCommand] Wrote $GITHUB_ARTIFACTS_LIST with 0 subject(s) to 'C:\Users\neo_o\Desktop\Github Practicas\Users\actions-runner\_work\_temp\_runner_file_commands\artifacts_list_4f08961d-c39a-4e16-8c27-518236985f6e'
[2026-10-08 17:06:58Z INFO ActionManifestManagerLegacy] Input 'repository': default value evaluate result: {
  "type": 0,
  "file": 2,
  "line": 6,
  "col": 14,
  "lit": "Alejfk/Colaborative"
}
[2026-10-08 17:06:58Z INFO ActionManifestManagerLegacy] Input 'ref': default value evaluate result: ""
[2026-10-08 17:06:58Z INFO ActionManifestManagerLegacy] Input 'token': default value evaluate result: {
  "type": 0,
  "file": 2,
  "line": 24,
  "col": 14,
  "lit": "***"
}
[2026-10-08 17:06:58Z INFO ActionManifestManagerLegacy] Input 'ssh-key': default value evaluate result: ""
[2026-10-08 17:06:58Z INFO ActionManifestManagerLegacy] Input 'ssh-known-hosts': default value evaluate result: ""
[2026-10-08 17:06:58Z INFO ActionManifestManagerLegacy] Input 'ssh-strict': default value evaluate result: {
  "type": 0,
  "file": 2,
  "line": 47,
  "col": 14,
  "lit": "true"
}
[2026-10-08 17:06:58Z INFO ActionManifestManagerLegacy] Input 'ssh-user': default value evaluate result: {
  "type": 0,
  "file": 2,
  "line": 51,
  "col": 14,
  "lit": "git"
}
[2026-10-08 17:06:58Z INFO ActionManifestManagerLegacy] Input 'persist-credentials': default value evaluate result: {
  "type": 0,
  "file": 2,
  "line": 54,
  "col": 14,
  "lit": "true"
}
[2026-10-08 17:06:58Z INFO ActionManifestManagerLegacy] Input 'path': default value evaluate result: ""
[2026-10-08 17:06:58Z INFO ActionManifestManagerLegacy] Input 'clean': default value evaluate result: {
  "type": 0,
  "file": 2,
  "line": 59,
  "col": 14,
  "lit": "true"
}
[2026-10-08 17:06:58Z INFO ActionManifestManagerLegacy] Input 'filter': default value evaluate result: {
  "type": 0,
  "file": 2,
  "line": 64,
  "col": 14,
  "lit": ""
}
[2026-10-08 17:06:58Z INFO ActionManifestManagerLegacy] Input 'sparse-checkout': default value evaluate result: {
  "type": 0,
  "file": 2,
  "line": 69,
  "col": 14,
  "lit": ""
}
[2026-10-08 17:06:58Z INFO ActionManifestManagerLegacy] Input 'sparse-checkout-cone-mode': default value evaluate result: {
  "type": 0,
  "file": 2,
  "line": 73,
  "col": 14,
  "lit": "true"
}
[2026-10-08 17:06:58Z INFO ActionManifestManagerLegacy] Input 'fetch-depth': default value evaluate result: {
  "type": 0,
  "file": 2,
  "line": 76,
  "col": 14,
  "lit": "1"
}
[2026-10-08 17:06:58Z INFO ActionManifestManagerLegacy] Input 'fetch-tags': default value evaluate result: {
  "type": 0,
  "file": 2,
  "line": 79,
  "col": 14,
  "lit": "false"
}
[2026-10-08 17:06:58Z INFO ActionManifestManagerLegacy] Input 'show-progress': default value evaluate result: {
  "type": 0,
  "file": 2,
  "line": 82,
  "col": 14,
  "lit": "true"
}
[2026-10-08 17:06:58Z INFO ActionManifestManagerLegacy] Input 'lfs': default value evaluate result: {
  "type": 0,
  "file": 2,
  "line": 85,
  "col": 14,
  "lit": "false"
}
[2026-10-08 17:06:58Z INFO ActionManifestManagerLegacy] Input 'submodules': default value evaluate result: {
  "type": 0,
  "file": 2,
  "line": 94,
  "col": 14,
  "lit": "false"
}
[2026-10-08 17:06:58Z INFO ActionManifestManagerLegacy] Input 'set-safe-directory': default value evaluate result: {
  "type": 0,
  "file": 2,
  "line": 97,
  "col": 14,
  "lit": "true"
}
[2026-10-08 17:06:58Z INFO ActionManifestManagerLegacy] Input 'github-server-url': default value evaluate result: ""
[2026-10-08 17:06:58Z INFO ActionManifestManagerLegacy] Input 'allow-unsafe-pr-checkout': default value evaluate result: {
  "type": 0,
  "file": 2,
  "line": 109,
  "col": 14,
  "lit": "false"
}
[2026-10-08 17:06:58Z INFO ExtensionManager] Getting extensions for interface: 'GitHub.Runner.Worker.IActionCommandExtension'
[2026-10-08 17:06:58Z INFO ActionCommandManager] Register action command extension for command internal-set-repo-path
[2026-10-08 17:06:58Z INFO ActionCommandManager] Register action command extension for command set-env
[2026-10-08 17:06:58Z INFO ActionCommandManager] Register action command extension for command set-output
[2026-10-08 17:06:58Z INFO ActionCommandManager] Register action command extension for command save-state
[2026-10-08 17:06:58Z INFO ActionCommandManager] Register action command extension for command add-path
[2026-10-08 17:06:58Z INFO ActionCommandManager] Register action command extension for command add-mask
[2026-10-08 17:06:58Z INFO ActionCommandManager] Register action command extension for command add-matcher
[2026-10-08 17:06:58Z INFO ActionCommandManager] Register action command extension for command remove-matcher
[2026-10-08 17:06:58Z INFO ActionCommandManager] Register action command extension for command warning
[2026-10-08 17:06:58Z INFO ActionCommandManager] Register action command extension for command error
[2026-10-08 17:06:58Z INFO ActionCommandManager] Register action command extension for command notice
[2026-10-08 17:06:58Z INFO ActionCommandManager] Register action command extension for command debug
[2026-10-08 17:06:58Z INFO ActionCommandManager] Register action command extension for command group
[2026-10-08 17:06:58Z INFO ActionCommandManager] Register action command extension for command endgroup
[2026-10-08 17:06:58Z INFO ActionCommandManager] Register action command extension for command echo
[2026-10-08 17:06:58Z INFO HostContext] Well known directory 'Bin': 'C:\Users\neo_o\Desktop\Github Practicas\Users\actions-runner\bin'
[2026-10-08 17:06:58Z INFO HostContext] Well known directory 'Root': 'C:\Users\neo_o\Desktop\Github Practicas\Users\actions-runner'
[2026-10-08 17:06:58Z INFO HostContext] Well known directory 'Externals': 'C:\Users\neo_o\Desktop\Github Practicas\Users\actions-runner\externals'
[2026-10-08 17:06:58Z INFO ProcessInvokerWrapper] Starting process:
[2026-10-08 17:06:58Z INFO ProcessInvokerWrapper]   File name: 'C:\Users\neo_o\Desktop\Github Practicas\Users\actions-runner\externals\node24\bin\node.exe'
[2026-10-08 17:06:58Z INFO ProcessInvokerWrapper]   Arguments: '"C:\Users\neo_o\Desktop\Github Practicas\Users\actions-runner\_work\_actions\actions\checkout\v4\dist/index.js"'
[2026-10-08 17:06:58Z INFO ProcessInvokerWrapper]   Working directory: 'C:\Users\neo_o\Desktop\Github Practicas\Users\actions-runner\_work\Colaborative\Colaborative'
[2026-10-08 17:06:58Z INFO ProcessInvokerWrapper]   Require exit code zero: 'False'
[2026-10-08 17:06:58Z INFO ProcessInvokerWrapper]   Encoding web name: utf-8 ; code page: '65001'
[2026-10-08 17:06:58Z INFO ProcessInvokerWrapper]   Force kill process on cancellation: 'False'
[2026-10-08 17:06:58Z INFO ProcessInvokerWrapper]   Redirected STDIN: 'False'
[2026-10-08 17:06:58Z INFO ProcessInvokerWrapper]   Persist current code page: 'True'
[2026-10-08 17:06:58Z INFO ProcessInvokerWrapper]   Keep redirected STDIN open: 'False'
[2026-10-08 17:06:58Z INFO ProcessInvokerWrapper]   High priority process: 'False'
[2026-10-08 17:06:58Z INFO ProcessInvokerWrapper] Process started with process id 23776, waiting for process exit.
[2026-10-08 17:06:58Z INFO ProcessInvokerWrapper] STDOUT/STDERR stream read finished.
[2026-10-08 17:06:58Z INFO ProcessInvokerWrapper] STDOUT/STDERR stream read finished.
[2026-10-08 17:06:58Z INFO ProcessInvokerWrapper] Finished process 23776 with exit code 0, and elapsed time 00:00:00.0962179.
[2026-10-08 17:06:58Z INFO CreateStepSummaryCommand] Step Summary file (C:\Users\neo_o\Desktop\Github Practicas\Users\actions-runner\_work\_temp\_runner_file_commands\step_summary_4f08961d-c39a-4e16-8c27-518236985f6e) is empty; skipping attachment upload
[2026-10-08 17:06:58Z INFO CreateArtifactsFileCommand] Processing $GITHUB_ARTIFACTS file 'C:\Users\neo_o\Desktop\Github Practicas\Users\actions-runner\_work\_temp\_runner_file_commands\artifacts_4f08961d-c39a-4e16-8c27-518236985f6e'
[2026-10-08 17:06:58Z INFO CreateArtifactsFileCommand] $GITHUB_ARTIFACTS file is empty; nothing to process.
[2026-10-08 17:06:58Z INFO StepsRunner] Step result: 
[2026-10-08 17:06:58Z INFO ExecutionContext] Publish step telemetry for current step {
  "action": "actions/checkout",
  "ref": "v4",
  "type": "node24",
  "stage": "Post",
  "stepId": "67571400-b332-4733-9445-39c10c494521",
  "result": "succeeded",
  "errorMessages": [],
  "executionTimeInSeconds": 1,
  "startTime": "2026-10-08T17:06:58.0918281Z",
  "finishTime": "2026-10-08T17:06:58.2101491Z"
}.
[2026-10-08 17:06:58Z INFO StepsRunner] No need for updating job result with current step result 'Succeeded'.
[2026-10-08 17:06:58Z INFO StepsRunner] Current state: job state = 'Failed'
[2026-10-08 17:06:58Z INFO JobRunner] Finalize job.
[2026-10-08 17:06:58Z INFO HostContext] Well known directory 'Bin': 'C:\Users\neo_o\Desktop\Github Practicas\Users\actions-runner\bin'
[2026-10-08 17:06:58Z INFO HostContext] Well known directory 'Root': 'C:\Users\neo_o\Desktop\Github Practicas\Users\actions-runner'
[2026-10-08 17:06:58Z INFO HostContext] Well known directory 'Diag': 'C:\Users\neo_o\Desktop\Github Practicas\Users\actions-runner\_diag'
[2026-10-08 17:06:58Z INFO HostContext] Well known directory 'Bin': 'C:\Users\neo_o\Desktop\Github Practicas\Users\actions-runner\bin'
[2026-10-08 17:06:58Z INFO HostContext] Well known directory 'Root': 'C:\Users\neo_o\Desktop\Github Practicas\Users\actions-runner'
[2026-10-08 17:06:58Z INFO HostContext] Well known directory 'Diag': 'C:\Users\neo_o\Desktop\Github Practicas\Users\actions-runner\_diag'
[2026-10-08 17:06:58Z INFO JobExtension] Initialize Env context
[2026-10-08 17:06:58Z INFO JobExtension] Initialize steps context
[2026-10-08 17:06:58Z INFO JobExtension] Total accessible running process: 256.
[2026-10-08 17:06:58Z INFO JobExtension] Inspecting process environment variables. PID: 18160 (dllhost)
[2026-10-08 17:06:58Z INFO JobExtension] Wait for all connectivity checks to finish.
[2026-10-08 17:06:58Z INFO JobExtension] Connectivity check result: {
  "endpointUrl": "https://broker.actions.githubusercontent.com/health",
  "endpointIPs": null,
  "startTime": "2026-10-08T17:06:22.908093Z",
  "statusCode": "http_OK",
  "requestId": "D968:47346:245BFE1:252B038:6AC7CD8A",
  "httpRequestDurationInMs": 346,
  "dnsResolutionDurationInMs": 0,
  "dnsError": null
}
[2026-10-08 17:06:58Z INFO JobExtension] Connectivity check result: {
  "endpointUrl": "https://token.actions.githubusercontent.com/ready",
  "endpointIPs": null,
  "startTime": "2026-10-08T17:06:22.9087819Z",
  "statusCode": "http_NoContent",
  "requestId": "D96A:111274:26F6DC:2D3126:6AC7CD8A",
  "httpRequestDurationInMs": 389,
  "dnsResolutionDurationInMs": 0,
  "dnsError": null
}
[2026-10-08 17:06:58Z INFO JobExtension] Connectivity check result: {
  "endpointUrl": "https://run.actions.githubusercontent.com/health",
  "endpointIPs": null,
  "startTime": "2026-10-08T17:06:22.9089166Z",
  "statusCode": "http_OK",
  "requestId": "D969:6CD7E:254A7F0:261A74D:6AC7CD8A",
  "httpRequestDurationInMs": 311,
  "dnsResolutionDurationInMs": 0,
  "dnsError": null
}
[2026-10-08 17:06:58Z INFO ExecutionContext] Publish step telemetry for current step {
  "action": "complete_job",
  "type": "runner",
  "stage": "Post",
  "stepId": "f52d7be3-c034-470b-a947-ec6a49c08ebc",
  "result": "succeeded",
  "errorMessages": [
    "Node.js 20 is deprecated. The following actions target Node.js 20 but are being forced to run on Node.js 24: actions/checkout@v4. For more information see: https://github.blog/changelog/2025-09-19-deprecation-of-node-20-on-github-actions-runners/"
  ],
  "executionTimeInSeconds": 1,
  "startTime": "2026-10-08T17:06:58.2150345Z",
  "finishTime": "2026-10-08T17:06:58.2379119Z"
}.
[2026-10-08 17:06:58Z INFO JobRunner] Job result after all job steps finish: Failed
[2026-10-08 17:06:58Z INFO JobRunner] Completing the job execution context.
[2026-10-08 17:06:58Z INFO JobRunner] Shutting down the job server queue.
[2026-10-08 17:06:58Z INFO JobServerQueue] Fire signal to shutdown all queues.
[2026-10-08 17:06:58Z INFO JobServerQueue] All queue process task stopped.
[2026-10-08 17:06:58Z INFO JobServerQueue] Try to append 1 batches web console lines for record '0097ef38-04a7-4c5e-a266-6a0252ec5897', success rate: 1/1.
[2026-10-08 17:06:58Z INFO JobServerQueue] Try to append 1 batches web console lines for record '67571400-b332-4733-9445-39c10c494521', success rate: 1/1.
[2026-10-08 17:06:58Z INFO JobServerQueue] Try to append 1 batches web console lines for record 'f52d7be3-c034-470b-a947-ec6a49c08ebc', success rate: 1/1.
[2026-10-08 17:06:58Z INFO JobServerQueue] Web console line queue drained.
[2026-10-08 17:06:58Z INFO JobServerQueue] Uploading 5 files in one shot.
[2026-10-08 17:06:58Z INFO JobServerQueue] Try to upload 5 log files or attachments, success rate: 5/5.
[2026-10-08 17:06:58Z INFO JobServerQueue] File upload queue drained.
[2026-10-08 17:06:58Z INFO JobServerQueue] Starting results-based upload queue...
[2026-10-08 17:06:58Z INFO JobServerQueue] Uploading 5 file(s) in one shot through results service.
[2026-10-08 17:06:58Z INFO JobServerQueue] Got a step log file to send to results service.
[2026-10-08 17:06:58Z INFO JobServerQueue] Starting upload of step log file to results service ResultsLog, C:\Users\neo_o\Desktop\Github Practicas\Users\actions-runner\_diag\blocks\6fee89c1-a9a9-86d8-b4c9-c27c25434ddc_a55ea9be-7e6a-48ff-a880-0563163999b3.1
[2026-10-08 17:06:59Z INFO JobServerQueue] Got a step log file to send to results service.
[2026-10-08 17:06:59Z INFO JobServerQueue] Starting upload of step log file to results service ResultsLog, C:\Users\neo_o\Desktop\Github Practicas\Users\actions-runner\_diag\blocks\6fee89c1-a9a9-86d8-b4c9-c27c25434ddc_0097ef38-04a7-4c5e-a266-6a0252ec5897.1
[2026-10-08 17:06:59Z INFO JobServerQueue] Got a step log file to send to results service.
[2026-10-08 17:06:59Z INFO JobServerQueue] Starting upload of step log file to results service ResultsLog, C:\Users\neo_o\Desktop\Github Practicas\Users\actions-runner\_diag\blocks\6fee89c1-a9a9-86d8-b4c9-c27c25434ddc_67571400-b332-4733-9445-39c10c494521.1
[2026-10-08 17:07:00Z INFO JobServerQueue] Got a step log file to send to results service.
[2026-10-08 17:07:00Z INFO JobServerQueue] Starting upload of step log file to results service ResultsLog, C:\Users\neo_o\Desktop\Github Practicas\Users\actions-runner\_diag\blocks\6fee89c1-a9a9-86d8-b4c9-c27c25434ddc_f52d7be3-c034-470b-a947-ec6a49c08ebc.1
[2026-10-08 17:07:00Z INFO JobServerQueue] Got a job log file to send to results service.
[2026-10-08 17:07:00Z INFO JobServerQueue] Starting upload of job log file to results service ResultsLog, C:\Users\neo_o\Desktop\Github Practicas\Users\actions-runner\_diag\blocks\6fee89c1-a9a9-86d8-b4c9-c27c25434ddc_dea87777-21a5-58b7-8ded-09e6fefbb4e3.1
[2026-10-08 17:07:01Z INFO JobServerQueue] Tried to upload 5 file(s) to results, success rate: 5/5.
[2026-10-08 17:07:01Z INFO JobServerQueue] Results upload queue drained.
[2026-10-08 17:07:01Z INFO JobServerQueue] Timeline update queue drained.
[2026-10-08 17:07:01Z INFO JobServerQueue] Disposing job server ...
[2026-10-08 17:07:01Z INFO JobServerQueue] Disposing results server ...
[2026-10-08 17:07:01Z INFO JobServerQueue] All queue process tasks have been stopped, and all queues are drained.
[2026-10-08 17:07:01Z INFO TempDirectoryManager] Cleaning runner temp folder: C:\Users\neo_o\Desktop\Github Practicas\Users\actions-runner\_work\_temp
[2026-10-08 17:07:01Z INFO HostContext] Well known directory 'Bin': 'C:\Users\neo_o\Desktop\Github Practicas\Users\actions-runner\bin'
[2026-10-08 17:07:01Z INFO HostContext] Well known directory 'Root': 'C:\Users\neo_o\Desktop\Github Practicas\Users\actions-runner'
[2026-10-08 17:07:01Z INFO HostContext] Well known directory 'Diag': 'C:\Users\neo_o\Desktop\Github Practicas\Users\actions-runner\_diag'
[2026-10-08 17:07:01Z INFO HostContext] Well known config file 'Telemetry': 'C:\Users\neo_o\Desktop\Github Practicas\Users\actions-runner\_diag\.telemetry'
[2026-10-08 17:07:01Z INFO JobRunner] Raising job completed against run service
[2026-10-08 17:07:01Z INFO Worker] Job completed.
